AlmaLinux/RockyLinux/RHEL 9 detected
Setting up the Key4hep software stack nightly build 2025-12-21 from CVMFS
Use the following command to reproduce the current environment: 

        source /cvmfs/sw-nightlies.hsf.org/key4hep/setup.sh -r 2025-12-21

Nightly builds are intended for testing and development, if you need a stable environment use the releases
If you have any issues, comments or requests, open an issue at https://github.com/key4hep/key4hep-spack/issues
Added /work/omunkombwe/k4RecTracker/install to the environment and removed any paths containing /k4rectracker/
Some variables may have to be updated manually to point to the local installation
PersistencyIO    INFO  +++ Set Streamer to dd4hep::OpaqueDataBlock
XMLLoader        INFO  +++ Processing XML file: file:/cvmfs/sw-nightlies.hsf.org/key4hep/releases/2025-12-21/x86_64-almalinux9-gcc14.2.0-opt/k4geo/b0087c8cbda29cc8c69172581b6df033c644d0cf_develop-pv6ukr/share/k4geo/FCCee/IDEA/compact/IDEA_o1_v03/IDEA_o1_v03.xml
DD4hep           WARN  ++ STD conditions NOT defined by client. NTP defaults taken.
Detector         INFO  *********** Created World volume with size: 2500 2500 2500
Compact          WARN  ++ Overwriting/updating Header structure is very dangerous. Try to avoid this.
Compact          WARN  ++     Header definition in: file:///cvmfs/sw-nightlies.hsf.org/key4hep/releases/2025-12-21/x86_64-almalinux9-gcc14.2.0-opt/k4geo/b0087c8cbda29cc8c69172581b6df033c644d0cf_develop-pv6ukr/share/k4geo/FCCee/IDEA/compact/IDEA_o1_v03/DectDimensions_IDEA_o1_v03.xml
VisAttr          INFO  +++ VXDVis Allocated a Color: r:19 g:7F b:7F, this will not save to a ROOT file
VisAttr          INFO  +++ HCALVis Allocated a Color: r:13 g:02 b:95, this will not save to a ROOT file
VisAttr          INFO  +++ LCALVis Allocated a Color: r:3F g:E0 b:CE, this will not save to a ROOT file
VisAttr          INFO  +++ QD0CoilOVis Allocated a Color: r:FF g:3F b:00, this will not save to a ROOT file
VisAttr          INFO  +++ CompSolVis Allocated a Color: r:7F g:7F b:00, this will not save to a ROOT file
VisAttr          INFO  +++ ColliVis Allocated a Color: r:B2 g:7F b:FF, this will not save to a ROOT file
VisAttr          INFO  +++ TantalumVis Allocated a Color: r:FF g:7F b:7F, this will not save to a ROOT file
VisAttr          INFO  +++ AirVis Allocated a Color: r:19 g:19 b:FF, this will not save to a ROOT file
VisAttr          INFO  +++ DRCTowerVis Allocated a Color: r:B2 g:66 b:19, this will not save to a ROOT file
VisAttr          INFO  +++ DRCCerenVis Allocated a Color: r:4C g:99 b:E5, this will not save to a ROOT file
VisAttr          INFO  +++ DRCScintVis Allocated a Color: r:FF g:CC b:19, this will not save to a ROOT file
VisAttr          INFO  +++ DRCCladVis Allocated a Color: r:00 g:7F b:7F, this will not save to a ROOT file
VisAttr          INFO  +++ DRCGlassVis Allocated a Color: r:00 g:19 b:E5, this will not save to a ROOT file
VisAttr          INFO  +++ DRCWaferVis Allocated a Color: r:00 g:E5 b:33, this will not save to a ROOT file
VisAttr          INFO  +++ DRCWorldVis Allocated a Color: r:E5 g:CC b:19, this will not save to a ROOT file
VisAttr          INFO  +++ Cu_vis Allocated a Color: r:CC g:7F b:33, this will not save to a ROOT file
VisAttr          INFO  +++ LCALInstrVis Allocated a Color: r:59 g:00 b:77, this will not save to a ROOT file
Compact          WARN  ++ Overwriting/updating Header structure is very dangerous. Try to avoid this.
Compact          WARN  ++     Header definition in: file:///cvmfs/sw-nightlies.hsf.org/key4hep/releases/2025-12-21/x86_64-almalinux9-gcc14.2.0-opt/k4geo/b0087c8cbda29cc8c69172581b6df033c644d0cf_develop-pv6ukr/share/k4geo/FCCee/MDI/compact/MDI_o1_v00/Beampipe_o4_v05.xml
VisAttr          INFO  +++ TubeVis Allocated a Color: r:FF g:B2 b:7F, this will not save to a ROOT file
Utilities        INFO  +++ setDetectorTypeFlags for detector: BeBeampipe not set.
DD4hep_Beampipe  INFO         0      90      10      10   10.35   10.35    0.35       0                tube_VertexInnerAlb     AlBeMet162
DD4hep_Beampipe  INFO         0      90   10.35   10.35   11.35   11.35       1       0                tube_VertexParaffin  LiquidNDecane
DD4hep_Beampipe  INFO         0      90   11.35   11.35    11.7    11.7    0.35       0                tube_VertexOuterAlb     AlBeMet162
DD4hep_Beampipe  INFO        90    1190      10    28.9      12    30.9       2       0                    tube_AlBeMet162     AlBeMet162
Compact          INFO  ++ Converted subdetector:BeBeampipe of type DD4hep_Beampipe_o1_v01 
Utilities        INFO  +++ setDetectorTypeFlags for detector: BeamPipe not set.
DD4hep_Beampipe  INFO         0      90   9.994   9.994   9.999   9.999   0.005       0               tube_VertexInnerGold           Gold
DD4hep_Beampipe  INFO        90    1190   9.994  28.894   9.999  28.899   0.005       0            tube_ConicalChamberGold           Gold
DD4hep_Beampipe  INFO      1190    1193      15      15    30.9    30.9    15.9       3              tube_SplitVacChambers         Copper
DD4hep_Beampipe  INFO      1193    6000      15      15      16      16       1       7          tube_DownStreamBeamPipe_1         Copper
DD4hep_Beampipe  INFO      1193    2070      15      15      16      16       1       6            tube_UpStreamBeamPipe_1         Copper
DD4hep_Beampipe  INFO      2070    2090      15      10      16   10.01       1       1            tube_UpStreamBeamPipe_2         Copper
DD4hep_Beampipe  INFO      2090    2110      10      10   10.01   10.01    0.01       1            tube_UpStreamBeamPipe_3         Copper
DD4hep_Beampipe  INFO      2110    2130      10      15   10.01      16    0.01       1            tube_UpStreamBeamPipe_4         Copper
DD4hep_Beampipe  INFO      2130    6000      15      15      16      16       1       1            tube_UpStreamBeamPipe_5         Copper
Compact          INFO  ++ Converted subdetector:BeamPipe of type DD4hep_Beampipe_o1_v01 
DD4hep_Mask      INFO      2070    2090  16.001  10.011  16.002  16.002   0.001       1     tube_UpStreamBeamPipe_SRmask_1       Tungsten       0 6.28319    none
DD4hep_Mask      INFO      2090    2110  10.011  10.011  16.002  16.002   5.991       1     tube_UpStreamBeamPipe_SRmask_2       Tungsten       0 6.28319    none
DD4hep_Mask      INFO      2110    2130  10.011  16.001  16.002  16.002   5.991       1     tube_UpStreamBeamPipe_SRmask_3       Tungsten       0 6.28319    none
Compact          INFO  ++ Converted subdetector:SynchRadMask of type DD4hep_Mask_o1_v01 
DD4hep_Mask      INFO      1195    2180    16.8    16.8  49.725    64.5  32.925       3                      tube_TaShield       Tungsten       0 6.28319    none
Compact          INFO  ++ Converted subdetector:BeamPipeShield of type DD4hep_Mask_o1_v01 
DD4hep_Mask      INFO       500  1191.4   19.89 33.0266   27.89 48.0266       8       0               tube_TaShieldTopPart       Tungsten 5.689770.593412    none
DD4hep_Mask      INFO       330     500   16.66   19.89   16.76   27.89     0.1       0              tube_TaShieldTopPart2       Tungsten 5.689770.593412    none
DD4hep_Mask      INFO       600  1191.4   21.79 33.0266   28.79 48.0266       7       0               tube_TaShieldFiller1       Tungsten0.593412 1.22173    none
DD4hep_Mask      INFO       600  1191.4   21.79 33.0266   28.79 48.0266       7       0               tube_TaShieldFiller2       Tungsten 5.07891 5.68977    none
Compact          INFO  ++ Converted subdetector:BeamPipeShield_noRot of type DD4hep_Mask_o1_v01 
Compact          WARN  ++ Overwriting/updating Header structure is very dangerous. Try to avoid this.
Compact          WARN  ++     Header definition in: file:///cvmfs/sw-nightlies.hsf.org/key4hep/releases/2025-12-21/x86_64-almalinux9-gcc14.2.0-opt/k4geo/b0087c8cbda29cc8c69172581b6df033c644d0cf_develop-pv6ukr/share/k4geo/FCCee/MDI/compact/MDI_o1_v00/BeamInstrumentation_o1_v01.xml
DD4hep_Mask      INFO      1230    2000     103     180     123     200      20       0                       tube_CompSolSolenoidMixture       0 6.28319    none
Compact          INFO  ++ Converted subdetector:CompSol of type DD4hep_Mask_o1_v01 
DD4hep_Mask      INFO      2000    2050      66      66     200     200     134       0                       tube_CompSolSolenoidMixture       0 6.28319    none
DD4hep_Mask      INFO      2050    5200     180     180     200     200      20       0                       tube_CompSolSolenoidMixture       0 6.28319    none
Compact          INFO  ++ Converted subdetector:ScreenSol of type DD4hep_Mask_o1_v01 
Compact          WARN  ++ Overwriting/updating Header structure is very dangerous. Try to avoid this.
Compact          WARN  ++     Header definition in: file:///cvmfs/sw-nightlies.hsf.org/key4hep/releases/2025-12-21/x86_64-almalinux9-gcc14.2.0-opt/k4geo/b0087c8cbda29cc8c69172581b6df033c644d0cf_develop-pv6ukr/share/k4geo/FCCee/IDEA/compact/IDEA_o1_v03/LumiCal_o1_v01.xml
dd4hep::Ref_t create_detector(dd4hep::Detector&, xml_h, dd4hep::SensitiveDetector)
Here is my LumiCal
 and this is the sensitive detector: 0x7ffc38dcc6e8
 The crossing angle is: 0.03 radian
Total Length 11.25 cm
Layer Thickness 0.45 cm
Compact          INFO  ++ Converted subdetector:LumiCal of type LumiCal_o1_v01 [calorimeter]
dd4hep::Ref_t create_detector(dd4hep::Detector&, xml_h, dd4hep::SensitiveDetector)
Here is my LumiCal
 and this is the sensitive detector: 0x7ffc38dcc6e8
 The crossing angle is: 0.03 radian
Total Length 11.25 cm
Layer Thickness 0.45 cm
Compact          INFO  ++ Converted subdetector:LumiCalInstrumentation of type LumiCal_o1_v01 [calorimeter]
dd4hep::Ref_t create_detector(dd4hep::Detector&, xml_h, dd4hep::SensitiveDetector)
Here is my LumiCal
 and this is the sensitive detector: 0x7ffc38dcc6e8
 The crossing angle is: 0.03 radian
Total Length 11.25 cm
Layer Thickness 0.45 cm
Compact          INFO  ++ Converted subdetector:LumiCalCooling of type LumiCal_o1_v01 [calorimeter]
dd4hep::Ref_t create_detector(dd4hep::Detector&, xml_h, dd4hep::SensitiveDetector)
Here is my LumiCal
 and this is the sensitive detector: 0x7ffc38dcc6e8
 The crossing angle is: 0.03 radian
Total Length 0.35 cm
Layer Thickness 0.35 cm
Compact          INFO  ++ Converted subdetector:LumiCalBackShield of type LumiCal_o1_v01 [calorimeter]
Compact          WARN  ++ Overwriting/updating Header structure is very dangerous. Try to avoid this.
Compact          WARN  ++     Header definition in: file:///cvmfs/sw-nightlies.hsf.org/key4hep/releases/2025-12-21/x86_64-almalinux9-gcc14.2.0-opt/k4geo/b0087c8cbda29cc8c69172581b6df033c644d0cf_develop-pv6ukr/share/k4geo/FCCee/IDEA/compact/IDEA_o1_v03/VertexComplete_IDEA_o1_v03.xml
VisAttr          INFO  +++ VTXGlueVis Allocated a Color: r:FF g:BF b:C9, this will not save to a ROOT file
VisAttr          INFO  +++ VTXIBTube Allocated a Color: r:3F g:3F b:33, this will not save to a ROOT file
Utilities        INFO  +++ setDetectorTypeFlags for detector: Vertex not set.
Compact          INFO  ++ Converted subdetector:Vertex of type DD4hep_SubdetectorAssembly 
VertexBarrel     INFO  Building of detector ...
VertexBarrel     INFO  Building of detector successfully completed
Compact          INFO  ++ Converted subdetector:VertexBarrel of type VertexBarrel_detailed_o1_v02 [tracker]
Utilities        INFO  +++ setDetectorTypeFlags for detector: VertexInnerBarrel_tube not set.
VertexInnerBarrel_tube INFO  Building of detector ...
VertexInnerBarrel_tube INFO  Building of detector successfully completed
Compact          INFO  ++ Converted subdetector:VertexInnerBarrel_tube of type VertexBarrel_detailed_o1_v02 [tracker]
VertexDisks      INFO  Building of detector ...
VertexDisks      INFO  Building of detector successfully completed.
Compact          INFO  ++ Converted subdetector:VertexDisks of type VertexEndcap_detailed_o1_v02 [tracker]
Utilities        INFO  +++ setDetectorTypeFlags for detector: VertexDisks_support not set.
VertexDisks_support INFO  Building of detector ...
VertexDisks_support INFO  Building of detector successfully completed
Compact          INFO  ++ Converted subdetector:VertexDisks_support of type VertexBarrel_detailed_o1_v02 [tracker]
VertexDisks      INFO  +++ Processing SurfaceInstaller for subdetector: 'VertexDisks'
DD4hep_GenericSurfaceInstallerPlugin: argument[1] = dimension = 2
DD4hep_GenericSurfaceInstallerPlugin: argument[2] = u_x = -1
DD4hep_GenericSurfaceInstallerPlugin: argument[3] = v_y = 1
DD4hep_GenericSurfaceInstallerPlugin: argument[4] = n_z = -1
DD4hep_GenericSurfaceInstallerPlugin: vectors: u( -1 , 0 , 0) v( 0 , 1 , 0) n( 0 , 0 , -1) o( 0 , 0 , 0) 
VisAttr          INFO  +++ dch_gas_vis Allocated a Color: r:E2 g:EE b:D8, this will not save to a ROOT file
VisAttr          INFO  +++ dch_vessel_vis Allocated a Color: r:F3 g:B0 b:83, this will not save to a ROOT file
VisAttr          INFO  +++ dch_cooling_vis Allocated a Color: r:FD g:E5 b:96, this will not save to a ROOT file
VisAttr          INFO  +++ dch_layer_vis1 Allocated a Color: r:7F g:E5 b:98, this will not save to a ROOT file
VisAttr          INFO  +++ dch_layer_vis3 Allocated a Color: r:7F g:7F b:FF, this will not save to a ROOT file
VisAttr          INFO  +++ dch_layer_vis4 Allocated a Color: r:00 g:7F b:FF, this will not save to a ROOT file
VisAttr          INFO  +++ dch_layer_vis7 Allocated a Color: r:FF g:7F b:FF, this will not save to a ROOT file
VisAttr          INFO  +++ dch_layer_vis10 Allocated a Color: r:7F g:FF b:7F, this will not save to a ROOT file
VisAttr          INFO  +++ dch_layer_vis16 Allocated a Color: r:00 g:7F b:36, this will not save to a ROOT file
VisAttr          INFO  +++ dch_layer_vis18 Allocated a Color: r:36 g:7F b:7F, this will not save to a ROOT file
VisAttr          INFO  +++ dch_vessel_bulk_vis Allocated a Color: r:EB g:00 b:00, this will not save to a ROOT file
	+ Total size of DCH database = 112
Compact          INFO  ++ Converted subdetector:DCH_v2 of type DriftChamber_o1_v02_T [tracker]
Compact          WARN  ++ Overwriting/updating Header structure is very dangerous. Try to avoid this.
Compact          WARN  ++     Header definition in: file:///cvmfs/sw-nightlies.hsf.org/key4hep/releases/2025-12-21/x86_64-almalinux9-gcc14.2.0-opt/k4geo/b0087c8cbda29cc8c69172581b6df033c644d0cf_develop-pv6ukr/share/k4geo/FCCee/IDEA/compact/IDEA_o1_v03/SiliconWrapper_o1_v03.xml
SiWrB            INFO  Building of detector ...
SiWrB            INFO  Building of detector successfully completed
Compact          INFO  ++ Converted subdetector:SiWrB of type VertexBarrel_detailed_o1_v02 [tracker]
SiWrD            INFO  Building of detector ...
SiWrD            INFO  Building of detector successfully completed.
Compact          INFO  ++ Converted subdetector:SiWrD of type VertexEndcap_detailed_o1_v02 [tracker]
SiWrD            INFO  +++ Processing SurfaceInstaller for subdetector: 'SiWrD'
DD4hep_GenericSurfaceInstallerPlugin: argument[1] = dimension = 2
DD4hep_GenericSurfaceInstallerPlugin: argument[2] = u_x = -1
DD4hep_GenericSurfaceInstallerPlugin: argument[3] = v_y = 1
DD4hep_GenericSurfaceInstallerPlugin: argument[4] = n_z = -1
DD4hep_GenericSurfaceInstallerPlugin: vectors: u( -1 , 0 , 0) v( 0 , 1 , 0) n( 0 , 0 , -1) o( 0 , 0 , 0) 
Compact          WARN  ++ Overwriting/updating Header structure is very dangerous. Try to avoid this.
Compact          WARN  ++     Header definition in: file:///cvmfs/sw-nightlies.hsf.org/key4hep/releases/2025-12-21/x86_64-almalinux9-gcc14.2.0-opt/k4geo/b0087c8cbda29cc8c69172581b6df033c644d0cf_develop-pv6ukr/share/k4geo/FCCee/IDEA/compact/IDEA_o1_v03/Solenoid_o1_v01.xml
VisAttr          INFO  +++ SolenoidBarrelLayerVis Allocated a Color: r:00 g:4C b:4C, this will not save to a ROOT file
VisAttr          INFO  +++ SolenoidCoilEndsVis Allocated a Color: r:00 g:E5 b:E5, this will not save to a ROOT file
Utilities        INFO  +++ setDetectorTypeFlags for detector: Solenoid not set.
Compact          INFO  ++ Converted subdetector:Solenoid of type DD4hep_SubdetectorAssembly 
Compact          INFO  ++ Converted subdetector:SolenoidBarrel of type DD4hep_Solenoid_o1_v01 
Compact          INFO  ++ Converted subdetector:SolenoidEndcaps of type DD4hep_DiskTracker 
Compact          WARN  ++ Overwriting/updating Header structure is very dangerous. Try to avoid this.
Compact          WARN  ++     Header definition in: file:///cvmfs/sw-nightlies.hsf.org/key4hep/releases/2025-12-21/x86_64-almalinux9-gcc14.2.0-opt/k4geo/b0087c8cbda29cc8c69172581b6df033c644d0cf_develop-pv6ukr/share/k4geo/FCCee/IDEA/compact/IDEA_o1_v03/EndPlateAbsorber_o1_v01.xml
Compact          INFO  ++ Converted subdetector:EndPlateAbsorber_positive of type SimpleCylinder_o1_v01 
Compact          INFO  ++ Converted subdetector:EndPlateAbsorber_negative of type SimpleCylinder_o1_v01 
Compact          WARN  ++ Overwriting/updating Header structure is very dangerous. Try to avoid this.
Compact          WARN  ++     Header definition in: file:///cvmfs/sw-nightlies.hsf.org/key4hep/releases/2025-12-21/x86_64-almalinux9-gcc14.2.0-opt/k4geo/b0087c8cbda29cc8c69172581b6df033c644d0cf_develop-pv6ukr/share/k4geo/FCCee/IDEA/compact/IDEA_o1_v03/Preshower_o1_v01.xml
Compact          INFO  ++ Converted subdetector:Preshower of type muonSystemMuRWELL_o1_v01 [tracker]
Preshower        INFO  +++ Processing SurfaceInstaller for subdetector: 'Preshower'
DD4hep_GenericSurfaceInstallerPlugin: argument[1] = dimension = 2
DD4hep_GenericSurfaceInstallerPlugin: argument[2] = u_y = 1
DD4hep_GenericSurfaceInstallerPlugin: argument[3] = v_z = 1
DD4hep_GenericSurfaceInstallerPlugin: argument[4] = n_x = 1
DD4hep_GenericSurfaceInstallerPlugin: vectors: u( 0 , 1 , 0) v( 0 , 0 , 1) n( 1 , 0 , 0) o( 0 , 0 , 0) 
Compact          WARN  ++ Overwriting/updating Header structure is very dangerous. Try to avoid this.
Compact          WARN  ++     Header definition in: file:///cvmfs/sw-nightlies.hsf.org/key4hep/releases/2025-12-21/x86_64-almalinux9-gcc14.2.0-opt/k4geo/b0087c8cbda29cc8c69172581b6df033c644d0cf_develop-pv6ukr/share/k4geo/FCCee/IDEA/compact/IDEA_o1_v03/FiberDualReadoutCalo_o1_v01.xml
Compact          INFO  ++ Converted subdetector:DRcalo of type FiberDualReadoutCalo_o1_v01 [DRcaloSiPMSD]
Compact          WARN  ++ Overwriting/updating Header structure is very dangerous. Try to avoid this.
Compact          WARN  ++     Header definition in: file:///cvmfs/sw-nightlies.hsf.org/key4hep/releases/2025-12-21/x86_64-almalinux9-gcc14.2.0-opt/k4geo/b0087c8cbda29cc8c69172581b6df033c644d0cf_develop-pv6ukr/share/k4geo/FCCee/IDEA/compact/IDEA_o1_v03/MuonSystem_o1_v01.xml
Compact          INFO  ++ Converted subdetector:Muon-System of type muonSystemMuRWELL_o1_v01 [tracker]
Muon-System      INFO  +++ Processing SurfaceInstaller for subdetector: 'Muon-System'
DD4hep_GenericSurfaceInstallerPlugin: argument[1] = dimension = 2
DD4hep_GenericSurfaceInstallerPlugin: argument[2] = u_y = 1
DD4hep_GenericSurfaceInstallerPlugin: argument[3] = v_z = 1
DD4hep_GenericSurfaceInstallerPlugin: argument[4] = n_x = 1
DD4hep_GenericSurfaceInstallerPlugin: vectors: u( 0 , 1 , 0) v( 0 , 0 , 1) n( 1 , 0 , 0) o( 0 , 0 , 0) 
Compact          INFO  ++ Converted field: Successfully created field GlobalSolenoid [solenoid]
Detector         INFO  +++ Patching names of anonymous shapes....
DD4hepVolumeManager INFO  **** running plugin DD4hepVolumeManager ! 
VolumeManager    INFO   - populating volume ids - be patient ...
VolumeManager    INFO   - populating volume ids - done. 80402 nodes.
VolumeManager    INFO  +++ Volume manager populated and loaded.
InstallSurfaceManager INFO  **** running plugin InstallSurfaceManager ! 
InstallSurfaceManager INFO  **** the map of surfaces will be created on first access ! 
DDG4             INFO +++ Imported 597 global values to namespace:DDG4
Geant4Kernel           OutputLevel:  2
Geant4Kernel           UI:           UI
Geant4Kernel           NumEvents:    10
DDG4             INFO +++  List of sensitive detectors:
Geant4Kernel           NumThreads:   0
DDG4             INFO +++  DCH_v2                           type:tracker       --> Sensitive type: ('Geant4TrackerWeightedAction', {'HitPositionCombination': 2, 'CollectSingleDeposits': False})
DDG4             INFO +++  DRcalo                           type:DRcaloSiPMSD  --> Sensitive type: Unknown
DDG4             INFO +++  LumiCal                          type:calorimeter   --> Sensitive type: Geant4ScintillatorCalorimeterAction
DDG4             INFO +++  LumiCalBackShield                type:calorimeter   --> Sensitive type: Geant4ScintillatorCalorimeterAction
DDG4             INFO +++  LumiCalCooling                   type:calorimeter   --> Sensitive type: Geant4ScintillatorCalorimeterAction
DDG4             INFO +++  LumiCalInstrumentation           type:calorimeter   --> Sensitive type: Geant4ScintillatorCalorimeterAction
DDG4             INFO +++  Muon-System                      type:tracker       --> Sensitive type: ('Geant4TrackerWeightedAction', {'HitPositionCombination': 2, 'CollectSingleDeposits': False})
DDG4             INFO +++  Preshower                        type:tracker       --> Sensitive type: ('Geant4TrackerWeightedAction', {'HitPositionCombination': 2, 'CollectSingleDeposits': False})
DDG4             INFO +++  SiWrB                            type:tracker       --> Sensitive type: ('Geant4TrackerWeightedAction', {'HitPositionCombination': 2, 'CollectSingleDeposits': False})
DDG4             INFO +++  SiWrD                            type:tracker       --> Sensitive type: ('Geant4TrackerWeightedAction', {'HitPositionCombination': 2, 'CollectSingleDeposits': False})
DDG4             INFO +++  VertexBarrel                     type:tracker       --> Sensitive type: ('Geant4TrackerWeightedAction', {'HitPositionCombination': 2, 'CollectSingleDeposits': False})
DDG4             INFO +++  VertexDisks                      type:tracker       --> Sensitive type: ('Geant4TrackerWeightedAction', {'HitPositionCombination': 2, 'CollectSingleDeposits': False})
DDG4             INFO +++  VertexDisks_support              type:tracker       --> Sensitive type: ('Geant4TrackerWeightedAction', {'HitPositionCombination': 2, 'CollectSingleDeposits': False})
DDG4             INFO +++  VertexInnerBarrel_tube           type:tracker       --> Sensitive type: ('Geant4TrackerWeightedAction', {'HitPositionCombination': 2, 'CollectSingleDeposits': False})
Geant4UI         INFO  +++ UI> Install Geant4 control directory:/ddg4/UI/
Geant4Kernel     INFO  ++ Registered global action UI of type dd4hep::sim::Geant4UIManager
Geant4UI         INFO  +++ MagFieldTrackingSetup> Install Geant4 control directory:/ddg4/MagFieldTrackingSetup/
Geant4UI         INFO  +++ DetectorConstructionAction> Install Geant4 control directory:/ddg4/DetectorConstructionAction/
Geant4UI         INFO  +++ ConstructSD> Install Geant4 control directory:/ddg4/ConstructSD/
Geant4Kernel     INFO  ++ Registered global action RunInit of type dd4hep::sim::Test::Geant4TestRunAction
Geant4UI         INFO  +++ RunAction> Install Geant4 control directory:/ddg4/RunAction/
DDSim.Helper.OutputConfig INFO ++++ Setting up UserPlugin for Output ++++
Geant4UI         INFO  +++ EventAction> Install Geant4 control directory:/ddg4/EventAction/
/ceph/omunkombwe/idea_o1_v03_gun/sim_mu_P50-120GeV_theta60deg_seed103_nev3.root INFO  Writer is now instantiated ...
DDSim            INFO ++++ Adding DD4hep Particle Gun ++++
DDSim            INFO Enabling the PrimaryHandler
Geant4UI         INFO  +++ /ceph/omunkombwe/idea_o1_v03_gun/sim_mu_P50-120GeV_theta60deg_seed103_nev3.root> Install Geant4 control directory:/ddg4//ceph/omunkombwe/idea_o1_v03_gun/sim_mu_P50-120GeV_theta60deg_seed103_nev3.root/
Geant4UI         INFO  +++ GeneratorAction> Install Geant4 control directory:/ddg4/GeneratorAction/
Geant4UI         INFO  +++ Gun> Install Geant4 control directory:/ddg4/Gun/
Geant4UI         INFO  +++ InteractionMerger> Install Geant4 control directory:/ddg4/InteractionMerger/
Geant4UI         INFO  +++ PrimaryHandler> Install Geant4 control directory:/ddg4/PrimaryHandler/
Geant4UI         INFO  +++ TrackingAction> Install Geant4 control directory:/ddg4/TrackingAction/
Geant4UI         INFO  +++ SteppingAction> Install Geant4 control directory:/ddg4/SteppingAction/
DDSim.Helper.ParticleHandler INFO  *** definition of tracker region *** 
DDSim.Helper.ParticleHandler INFO     tracker_region_zmin = -2250
DDSim.Helper.ParticleHandler INFO     tracker_region_zmax = 2250
DDSim.Helper.ParticleHandler INFO     tracker_region_rmax = 2015
DDSim.Helper.ParticleHandler INFO  ************************************ 
DDSim.Helper.Filter INFO ReqFilt {'edep1kev'}
DDSim            INFO getDetectorLists - found active detector DCH_v2 type: tracker
DDSim            INFO getDetectorLists - Identified DCH_v2 as a tracker
DDSim            INFO getDetectorLists - found active detector DRcalo type: DRcaloSiPMSD
DDSim            INFO getDetectorLists - Identified DRcalo as a calorimeter
DDSim            INFO getDetectorLists - found active detector LumiCal type: calorimeter
DDSim            INFO getDetectorLists - Identified LumiCal as a calorimeter
DDSim            INFO getDetectorLists - found active detector LumiCalBackShield type: calorimeter
DDSim            INFO getDetectorLists - Identified LumiCalBackShield as a calorimeter
DDSim            INFO getDetectorLists - found active detector LumiCalCooling type: calorimeter
DDSim            INFO getDetectorLists - Identified LumiCalCooling as a calorimeter
DDSim            INFO getDetectorLists - found active detector LumiCalInstrumentation type: calorimeter
DDSim            INFO getDetectorLists - Identified LumiCalInstrumentation as a calorimeter
DDSim            INFO getDetectorLists - found active detector Muon-System type: tracker
DDSim            INFO getDetectorLists - Identified Muon-System as a tracker
DDSim            INFO getDetectorLists - found active detector Preshower type: tracker
DDSim            INFO getDetectorLists - Identified Preshower as a tracker
DDSim            INFO getDetectorLists - found active detector SiWrB type: tracker
DDSim            INFO getDetectorLists - Identified SiWrB as a tracker
DDSim            INFO getDetectorLists - found active detector SiWrD type: tracker
DDSim            INFO getDetectorLists - Identified SiWrD as a tracker
DDSim            INFO getDetectorLists - found active detector VertexBarrel type: tracker
DDSim            INFO getDetectorLists - Identified VertexBarrel as a tracker
DDSim            INFO getDetectorLists - found active detector VertexDisks type: tracker
DDSim            INFO getDetectorLists - Identified VertexDisks as a tracker
DDSim            INFO getDetectorLists - found active detector VertexDisks_support type: tracker
DDSim            INFO getDetectorLists - Identified VertexDisks_support as a tracker
DDSim            INFO getDetectorLists - found active detector VertexInnerBarrel_tube type: tracker
DDSim            INFO getDetectorLists - Identified VertexInnerBarrel_tube as a tracker
DDSim            INFO Setting up SD for DCH_v2 with ('Geant4TrackerWeightedAction', {'HitPositionCombination': 2, 'CollectSingleDeposits': False})
Geant4UI         INFO  +++ ParticleHandler> Install Geant4 control directory:/ddg4/ParticleHandler/
Geant4UI         INFO  +++ DCH_v2> Install Geant4 control directory:/ddg4/DCH_v2/
DDSim.Helper.Filter INFO Adding default filter 'edep1kev' to sensitive detector for 'DCH_v2' 
DDSim            INFO Setting up SD for Muon-System with ('Geant4TrackerWeightedAction', {'HitPositionCombination': 2, 'CollectSingleDeposits': False})
Geant4UI         INFO  +++ DCH_v2Handler> Install Geant4 control directory:/ddg4/DCH_v2Handler/
Geant4UI         INFO  +++ Muon-System> Install Geant4 control directory:/ddg4/Muon-System/
DDSim.Helper.Filter INFO Adding default filter 'edep1kev' to sensitive detector for 'Muon-System' 
DDSim            INFO Setting up SD for Preshower with ('Geant4TrackerWeightedAction', {'HitPositionCombination': 2, 'CollectSingleDeposits': False})
Geant4UI         INFO  +++ Muon-SystemHandler> Install Geant4 control directory:/ddg4/Muon-SystemHandler/
Geant4UI         INFO  +++ Preshower> Install Geant4 control directory:/ddg4/Preshower/
DDSim.Helper.Filter INFO Adding default filter 'edep1kev' to sensitive detector for 'Preshower' 
DDSim            INFO Setting up SD for SiWrB with ('Geant4TrackerWeightedAction', {'HitPositionCombination': 2, 'CollectSingleDeposits': False})
Geant4UI         INFO  +++ PreshowerHandler> Install Geant4 control directory:/ddg4/PreshowerHandler/
Geant4UI         INFO  +++ SiWrB> Install Geant4 control directory:/ddg4/SiWrB/
DDSim.Helper.Filter INFO Adding default filter 'edep1kev' to sensitive detector for 'SiWrB' 
DDSim            INFO Setting up SD for SiWrD with ('Geant4TrackerWeightedAction', {'HitPositionCombination': 2, 'CollectSingleDeposits': False})
Geant4UI         INFO  +++ SiWrBHandler> Install Geant4 control directory:/ddg4/SiWrBHandler/
Geant4UI         INFO  +++ SiWrD> Install Geant4 control directory:/ddg4/SiWrD/
DDSim.Helper.Filter INFO Adding default filter 'edep1kev' to sensitive detector for 'SiWrD' 
DDSim            INFO Setting up SD for VertexBarrel with ('Geant4TrackerWeightedAction', {'HitPositionCombination': 2, 'CollectSingleDeposits': False})
Geant4UI         INFO  +++ SiWrDHandler> Install Geant4 control directory:/ddg4/SiWrDHandler/
Geant4UI         INFO  +++ VertexBarrel> Install Geant4 control directory:/ddg4/VertexBarrel/
DDSim.Helper.Filter INFO Adding default filter 'edep1kev' to sensitive detector for 'VertexBarrel' 
DDSim            INFO Setting up SD for VertexDisks with ('Geant4TrackerWeightedAction', {'HitPositionCombination': 2, 'CollectSingleDeposits': False})
Geant4UI         INFO  +++ VertexBarrelHandler> Install Geant4 control directory:/ddg4/VertexBarrelHandler/
Geant4UI         INFO  +++ VertexDisks> Install Geant4 control directory:/ddg4/VertexDisks/
DDSim.Helper.Filter INFO Adding default filter 'edep1kev' to sensitive detector for 'VertexDisks' 
DDSim            INFO Setting up SD for VertexDisks_support with ('Geant4TrackerWeightedAction', {'HitPositionCombination': 2, 'CollectSingleDeposits': False})
Geant4UI         INFO  +++ VertexDisksHandler> Install Geant4 control directory:/ddg4/VertexDisksHandler/
Geant4UI         INFO  +++ VertexDisks_support> Install Geant4 control directory:/ddg4/VertexDisks_support/
DDSim.Helper.Filter INFO Adding default filter 'edep1kev' to sensitive detector for 'VertexDisks_support' 
DDSim            INFO Setting up SD for VertexInnerBarrel_tube with ('Geant4TrackerWeightedAction', {'HitPositionCombination': 2, 'CollectSingleDeposits': False})
Geant4UI         INFO  +++ VertexDisks_supportHandler> Install Geant4 control directory:/ddg4/VertexDisks_supportHandler/
Geant4UI         INFO  +++ VertexInnerBarrel_tube> Install Geant4 control directory:/ddg4/VertexInnerBarrel_tube/
DDSim.Helper.Filter INFO Adding default filter 'edep1kev' to sensitive detector for 'VertexInnerBarrel_tube' 
DDSim            INFO Setting up SD for DRcalo with Geant4ScintillatorCalorimeterAction
DDSim            INFO        replace default action with : DRCaloSDAction
Geant4UI         INFO  +++ VertexInnerBarrel_tubeHandler> Install Geant4 control directory:/ddg4/VertexInnerBarrel_tubeHandler/
Geant4UI         INFO  +++ DRcalo> Install Geant4 control directory:/ddg4/DRcalo/
DDSim.Helper.Filter INFO Not adding any filter to sensitive detector for 'DRcalo' 
DDSim            INFO Setting up SD for LumiCal with Geant4ScintillatorCalorimeterAction
Geant4UI         INFO  +++ DRcaloHandler> Install Geant4 control directory:/ddg4/DRcaloHandler/
Geant4UI         INFO  +++ LumiCal> Install Geant4 control directory:/ddg4/LumiCal/
DDSim.Helper.Filter INFO Not adding any filter to sensitive detector for 'LumiCal' 
DDSim            INFO Setting up SD for LumiCalBackShield with Geant4ScintillatorCalorimeterAction
Geant4UI         INFO  +++ LumiCalHandler> Install Geant4 control directory:/ddg4/LumiCalHandler/
Geant4UI         INFO  +++ LumiCalBackShield> Install Geant4 control directory:/ddg4/LumiCalBackShield/
DDSim.Helper.Filter INFO Not adding any filter to sensitive detector for 'LumiCalBackShield' 
DDSim            INFO Setting up SD for LumiCalCooling with Geant4ScintillatorCalorimeterAction
Geant4UI         INFO  +++ LumiCalBackShieldHandler> Install Geant4 control directory:/ddg4/LumiCalBackShieldHandler/
Geant4UI         INFO  +++ LumiCalCooling> Install Geant4 control directory:/ddg4/LumiCalCooling/
DDSim.Helper.Filter INFO Not adding any filter to sensitive detector for 'LumiCalCooling' 
DDSim            INFO Setting up SD for LumiCalInstrumentation with Geant4ScintillatorCalorimeterAction
Geant4UI         INFO  +++ LumiCalCoolingHandler> Install Geant4 control directory:/ddg4/LumiCalCoolingHandler/
Geant4UI         INFO  +++ LumiCalInstrumentation> Install Geant4 control directory:/ddg4/LumiCalInstrumentation/
DDSim.Helper.Filter INFO Not adding any filter to sensitive detector for 'LumiCalInstrumentation' 
Geant4UI         INFO  +++ LumiCalInstrumentationHandler> Install Geant4 control directory:/ddg4/LumiCalInstrumentationHandler/
Geant4UI         INFO  +++ PhysicsList> Install Geant4 control directory:/ddg4/PhysicsList/
PhysicsList            +++ Dump of physics list component(s)
PhysicsList            +++ Extension name       FTFP_BERT
PhysicsList            +++ Transportation flag: 0
PhysicsList            +++ Program decays:      0
PhysicsList            +++ RangeCut:            0.700000
PhysicsList            +++ Verbosity:           1
Geant4UI         INFO  +++ CerenkovPhys> Install Geant4 control directory:/ddg4/CerenkovPhys/
Geant4UI         INFO  +++ OpticalGammaPhys> Install Geant4 control directory:/ddg4/OpticalGammaPhys/
 G4ChordFinder: stepperDriverId: 2
FieldSetup       INFO  Geant4 magnetic field tracking configured.
FieldSetup       INFO  G4MagIntegratorStepper:ClassicalRK4 G4Mag_EqRhs:Mag_UsualEqRhs
FieldSetup       INFO  Epsilon:[min:0.000050 mm max:0.001000 mm]
FieldSetup       INFO  Delta:[chord:0.250000 1-step:0.010000 intersect:0.001000] LargestStep 10000.000000 mm

**************************************************************
 Geant4 version Name: geant4-11-04 [MT]   (5-December-2025)
                       Copyright : Geant4 Collaboration
                      References : NIM A 506 (2003), 250-303
                                 : IEEE-TNS 53 (2006), 270-278
                                 : NIM A 835 (2016), 186-225
                             WWW : http://geant4.org/
**************************************************************

Geant4UI         INFO  +++ Geant4RunManager> Install Geant4 control directory:/ddg4/Geant4RunManager/
Geant4RunManager WARN  +++ Configured run manager of type: G4RunManager.
Geant4Kernel     WARN  +++ Multi-threaded mode requested, but not supported by this compilation of Geant4.
Geant4Kernel     WARN  +++ Falling back to single threaded mode.
G4PhysListFactory::GetReferencePhysList <FTFP_BERT>
<<< Geant4 Physics List simulation engine: FTFP_BERT


Myphysics        INFO  Registered Geant4 physics constructor G4StepLimiterPhysics to physics list
UserInitialization INFO  +++ Executing Geant4UserActionInitialization::Build. Context:0x3d505f10 Kernel:0x3d4a6b50 [-1]
SignalHandler    INFO  ++ Re-apply signal handlers
Geant4Converter  INFO  +++  Successfully converted geometry to Geant4. [186.448 seconds]
Geant4UI         INFO  +++ ConstructGeo> Install Geant4 control directory:/ddg4/ConstructGeo/
defineCollection Geant4DRCalorimeter readout_name   : DRcaloSiPMreadout
defineCollection Geant4DRCalorimeter m_collectionID : 0
defineCollection Geant4Calorimeter readout_name   : DRcaloSiPMreadout_scint
defineCollection Geant4Calorimeter m_collectionID : 1
ConstrSDRegEx_0_DRcalo INFO  +++ Subdetector: DRcalo                            type: Geant4SensDet.
ConstrSDRegEx_0_DRcalo INFO  DRcalo Starting to scan volume....
ConstrSDRegEx_0_DRcalo INFO  DRcalo Handled 580482 nodes with 580482 sensitive volume type(s). Total of  84.456 seconds.

 hInelastic FTFP_BERT : threshold between BERT and FTFP is over the interval 
 for pions :   3 to 6 GeV
 for kaons :   3 to 6 GeV
 for proton :  3 to 6 GeV
 for neutron : 3 to 6 GeV

### Adding tracking cuts for neutron  TimeCut(ns)= 10000  KinEnergyCut(MeV)= 0
CerenkovPhys     INFO  +++ Constructing: maxNumPhotonsPerStep:0 maxBeta:0.000000 track secondaries:YES stack photons:YES track secondaries:YES
CerenkovPhys is created.
OpticalGammaPhys INFO  +++ Constructing optical_photon processes:
OpticalGammaPhys INFO  +++              G4OpAbsorption G4OpRayleigh G4OpMieHG G4OpBoundaryProcess
OpBoundary is created 
OpAbsorption is created 
OpRayleigh is created 
OpMieHG is created 
UI               INFO  ++ Start run with 3 events.
=======================================================================
======                 Electromagnetic Physics Parameters      ========
=======================================================================
LPM effect enabled                                 1
Enable creation and use of sampling tables         0
Apply cuts on all EM processes                     0
Use combined TransportationWithMsc                 Disabled
Use general process                                1
Enable linear polarisation for gamma               0
Enable photoeffect sampling below K-shell          1
Enable sampling of quantum entanglement            0
X-section factor for integral approach             0.8
Min kinetic energy for tables                      100 eV 
Max kinetic energy for tables                      100 TeV
Number of bins per decade of a table               7
Verbose level                                      1
Verbose level for worker thread                    0
Bremsstrahlung energy threshold above which 
  primary e+- is added to the list of secondary    100 TeV
Bremsstrahlung energy threshold above which primary
  muon/hadron is added to the list of secondary    100 TeV
Positron annihilation at rest model                SimplePositronium
Enable 3 gamma annihilation on fly                 0
Lowest triplet kinetic energy                      1 MeV
Enable sampling of gamma linear polarisation       0
5D gamma conversion model type                     0
5D gamma conversion model on isolated ion          0
Use RiGe 5D e+e- pair production model by muons    0
Livermore data directory                           epics_2017
=======================================================================
======                 Ionisation Parameters                   ========
=======================================================================
Step function for e+-                              (0.2, 1 mm)
Step function for muons/hadrons                    (0.2, 0.1 mm)
Step function for light ions                       (0.2, 0.1 mm)
Step function for general ions                     (0.2, 0.1 mm)
Lowest e+e- kinetic energy                         1 keV
Lowest muon/hadron kinetic energy                  1 keV
Use ICRU90 data                                    0
Fluctuations of dE/dx are enabled                  1
Type of fluctuation model for leptons and hadrons  Urban
Use built-in Birks saturation                      0
Build CSDA range enabled                           0
Use cut as a final range enabled                   0
Enable angular generator interface                 0
Max kinetic energy for CSDA tables                 1 GeV
Max kinetic energy for NIEL computation            0 eV 
Linear loss limit                                  0.01
Read data from file for e+e- pair production by mu 0
=======================================================================
======                 Multiple Scattering Parameters          ========
=======================================================================
Type of msc step limit algorithm for e+-           1
Type of msc step limit algorithm for muons/hadrons 0
Msc lateral displacement for e+- enabled           1
Msc lateral displacement for muons and hadrons     0
Urban msc model lateral displacement alg96         1
Range factor for msc step limit for e+-            0.04
Range factor for msc step limit for muons/hadrons  0.2
Geometry factor for msc step limitation of e+-     2.5
Safety factor for msc step limit for e+-           0.6
Skin parameter for msc step limitation of e+-      1
Lambda limit for msc step limit for e+-            1 mm
Use Mott correction for e- scattering              0
Factor used for dynamic computation of angular 
  limit between single and multiple scattering     1
Fixed angular limit between single 
  and multiple scattering                          3.1416 rad
Upper energy limit for e+- multiple scattering     100 MeV
Type of electron single scattering model           0
Type of nuclear form-factor                        1
Screening factor                                   1
=======================================================================

phot:  for gamma SubType=12 BuildTable=0
      LambdaPrime table from 200 keV to 100 TeV in 61 bins 
      ===== EM models for the G4Region  DefaultRegionForTheWorld ======
 LivermorePhElectric : Emin=    0 eV  Emax=  100 TeV  SauterGavrila Fluo

compt:  for gamma SubType=13 BuildTable=1
      Lambda table from 100 eV  to 1 MeV, 7 bins/decade, spline: 1
      LambdaPrime table from 1 MeV to 100 TeV in 56 bins 
      ===== EM models for the G4Region  DefaultRegionForTheWorld ======
       Klein-Nishina : Emin=    0 eV  Emax=  100 TeV

conv:  for gamma SubType=14 BuildTable=1
      Lambda table from 1.022 MeV to 100 TeV, 18 bins/decade, spline: 1
      ===== EM models for the G4Region  DefaultRegionForTheWorld ======
     BetheHeitlerLPM : Emin=    0 eV  Emax=  100 TeV  ModifiedTsai

Rayl:  for gamma SubType=11 BuildTable=1
      Lambda table from 100 eV  to 150 keV, 7 bins/decade, spline: 0
      LambdaPrime table from 150 keV to 100 TeV in 62 bins 
      ===== EM models for the G4Region  DefaultRegionForTheWorld ======
   LivermoreRayleigh : Emin=    0 eV  Emax=  100 TeV  CullenGenerator

msc:  for e-  SubType= 10
      ===== EM models for the G4Region  DefaultRegionForTheWorld ======
            UrbanMsc : Emin=    0 eV  Emax=  100 MeV Nbins=42 100 eV  - 100 MeV
          StepLim=UseSafety Rfact=0.04 Gfact=2.5 Sfact=0.6 DispFlag:1 Skin=1 Llim=1 mm
        WentzelVIUni : Emin=  100 MeV Emax=  100 TeV Nbins=42 100 MeV - 100 TeV
          StepLim=UseSafety Rfact=0.04 Gfact=2.5 Sfact=0.6 DispFlag:1 Skin=1 Llim=1 mm

eIoni:  for e-  XStype:3  SubType=2
      dE/dx and range tables from 100 eV  to 100 TeV in 84 bins
      Lambda tables from threshold to 100 TeV, 7 bins/decade, spline: 1
      StepFunction=(0.2, 1 mm), integ: 3, fluct: 1, linLossLim= 0.01
      ===== EM models for the G4Region  DefaultRegionForTheWorld ======
        MollerBhabha : Emin=    0 eV  Emax=  100 TeV

eBrem:  for e-  XStype:4  SubType=3
      dE/dx and range tables from 100 eV  to 100 TeV in 84 bins
      Lambda tables from threshold to 100 TeV, 7 bins/decade, spline: 1
      LPM flag: 1 for E > 1 GeV,  VertexHighEnergyTh(GeV)= 100000
      ===== EM models for the G4Region  DefaultRegionForTheWorld ======
             eBremSB : Emin=    0 eV  Emax=    1 GeV  ModifiedTsai
            eBremLPM : Emin=    1 GeV Emax=  100 TeV  ModifiedTsai

CoulombScat:  for e- XStype:1 SubType=1 BuildTable=1
      Lambda table from 100 MeV to 100 TeV, 7 bins/decade, spline: 0
      ThetaMin(p) < Theta(degree) < 180, pLimit(GeV^1)= 0.139531
      ===== EM models for the G4Region  DefaultRegionForTheWorld ======
  eCoulombScattering : Emin=  100 MeV Emax=  100 TeV

msc:  for e+  SubType= 10
      ===== EM models for the G4Region  DefaultRegionForTheWorld ======
            UrbanMsc : Emin=    0 eV  Emax=  100 MeV Nbins=42 100 eV  - 100 MeV
          StepLim=UseSafety Rfact=0.04 Gfact=2.5 Sfact=0.6 DispFlag:1 Skin=1 Llim=1 mm
        WentzelVIUni : Emin=  100 MeV Emax=  100 TeV Nbins=42 100 MeV - 100 TeV
          StepLim=UseSafety Rfact=0.04 Gfact=2.5 Sfact=0.6 DispFlag:1 Skin=1 Llim=1 mm

eIoni:  for e+  XStype:3  SubType=2
      dE/dx and range tables from 100 eV  to 100 TeV in 84 bins
      Lambda tables from threshold to 100 TeV, 7 bins/decade, spline: 1
      StepFunction=(0.2, 1 mm), integ: 3, fluct: 1, linLossLim= 0.01
      ===== EM models for the G4Region  DefaultRegionForTheWorld ======
        MollerBhabha : Emin=    0 eV  Emax=  100 TeV

eBrem:  for e+  XStype:4  SubType=3
      dE/dx and range tables from 100 eV  to 100 TeV in 84 bins
      Lambda tables from threshold to 100 TeV, 7 bins/decade, spline: 1
      LPM flag: 1 for E > 1 GeV,  VertexHighEnergyTh(GeV)= 100000
      ===== EM models for the G4Region  DefaultRegionForTheWorld ======
             eBremSB : Emin=    0 eV  Emax=    1 GeV  ModifiedTsai
            eBremLPM : Emin=    1 GeV Emax=  100 TeV  ModifiedTsai

annihil:  for e+ XStype:2 SubType=5 AtRestModel:Simple BuildTable=0
      ===== EM models for the G4Region  DefaultRegionForTheWorld ======
            eplus2gg : Emin=    0 eV  Emax=  100 TeV

CoulombScat:  for e+ XStype:1 SubType=1 BuildTable=1
      Lambda table from 100 MeV to 100 TeV, 7 bins/decade, spline: 0
      ThetaMin(p) < Theta(degree) < 180, pLimit(GeV^1)= 0.139531
      ===== EM models for the G4Region  DefaultRegionForTheWorld ======
  eCoulombScattering : Emin=  100 MeV Emax=  100 TeV

msc:  for proton  SubType= 10
      ===== EM models for the G4Region  DefaultRegionForTheWorld ======
        WentzelVIUni : Emin=    0 eV  Emax=  100 TeV Nbins=84 100 eV  - 100 TeV
          StepLim=Minimal Rfact=0.2 Gfact=2.5 Sfact=0.6 DispFlag:0 Skin=1 Llim=1 mm

hIoni:  for proton  XStype:3  SubType=2
      dE/dx and range tables from 100 eV  to 100 TeV in 84 bins
      Lambda tables from threshold to 100 TeV, 7 bins/decade, spline: 1
      StepFunction=(0.2, 0.1 mm), integ: 3, fluct: 1, linLossLim= 0.01
      ===== EM models for the G4Region  DefaultRegionForTheWorld ======
               Bragg : Emin=    0 eV  Emax=    2 MeV
          BetheBloch : Emin=    2 MeV Emax=  100 TeV

hBrems:  for proton  XStype:1  SubType=3
      dE/dx and range tables from 100 eV  to 100 TeV in 84 bins
      Lambda tables from threshold to 100 TeV, 7 bins/decade, spline: 1
      ===== EM models for the G4Region  DefaultRegionForTheWorld ======
               hBrem : Emin=    0 eV  Emax=  100 TeV  ModifiedMephi

hPairProd:  for proton  XStype:1  SubType=4
      dE/dx and range tables from 100 eV  to 100 TeV in 84 bins
      Lambda tables from threshold to 100 TeV, 7 bins/decade, spline: 1
      Sampling table 17x1001, from 7.50618 GeV to 100 TeV 
      ===== EM models for the G4Region  DefaultRegionForTheWorld ======
           hPairProd : Emin=    0 eV  Emax=  100 TeV  ModifiedMephi

CoulombScat:  for proton XStype:1 SubType=1 BuildTable=1
      Lambda table from threshold  to 100 TeV, 7 bins/decade, spline: 0
      ThetaMin(p) < Theta(degree) < 180, pLimit(GeV^1)= 0.139531
      ===== EM models for the G4Region  DefaultRegionForTheWorld ======
  eCoulombScattering : Emin=    0 eV  Emax=  100 TeV

msc:  for GenericIon  SubType= 10
      ===== EM models for the G4Region  DefaultRegionForTheWorld ======
            UrbanMsc : Emin=    0 eV  Emax=  100 TeV
          StepLim=Minimal Rfact=0.2 Gfact=2.5 Sfact=0.6 DispFlag:0 Skin=1 Llim=1 mm

ionIoni:  for GenericIon  XStype:3  SubType=2
      dE/dx and range tables from 100 eV  to 100 TeV in 84 bins
      Lambda tables from threshold to 100 TeV, 7 bins/decade, spline: 1
      StepFunction=(0.2, 0.1 mm), integ: 3, fluct: 1, linLossLim= 0.02
      ===== EM models for the G4Region  DefaultRegionForTheWorld ======
               Bragg : Emin=    0 eV  Emax=    2 MeV
          BetheBloch : Emin=    2 MeV Emax=  100 TeV

msc:  for alpha  SubType= 10
      ===== EM models for the G4Region  DefaultRegionForTheWorld ======
            UrbanMsc : Emin=    0 eV  Emax=  100 TeV
          StepLim=Minimal Rfact=0.2 Gfact=2.5 Sfact=0.6 DispFlag:0 Skin=1 Llim=1 mm

ionIoni:  for alpha  XStype:3  SubType=2
      dE/dx and range tables from 100 eV  to 100 TeV in 84 bins
      Lambda tables from threshold to 100 TeV, 7 bins/decade, spline: 1
      StepFunction=(0.2, 0.1 mm), integ: 3, fluct: 1, linLossLim= 0.02
      ===== EM models for the G4Region  DefaultRegionForTheWorld ======
            BraggIon : Emin=    0 eV  Emax=7.9452 MeV
          BetheBloch : Emin=7.9452 MeV Emax=  100 TeV

msc:  for anti_proton  SubType= 10
      ===== EM models for the G4Region  DefaultRegionForTheWorld ======
        WentzelVIUni : Emin=    0 eV  Emax=  100 TeV Nbins=84 100 eV  - 100 TeV
          StepLim=Minimal Rfact=0.2 Gfact=2.5 Sfact=0.6 DispFlag:0 Skin=1 Llim=1 mm

hIoni:  for anti_proton  XStype:3  SubType=2
      dE/dx and range tables from 100 eV  to 100 TeV in 84 bins
      Lambda tables from threshold to 100 TeV, 7 bins/decade, spline: 1
      StepFunction=(0.2, 0.1 mm), integ: 3, fluct: 1, linLossLim= 0.01
      ===== EM models for the G4Region  DefaultRegionForTheWorld ======
            ICRU73QO : Emin=    0 eV  Emax=    2 MeV
          BetheBloch : Emin=    2 MeV Emax=  100 TeV

hBrems:  for anti_proton  XStype:1  SubType=3
      dE/dx and range tables from 100 eV  to 100 TeV in 84 bins
      Lambda tables from threshold to 100 TeV, 7 bins/decade, spline: 1
      ===== EM models for the G4Region  DefaultRegionForTheWorld ======
               hBrem : Emin=    0 eV  Emax=  100 TeV  ModifiedMephi

hPairProd:  for anti_proton  XStype:1  SubType=4
      dE/dx and range tables from 100 eV  to 100 TeV in 84 bins
      Lambda tables from threshold to 100 TeV, 7 bins/decade, spline: 1
      Sampling table 17x1001, from 7.50618 GeV to 100 TeV 
      ===== EM models for the G4Region  DefaultRegionForTheWorld ======
           hPairProd : Emin=    0 eV  Emax=  100 TeV  ModifiedMephi

CoulombScat:  for anti_proton XStype:1 SubType=1 BuildTable=1
      Lambda table from threshold  to 100 TeV, 7 bins/decade, spline: 0
      ThetaMin(p) < Theta(degree) < 180, pLimit(GeV^1)= 0.139531
      ===== EM models for the G4Region  DefaultRegionForTheWorld ======
  eCoulombScattering : Emin=    0 eV  Emax=  100 TeV

msc:  for kaon+  SubType= 10
      ===== EM models for the G4Region  DefaultRegionForTheWorld ======
        WentzelVIUni : Emin=    0 eV  Emax=  100 TeV Nbins=84 100 eV  - 100 TeV
          StepLim=Minimal Rfact=0.2 Gfact=2.5 Sfact=0.6 DispFlag:0 Skin=1 Llim=1 mm

hIoni:  for kaon+  XStype:3  SubType=2
      dE/dx and range tables from 100 eV  to 100 TeV in 84 bins
      Lambda tables from threshold to 100 TeV, 7 bins/decade, spline: 1
      StepFunction=(0.2, 0.1 mm), integ: 3, fluct: 1, linLossLim= 0.01
      ===== EM models for the G4Region  DefaultRegionForTheWorld ======
               Bragg : Emin=    0 eV  Emax=1.05231 MeV
          BetheBloch : Emin=1.05231 MeV Emax=  100 TeV

hBrems:  for kaon+  XStype:1  SubType=3
      dE/dx and range tables from 100 eV  to 100 TeV in 84 bins
      Lambda tables from threshold to 100 TeV, 7 bins/decade, spline: 1
      ===== EM models for the G4Region  DefaultRegionForTheWorld ======
               hBrem : Emin=    0 eV  Emax=  100 TeV  ModifiedMephi

hPairProd:  for kaon+  XStype:1  SubType=4
      dE/dx and range tables from 100 eV  to 100 TeV in 84 bins
      Lambda tables from threshold to 100 TeV, 7 bins/decade, spline: 1
      Sampling table 18x1001, from 3.94942 GeV to 100 TeV 
      ===== EM models for the G4Region  DefaultRegionForTheWorld ======
           hPairProd : Emin=    0 eV  Emax=  100 TeV  ModifiedMephi

CoulombScat:  for kaon+ XStype:1 SubType=1 BuildTable=1
      Lambda table from threshold  to 100 TeV, 7 bins/decade, spline: 0
      ThetaMin(p) < Theta(degree) < 180, pLimit(GeV^1)= 0.139531
      ===== EM models for the G4Region  DefaultRegionForTheWorld ======
  eCoulombScattering : Emin=    0 eV  Emax=  100 TeV

msc:  for kaon-  SubType= 10
      ===== EM models for the G4Region  DefaultRegionForTheWorld ======
        WentzelVIUni : Emin=    0 eV  Emax=  100 TeV Nbins=84 100 eV  - 100 TeV
          StepLim=Minimal Rfact=0.2 Gfact=2.5 Sfact=0.6 DispFlag:0 Skin=1 Llim=1 mm

hIoni:  for kaon-  XStype:3  SubType=2
      dE/dx and range tables from 100 eV  to 100 TeV in 84 bins
      Lambda tables from threshold to 100 TeV, 7 bins/decade, spline: 1
      StepFunction=(0.2, 0.1 mm), integ: 3, fluct: 1, linLossLim= 0.01
      ===== EM models for the G4Region  DefaultRegionForTheWorld ======
            ICRU73QO : Emin=    0 eV  Emax=1.05231 MeV
          BetheBloch : Emin=1.05231 MeV Emax=  100 TeV

hBrems:  for kaon-  XStype:1  SubType=3
      dE/dx and range tables from 100 eV  to 100 TeV in 84 bins
      Lambda tables from threshold to 100 TeV, 7 bins/decade, spline: 1
      ===== EM models for the G4Region  DefaultRegionForTheWorld ======
               hBrem : Emin=    0 eV  Emax=  100 TeV  ModifiedMephi

hPairProd:  for kaon-  XStype:1  SubType=4
      dE/dx and range tables from 100 eV  to 100 TeV in 84 bins
      Lambda tables from threshold to 100 TeV, 7 bins/decade, spline: 1
      Sampling table 18x1001, from 3.94942 GeV to 100 TeV 
      ===== EM models for the G4Region  DefaultRegionForTheWorld ======
           hPairProd : Emin=    0 eV  Emax=  100 TeV  ModifiedMephi

CoulombScat:  for kaon- XStype:1 SubType=1 BuildTable=1
      Used Lambda table of kaon+
      ThetaMin(p) < Theta(degree) < 180, pLimit(GeV^1)= 0.139531
      ===== EM models for the G4Region  DefaultRegionForTheWorld ======
  eCoulombScattering : Emin=    0 eV  Emax=  100 TeV

msc:  for mu+  SubType= 10
      ===== EM models for the G4Region  DefaultRegionForTheWorld ======
        WentzelVIUni : Emin=    0 eV  Emax=  100 TeV Nbins=84 100 eV  - 100 TeV
          StepLim=Minimal Rfact=0.2 Gfact=2.5 Sfact=0.6 DispFlag:0 Skin=1 Llim=1 mm

muIoni:  for mu+  XStype:3  SubType=2
      dE/dx and range tables from 100 eV  to 100 TeV in 84 bins
      Lambda tables from threshold to 100 TeV, 7 bins/decade, spline: 1
      StepFunction=(0.2, 0.1 mm), integ: 3, fluct: 1, linLossLim= 0.01
      ===== EM models for the G4Region  DefaultRegionForTheWorld ======
               Bragg : Emin=    0 eV  Emax=  200 keV
        MuBetheBloch : Emin=  200 keV Emax=  100 TeV

muBrems:  for mu+  XStype:1  SubType=3
      dE/dx and range tables from 100 eV  to 100 TeV in 84 bins
      Lambda tables from threshold to 100 TeV, 7 bins/decade, spline: 1
      ===== EM models for the G4Region  DefaultRegionForTheWorld ======
              MuBrem : Emin=    0 eV  Emax=  100 TeV  ModifiedMephi

muPairProd:  for mu+  XStype:1  SubType=4
      dE/dx and range tables from 100 eV  to 100 TeV in 84 bins
      Lambda tables from threshold to 100 TeV, 7 bins/decade, spline: 1
      Sampling table 21x1001, from 0.85 GeV to 100 TeV 
      ===== EM models for the G4Region  DefaultRegionForTheWorld ======
          muPairProd : Emin=    0 eV  Emax=  100 TeV  ModifiedMephi

CoulombScat:  for mu+ XStype:1 SubType=1 BuildTable=1
      Lambda table from threshold  to 100 TeV, 7 bins/decade, spline: 0
      ThetaMin(p) < Theta(degree) < 180, pLimit(GeV^1)= 0.139531
      ===== EM models for the G4Region  DefaultRegionForTheWorld ======
  eCoulombScattering : Emin=    0 eV  Emax=  100 TeV

msc:  for mu-  SubType= 10
      ===== EM models for the G4Region  DefaultRegionForTheWorld ======
        WentzelVIUni : Emin=    0 eV  Emax=  100 TeV Nbins=84 100 eV  - 100 TeV
          StepLim=Minimal Rfact=0.2 Gfact=2.5 Sfact=0.6 DispFlag:0 Skin=1 Llim=1 mm

muIoni:  for mu-  XStype:3  SubType=2
      dE/dx and range tables from 100 eV  to 100 TeV in 84 bins
      Lambda tables from threshold to 100 TeV, 7 bins/decade, spline: 1
      StepFunction=(0.2, 0.1 mm), integ: 3, fluct: 1, linLossLim= 0.01
      ===== EM models for the G4Region  DefaultRegionForTheWorld ======
            ICRU73QO : Emin=    0 eV  Emax=  200 keV
        MuBetheBloch : Emin=  200 keV Emax=  100 TeV

muBrems:  for mu-  XStype:1  SubType=3
      dE/dx and range tables from 100 eV  to 100 TeV in 84 bins
      Lambda tables from threshold to 100 TeV, 7 bins/decade, spline: 1
      ===== EM models for the G4Region  DefaultRegionForTheWorld ======
              MuBrem : Emin=    0 eV  Emax=  100 TeV  ModifiedMephi

muPairProd:  for mu-  XStype:1  SubType=4
      dE/dx and range tables from 100 eV  to 100 TeV in 84 bins
      Lambda tables from threshold to 100 TeV, 7 bins/decade, spline: 1
      Sampling table 21x1001, from 0.85 GeV to 100 TeV 
      ===== EM models for the G4Region  DefaultRegionForTheWorld ======
          muPairProd : Emin=    0 eV  Emax=  100 TeV  ModifiedMephi

CoulombScat:  for mu- XStype:1 SubType=1 BuildTable=1
      Used Lambda table of mu+
      ThetaMin(p) < Theta(degree) < 180, pLimit(GeV^1)= 0.139531
      ===== EM models for the G4Region  DefaultRegionForTheWorld ======
  eCoulombScattering : Emin=    0 eV  Emax=  100 TeV

msc:  for pi+  SubType= 10
      ===== EM models for the G4Region  DefaultRegionForTheWorld ======
        WentzelVIUni : Emin=    0 eV  Emax=  100 TeV Nbins=84 100 eV  - 100 TeV
          StepLim=Minimal Rfact=0.2 Gfact=2.5 Sfact=0.6 DispFlag:0 Skin=1 Llim=1 mm

hIoni:  for pi+  XStype:3  SubType=2
      dE/dx and range tables from 100 eV  to 100 TeV in 84 bins
      Lambda tables from threshold to 100 TeV, 7 bins/decade, spline: 1
      StepFunction=(0.2, 0.1 mm), integ: 3, fluct: 1, linLossLim= 0.01
      ===== EM models for the G4Region  DefaultRegionForTheWorld ======
               Bragg : Emin=    0 eV  Emax=297.505 keV
          BetheBloch : Emin=297.505 keV Emax=  100 TeV

hBrems:  for pi+  XStype:1  SubType=3
      dE/dx and range tables from 100 eV  to 100 TeV in 84 bins
      Lambda tables from threshold to 100 TeV, 7 bins/decade, spline: 1
      ===== EM models for the G4Region  DefaultRegionForTheWorld ======
               hBrem : Emin=    0 eV  Emax=  100 TeV  ModifiedMephi

hPairProd:  for pi+  XStype:1  SubType=4
      dE/dx and range tables from 100 eV  to 100 TeV in 84 bins
      Lambda tables from threshold to 100 TeV, 7 bins/decade, spline: 1
      Sampling table 20x1001, from 1.11656 GeV to 100 TeV 
      ===== EM models for the G4Region  DefaultRegionForTheWorld ======
           hPairProd : Emin=    0 eV  Emax=  100 TeV  ModifiedMephi

CoulombScat:  for pi+ XStype:1 SubType=1 BuildTable=1
      Lambda table from threshold  to 100 TeV, 7 bins/decade, spline: 0
      ThetaMin(p) < Theta(degree) < 180, pLimit(GeV^1)= 0.139531
      ===== EM models for the G4Region  DefaultRegionForTheWorld ======
  eCoulombScattering : Emin=    0 eV  Emax=  100 TeV

msc:  for pi-  SubType= 10
      ===== EM models for the G4Region  DefaultRegionForTheWorld ======
        WentzelVIUni : Emin=    0 eV  Emax=  100 TeV Nbins=84 100 eV  - 100 TeV
          StepLim=Minimal Rfact=0.2 Gfact=2.5 Sfact=0.6 DispFlag:0 Skin=1 Llim=1 mm

hIoni:  for pi-  XStype:3  SubType=2
      dE/dx and range tables from 100 eV  to 100 TeV in 84 bins
      Lambda tables from threshold to 100 TeV, 7 bins/decade, spline: 1
      StepFunction=(0.2, 0.1 mm), integ: 3, fluct: 1, linLossLim= 0.01
      ===== EM models for the G4Region  DefaultRegionForTheWorld ======
            ICRU73QO : Emin=    0 eV  Emax=297.505 keV
          BetheBloch : Emin=297.505 keV Emax=  100 TeV

hBrems:  for pi-  XStype:1  SubType=3
      dE/dx and range tables from 100 eV  to 100 TeV in 84 bins
      Lambda tables from threshold to 100 TeV, 7 bins/decade, spline: 1
      ===== EM models for the G4Region  DefaultRegionForTheWorld ======
               hBrem : Emin=    0 eV  Emax=  100 TeV  ModifiedMephi

hPairProd:  for pi-  XStype:1  SubType=4
      dE/dx and range tables from 100 eV  to 100 TeV in 84 bins
      Lambda tables from threshold to 100 TeV, 7 bins/decade, spline: 1
      Sampling table 20x1001, from 1.11656 GeV to 100 TeV 
      ===== EM models for the G4Region  DefaultRegionForTheWorld ======
           hPairProd : Emin=    0 eV  Emax=  100 TeV  ModifiedMephi

CoulombScat:  for pi- XStype:1 SubType=1 BuildTable=1
      Used Lambda table of pi+
      ThetaMin(p) < Theta(degree) < 180, pLimit(GeV^1)= 0.139531
      ===== EM models for the G4Region  DefaultRegionForTheWorld ======
  eCoulombScattering : Emin=    0 eV  Emax=  100 TeV

====================================================================
                  HADRONIC PROCESSES SUMMARY (verbose level 1)
-----------------------------------------------------------------------
                           Hadronic Processes for neutron
  Process: hadElastic
        Model:             hElasticCHIPS: 0 eV  ---> 100 TeV
     Cr_sctns:        G4NeutronElasticXS: 0 eV  ---> 100 TeV
  Process: neutronInelastic
        Model:                      FTFP: 3 GeV ---> 100 TeV
        Model:            BertiniCascade: 0 eV  ---> 6 GeV
     Cr_sctns:      G4NeutronInelasticXS: 0 eV  ---> 100 TeV
  Process: nCapture
        Model:               nRadCapture: 0 eV  ---> 100 TeV
     Cr_sctns:        G4NeutronCaptureXS: 0 eV  ---> 100 TeV
  Process: nKiller
-----------------------------------------------------------------------
                           Hadronic Processes for B-
  Process: hadElastic
        Model:              hElasticLHEP: 0 eV  ---> 100 TeV
     Cr_sctns:            Glauber-Gribov: 0 eV  ---> 100 TeV
  Process: B-Inelastic
        Model:                      FTFP: 0 eV  ---> 100 TeV
     Cr_sctns:            Glauber-Gribov: 0 eV  ---> 100 TeV
-----------------------------------------------------------------------
                           Hadronic Processes for D-
  Process: hadElastic
        Model:              hElasticLHEP: 0 eV  ---> 100 TeV
     Cr_sctns:            Glauber-Gribov: 0 eV  ---> 100 TeV
  Process: D-Inelastic
        Model:                      FTFP: 0 eV  ---> 100 TeV
     Cr_sctns:            Glauber-Gribov: 0 eV  ---> 100 TeV
-----------------------------------------------------------------------
                           Hadronic Processes for GenericIon
  Process: ionInelastic
        Model:  Binary Light Ion Cascade: 0 eV /n ---> 6 GeV/n
        Model:                      FTFP: 3 GeV/n ---> 100 TeV/n
     Cr_sctns:  Glauber-Gribov Nucl-nucl: 0 eV  ---> 25.6 PeV
-----------------------------------------------------------------------
                           Hadronic Processes for He3
  Process: hadElastic
        Model:              hElasticLHEP: 0 eV /n ---> 100 TeV/n
     Cr_sctns:  Glauber-Gribov Nucl-nucl: 0 eV  ---> 25.6 PeV
  Process: He3Inelastic
        Model:  Binary Light Ion Cascade: 0 eV /n ---> 6 GeV/n
        Model:                      FTFP: 3 GeV/n ---> 100 TeV/n
     Cr_sctns:  Glauber-Gribov Nucl-nucl: 0 eV  ---> 25.6 PeV
-----------------------------------------------------------------------
                           Hadronic Processes for alpha
  Process: hadElastic
        Model:              hElasticLHEP: 0 eV /n ---> 100 TeV/n
     Cr_sctns:  Glauber-Gribov Nucl-nucl: 0 eV  ---> 25.6 PeV
  Process: alphaInelastic
        Model:  Binary Light Ion Cascade: 0 eV /n ---> 6 GeV/n
        Model:                      FTFP: 3 GeV/n ---> 100 TeV/n
     Cr_sctns:  Glauber-Gribov Nucl-nucl: 0 eV  ---> 25.6 PeV
-----------------------------------------------------------------------
                           Hadronic Processes for anti_He3
  Process: hadElastic
        Model:              hElasticLHEP: 0 eV /n ---> 100.1 MeV/n
        Model:              AntiAElastic: 100 MeV/n ---> 100 TeV/n
     Cr_sctns:              AntiAGlauber: 0 eV  ---> 25.6 PeV
  Process: anti_He3Inelastic
        Model:                      FTFP: 0 eV /n ---> 100 TeV/n
     Cr_sctns:              AntiAGlauber: 0 eV  ---> 25.6 PeV
  Process: hFritiofCaptureAtRest
-----------------------------------------------------------------------
                           Hadronic Processes for anti_alpha
  Process: hadElastic
        Model:              hElasticLHEP: 0 eV /n ---> 100.1 MeV/n
        Model:              AntiAElastic: 100 MeV/n ---> 100 TeV/n
     Cr_sctns:              AntiAGlauber: 0 eV  ---> 25.6 PeV
  Process: anti_alphaInelastic
        Model:                      FTFP: 0 eV /n ---> 100 TeV/n
     Cr_sctns:              AntiAGlauber: 0 eV  ---> 25.6 PeV
  Process: hFritiofCaptureAtRest
-----------------------------------------------------------------------
                           Hadronic Processes for anti_deuteron
  Process: hadElastic
        Model:              hElasticLHEP: 0 eV /n ---> 100.1 MeV/n
        Model:              AntiAElastic: 100 MeV/n ---> 100 TeV/n
     Cr_sctns:              AntiAGlauber: 0 eV  ---> 25.6 PeV
  Process: anti_deuteronInelastic
        Model:                      FTFP: 0 eV /n ---> 100 TeV/n
     Cr_sctns:              AntiAGlauber: 0 eV  ---> 25.6 PeV
  Process: hFritiofCaptureAtRest
-------------------------------------------------------------------------
                           Hadronic Processes for anti_hypertriton
  Process: hFritiofCaptureAtRest
-----------------------------------------------------------------------
                           Hadronic Processes for anti_lambda
  Process: hadElastic
        Model:              hElasticLHEP: 0 eV  ---> 100 TeV
     Cr_sctns:            Glauber-Gribov: 0 eV  ---> 100 TeV
  Process: anti_lambdaInelastic
        Model:                      FTFP: 0 eV  ---> 100 TeV
     Cr_sctns:            Glauber-Gribov: 0 eV  ---> 100 TeV
  Process: hFritiofCaptureAtRest
-----------------------------------------------------------------------
                           Hadronic Processes for anti_neutron
  Process: hadElastic
        Model:              hElasticLHEP: 0 eV  ---> 100.1 MeV
        Model:              AntiAElastic: 100 MeV ---> 100 TeV
     Cr_sctns:              AntiAGlauber: 0 eV  ---> 25.6 PeV
  Process: anti_neutronInelastic
        Model:                      FTFP: 0 eV  ---> 100 TeV
     Cr_sctns:              AntiAGlauber: 0 eV  ---> 25.6 PeV
  Process: hFritiofCaptureAtRest
-----------------------------------------------------------------------
                           Hadronic Processes for anti_proton
  Process: hadElastic
        Model:              hElasticLHEP: 0 eV  ---> 100.1 MeV
        Model:              AntiAElastic: 100 MeV ---> 100 TeV
     Cr_sctns:              AntiAGlauber: 0 eV  ---> 25.6 PeV
  Process: anti_protonInelastic
        Model:                      FTFP: 0 eV  ---> 100 TeV
     Cr_sctns:              AntiAGlauber: 0 eV  ---> 25.6 PeV
  Process: hFritiofCaptureAtRest
-----------------------------------------------------------------------
                           Hadronic Processes for anti_triton
  Process: hadElastic
        Model:              hElasticLHEP: 0 eV /n ---> 100.1 MeV/n
        Model:              AntiAElastic: 100 MeV/n ---> 100 TeV/n
     Cr_sctns:              AntiAGlauber: 0 eV  ---> 25.6 PeV
  Process: anti_tritonInelastic
        Model:                      FTFP: 0 eV /n ---> 100 TeV/n
     Cr_sctns:              AntiAGlauber: 0 eV  ---> 25.6 PeV
  Process: hFritiofCaptureAtRest
-----------------------------------------------------------------------
                           Hadronic Processes for deuteron
  Process: hadElastic
        Model:              hElasticLHEP: 0 eV /n ---> 100 TeV/n
     Cr_sctns:  Glauber-Gribov Nucl-nucl: 0 eV  ---> 25.6 PeV
  Process: dInelastic
        Model:  Binary Light Ion Cascade: 0 eV /n ---> 6 GeV/n
        Model:                      FTFP: 3 GeV/n ---> 100 TeV/n
     Cr_sctns:  Glauber-Gribov Nucl-nucl: 0 eV  ---> 25.6 PeV
-----------------------------------------------------------------------
                           Hadronic Processes for e+
  Process: positronNuclear
        Model:   G4ElectroVDNuclearModel: 0 eV  ---> 1 PeV
     Cr_sctns:          ElectroNuclearXS: 0 eV  ---> 100 TeV
-----------------------------------------------------------------------
                           Hadronic Processes for e-
  Process: electronNuclear
        Model:   G4ElectroVDNuclearModel: 0 eV  ---> 1 PeV
     Cr_sctns:          ElectroNuclearXS: 0 eV  ---> 100 TeV
-----------------------------------------------------------------------
                           Hadronic Processes for gamma
  Process: photonNuclear
        Model:               GammaNPreco: 0 eV  ---> 200 MeV
        Model:            BertiniCascade: 199 MeV ---> 6 GeV
        Model:           TheoFSGenerator: 3 GeV ---> 100 TeV
     Cr_sctns:            GammaNuclearXS: 0 eV  ---> 100 TeV
-----------------------------------------------------------------------
                           Hadronic Processes for kaon+
  Process: hadElastic
        Model:              hElasticLHEP: 0 eV  ---> 100 TeV
     Cr_sctns:            Glauber-Gribov: 0 eV  ---> 100 TeV
  Process: kaon+Inelastic
        Model:                      FTFP: 3 GeV ---> 100 TeV
        Model:            BertiniCascade: 0 eV  ---> 6 GeV
     Cr_sctns:            Glauber-Gribov: 0 eV  ---> 100 TeV
-----------------------------------------------------------------------
                           Hadronic Processes for kaon-
  Process: hadElastic
        Model:              hElasticLHEP: 0 eV  ---> 100 TeV
     Cr_sctns:            Glauber-Gribov: 0 eV  ---> 100 TeV
  Process: kaon-Inelastic
        Model:                      FTFP: 3 GeV ---> 100 TeV
        Model:            BertiniCascade: 0 eV  ---> 6 GeV
     Cr_sctns:            Glauber-Gribov: 0 eV  ---> 100 TeV
  Process: hBertiniCaptureAtRest
-----------------------------------------------------------------------
                           Hadronic Processes for lambda
  Process: hadElastic
        Model:              hElasticLHEP: 0 eV  ---> 100 TeV
     Cr_sctns:            Glauber-Gribov: 0 eV  ---> 100 TeV
  Process: lambdaInelastic
        Model:                      FTFP: 3 GeV ---> 100 TeV
        Model:            BertiniCascade: 0 eV  ---> 6 GeV
     Cr_sctns:            Glauber-Gribov: 0 eV  ---> 100 TeV
-----------------------------------------------------------------------
                           Hadronic Processes for mu+
  Process: muonNuclear
        Model:      G4MuonVDNuclearModel: 0 eV  ---> 1 PeV
     Cr_sctns:     KokoulinMuonNuclearXS: 0 eV  ---> 100 TeV
-----------------------------------------------------------------------
                           Hadronic Processes for mu-
  Process: muonNuclear
        Model:      G4MuonVDNuclearModel: 0 eV  ---> 1 PeV
     Cr_sctns:     KokoulinMuonNuclearXS: 0 eV  ---> 100 TeV
  Process: muMinusCaptureAtRest
-----------------------------------------------------------------------
                           Hadronic Processes for pi+
  Process: hadElastic
        Model:           hElasticGlauber: 0 eV  ---> 100 TeV
     Cr_sctns:  BarashenkovGlauberGribov: 0 eV  ---> 100 TeV
  Process: pi+Inelastic
        Model:                      FTFP: 3 GeV ---> 100 TeV
        Model:            BertiniCascade: 0 eV  ---> 6 GeV
     Cr_sctns:  BarashenkovGlauberGribov: 0 eV  ---> 100 TeV
-----------------------------------------------------------------------
                           Hadronic Processes for pi-
  Process: hadElastic
        Model:           hElasticGlauber: 0 eV  ---> 100 TeV
     Cr_sctns:  BarashenkovGlauberGribov: 0 eV  ---> 100 TeV
  Process: pi-Inelastic
        Model:                      FTFP: 3 GeV ---> 100 TeV
        Model:            BertiniCascade: 0 eV  ---> 6 GeV
     Cr_sctns:  BarashenkovGlauberGribov: 0 eV  ---> 100 TeV
  Process: hBertiniCaptureAtRest
-----------------------------------------------------------------------
                           Hadronic Processes for proton
  Process: hadElastic
        Model:             hElasticCHIPS: 0 eV  ---> 100 TeV
     Cr_sctns:  BarashenkovGlauberGribov: 0 eV  ---> 100 TeV
  Process: protonInelastic
        Model:                      FTFP: 3 GeV ---> 100 TeV
        Model:            BertiniCascade: 0 eV  ---> 6 GeV
     Cr_sctns:  BarashenkovGlauberGribov: 0 eV  ---> 100 TeV
-----------------------------------------------------------------------
                           Hadronic Processes for sigma-
  Process: hadElastic
        Model:              hElasticLHEP: 0 eV  ---> 100 TeV
     Cr_sctns:            Glauber-Gribov: 0 eV  ---> 100 TeV
  Process: sigma-Inelastic
        Model:                      FTFP: 3 GeV ---> 100 TeV
        Model:            BertiniCascade: 0 eV  ---> 6 GeV
     Cr_sctns:            Glauber-Gribov: 0 eV  ---> 100 TeV
  Process: hBertiniCaptureAtRest
-----------------------------------------------------------------------
                           Hadronic Processes for triton
  Process: hadElastic
        Model:              hElasticLHEP: 0 eV /n ---> 100 TeV/n
     Cr_sctns:  Glauber-Gribov Nucl-nucl: 0 eV  ---> 25.6 PeV
  Process: tInelastic
        Model:  Binary Light Ion Cascade: 0 eV /n ---> 6 GeV/n
        Model:                      FTFP: 3 GeV/n ---> 100 TeV/n
     Cr_sctns:  Glauber-Gribov Nucl-nucl: 0 eV  ---> 25.6 PeV
=======================================================================
======       Geant4 Native Pre-compound Model Parameters       ========
=======================================================================
Type of pre-compound model                          0
Type of pre-compound inverse x-section              1
Pre-compound model active                           1
Pre-compound excitation low energy                  0.1 MeV 
Pre-compound excitation high energy                 15 MeV 
Angular generator for pre-compound model            1
Use NeverGoBack option for pre-compound model       0
Use SoftCutOff option for pre-compound model        0
Use CEM transitions for pre-compound model          1
Use GNASH transitions for pre-compound model        0
Use HETC submodel for pre-compound model            0
=======================================================================
======       Nuclear De-excitation Module Parameters           ========
=======================================================================
Type of de-excitation inverse x-section             3
Type of de-excitation factory                       Evaporation+GEM
Number of de-excitation channels                    68
Type of Fermi BreakUp model                         ModelVI
Min excitation energy                               0.01 keV 
Min energy per nucleon for multifragmentation       2e+05 MeV
Level density (1/MeV)                               0.075
Use simple level density model                      1
Use discrete excitation energy of the residual      0
Time limit for long lived isomeres                  1 ns 
Isomer production flag                              1
Internal e- conversion flag                         1
Store e- internal conversion data                   1
Correlated gamma emission flag                      0
Max 2J for sampling of angular correlations         10
=======================================================================
EventSeeder1     INFO  Get RunID: runID=0
Geant4Output2EDM4hep_DRC INFO  Opened /ceph/omunkombwe/idea_o1_v03_gun/sim_mu_P50-120GeV_theta60deg_seed103_nev3.root for output
SignalHandler    INFO  ++ Re-apply signal handlers
GenerationInit   INFO  +++ Initializing event 1. Within run:0 event 1.
Gun              INFO  Shoot [0] [50.000 , 120.000] GeV mu- pos:(0.000 0.000 0.000)[mm] dir:( 0.000  0.000  1.000)
Gun              INFO  Particle [0] mu-          Mom:107.263 GeV vertex:( 0.000  0.000  0.000)[mm] direction:(-0.857  0.125  0.500)
Gun              INFO  +-> Interaction [0] [50.000 , 120.000] GeV mu- pos:(0.000 0.000 0.000)[mm]
Gun              INFO  +++   +-> ID:  0 mu-          status:00000002 PDG:    13 Vtx:(+0.00e+00,+0.00e+00,+0.00e+00)[mm] time: +0.00e+00 [ns] #Dau:  0 #Par:0      
PrimaryHandler   INFO  +++++ G4PrimaryVertex at (+0.00e+00,+0.00e+00,+0.00e+00) [mm] +0.00e+00 [ns]
EventSeeder1     INFO  At beginEvent: eventID=0, runID=0 initialSeed=103, newSeed=3093386433
ParticleHandler  INFO  +++ Event 0 Begin event action. Access event related information.
### Birks coefficients used in run time
   DR_Polystyrene     0.12599993370397 mm/MeV     0.013003193158249 g/cm^2/MeV  massFactor=  525.81879970524 effCharge= 17.625
Geant4Output2EDM4hep_DRC INFO  +++ Saving EDM4hep event 0 run 0.
GenerationInit   INFO  +++ Initializing event 2. Within run:0 event 2.
Gun              INFO  Shoot [1] [50.000 , 120.000] GeV mu- pos:(0.000 0.000 0.000)[mm] dir:( 0.000  0.000  1.000)
Gun              INFO  Particle [0] mu-          Mom:52.202 GeV vertex:( 0.000  0.000  0.000)[mm] direction:( 0.862 -0.085  0.500)
Gun              INFO  +-> Interaction [0] [50.000 , 120.000] GeV mu- pos:(0.000 0.000 0.000)[mm]
Gun              INFO  +++   +-> ID:  0 mu-          status:00000002 PDG:    13 Vtx:(+0.00e+00,+0.00e+00,+0.00e+00)[mm] time: +0.00e+00 [ns] #Dau:  0 #Par:0      
PrimaryHandler   INFO  +++++ G4PrimaryVertex at (+0.00e+00,+0.00e+00,+0.00e+00) [mm] +0.00e+00 [ns]
EventSeeder1     INFO  At beginEvent: eventID=1, runID=0 initialSeed=103, newSeed=238351628
ParticleHandler  INFO  +++ Event 1 Begin event action. Access event related information.
Geant4Output2EDM4hep_DRC INFO  +++ Saving EDM4hep event 1 run 0.
GenerationInit   INFO  +++ Initializing event 3. Within run:0 event 3.
Gun              INFO  Shoot [2] [50.000 , 120.000] GeV mu- pos:(0.000 0.000 0.000)[mm] dir:( 0.000  0.000  1.000)
Gun              INFO  Particle [0] mu-          Mom:60.444 GeV vertex:( 0.000  0.000  0.000)[mm] direction:( 0.396  0.770  0.500)
Gun              INFO  +-> Interaction [0] [50.000 , 120.000] GeV mu- pos:(0.000 0.000 0.000)[mm]
Gun              INFO  +++   +-> ID:  0 mu-          status:00000002 PDG:    13 Vtx:(+0.00e+00,+0.00e+00,+0.00e+00)[mm] time: +0.00e+00 [ns] #Dau:  0 #Par:0      
PrimaryHandler   INFO  +++++ G4PrimaryVertex at (+0.00e+00,+0.00e+00,+0.00e+00) [mm] +0.00e+00 [ns]
EventSeeder1     INFO  At beginEvent: eventID=2, runID=0 initialSeed=103, newSeed=3171850477
ParticleHandler  INFO  +++ Event 2 Begin event action. Access event related information.
Geant4Output2EDM4hep_DRC INFO  +++ Saving EDM4hep event 2 run 0.
GenerationInit   WARN  +++ Finished run 0 after 3 events (3 events in total)

DDSim            INFO Total Time:   694.92 s (User), 6.45 s (System)
DDSim            INFO StartUp Time: 526.85 s, Processing and Init: 168.07 s (~56.02 s/Event) 
Geant4Kernel     INFO  ++ Terminate Geant4 and delete associated actions.
[k4run - INFO] k4run.main: --> DCHdigi --> VTXBdigitizer --> VTXDdigitizer --> SiWrBdigitizer --> SiWrDdigitizer --> GGTF_tracking
[k4run - INFO] k4run.main: Option name: MetadataSvc.OutputLevel 0
[k4run - INFO] k4run.main: Option name: EventDataSvc.OutputLevel 0
[k4run - INFO] k4run.main: Option name: EventDataSvc.InhibitPaths []
[k4run - INFO] k4run.main: Option name: GGTF_tracking.OutputLevel 3
[k4run - INFO] k4run.main: Option name: GGTF_tracking.Asynchronous False
[k4run - INFO] k4run.main: Option name: GGTF_tracking.inputPlanarHits ['VTXBDigis', 'VTXDDigis', 'SiWrBDigis', 'SiWrDDigis']
[k4run - INFO] k4run.main: Option name: GGTF_tracking.inputWireHits ['DCH_DigiCollection']
[k4run - INFO] k4run.main: Option name: GGTF_tracking.outputTracks ['CDCHTracks']
[k4run - INFO] k4run.main: Option name: GGTF_tracking.modelPath /work/omunkombwe/k4RecTracker/build/Tracking/test/inputFiles/SimpleGatrIDEAv3o1.onnx
[k4run - INFO] k4run.main: Option name: GGTF_tracking.tbeta 0.6
[k4run - INFO] k4run.main: Option name: GGTF_tracking.td 0.3
[k4run - INFO] k4run.main: Option name: GGTF_tracking.GeoSvcName GeoSvc
[k4run - INFO] k4run.main: Option name: GGTF_tracking.uidSvcName uidSvc
[k4run - INFO] k4run.main: Option name: GGTF_tracking.DCH_name DCH_v2
[k4run - INFO] k4run.main: Option name: uidSvc.OutputLevel 0
[k4run - INFO] k4run.main: Option name: uidSvc.Seed 123456789
[k4run - INFO] k4run.main: Option name: uidSvc.CheckDuplicates False
[k4run - INFO] k4run.main: Option name: SiWrDdigitizer.OutputLevel 0
[k4run - INFO] k4run.main: Option name: SiWrDdigitizer.Asynchronous False
[k4run - INFO] k4run.main: Option name: SiWrDdigitizer.SimTrackHitCollectionName ['SiWrDCollection']
[k4run - INFO] k4run.main: Option name: SiWrDdigitizer.HeaderName ['EventHeader']
[k4run - INFO] k4run.main: Option name: SiWrDdigitizer.TrackerHitCollectionName ['SiWrDDigis']
[k4run - INFO] k4run.main: Option name: SiWrDdigitizer.SimTrkHitRelCollection ['SiWrDSimDigiLinks']
[k4run - INFO] k4run.main: Option name: SiWrDdigitizer.SubDetectorName SiWrD
[k4run - INFO] k4run.main: Option name: SiWrDdigitizer.IsStrip False
[k4run - INFO] k4run.main: Option name: SiWrDdigitizer.ResolutionU [0.014433756729740645, 0.014433756729740645]
[k4run - INFO] k4run.main: Option name: SiWrDdigitizer.ResolutionV [0.2886751345948129, 0.2886751345948129]
[k4run - INFO] k4run.main: Option name: SiWrDdigitizer.ResolutionT [0.04, 0.04]
[k4run - INFO] k4run.main: Option name: SiWrDdigitizer.ForceHitsOntoSurface True
[k4run - INFO] k4run.main: Option name: SiWrDdigitizer.MinEnergy 0.0
[k4run - INFO] k4run.main: Option name: SiWrDdigitizer.UseTimeWindow False
[k4run - INFO] k4run.main: Option name: SiWrDdigitizer.CorrectTimesForPropagation False
[k4run - INFO] k4run.main: Option name: SiWrDdigitizer.TimeWindowMin [-1000000000.0]
[k4run - INFO] k4run.main: Option name: SiWrDdigitizer.TimeWindowMax [1000000000.0]
[k4run - INFO] k4run.main: Option name: SiWrDdigitizer.EncodingStringParameterName GlobalTrackerReadoutID
[k4run - INFO] k4run.main: Option name: SiWrDdigitizer.GeoSvcName GeoSvc
[k4run - INFO] k4run.main: Option name: SiWrDdigitizer.MaxTries 10
[k4run - INFO] k4run.main: Option name: SiWrDdigitizer.CellIDBits 64
[k4run - INFO] k4run.main: Option name: IOSvc.OutputLevel 0
[k4run - INFO] k4run.main: Option name: IOSvc.CollectionNames []
[k4run - INFO] k4run.main: Option name: IOSvc.Input ['/ceph/omunkombwe/idea_o1_v03_gun/sim_mu_P50-120GeV_theta60deg_seed103_nev3.root']
[k4run - INFO] k4run.main: Option name: IOSvc.Output /ceph/omunkombwe/idea_o1_v03_gun/digi_mu_P50-120GeV_theta60deg_seed103_nev3.root
[k4run - INFO] k4run.main: Option name: IOSvc.outputCommands ['keep *']
[k4run - INFO] k4run.main: Option name: IOSvc.OutputType default
[k4run - INFO] k4run.main: Option name: IOSvc.ImportedFromk4FWCore True
[k4run - INFO] k4run.main: Option name: IOSvc.FirstEventEntry 0
[k4run - INFO] k4run.main: Option name: VTXBdigitizer.OutputLevel 0
[k4run - INFO] k4run.main: Option name: VTXBdigitizer.Asynchronous False
[k4run - INFO] k4run.main: Option name: VTXBdigitizer.SimTrackHitCollectionName ['VertexBarrelCollection']
[k4run - INFO] k4run.main: Option name: VTXBdigitizer.HeaderName ['EventHeader']
[k4run - INFO] k4run.main: Option name: VTXBdigitizer.TrackerHitCollectionName ['VTXBDigis']
[k4run - INFO] k4run.main: Option name: VTXBdigitizer.SimTrkHitRelCollection ['VTXBSimDigiLinks']
[k4run - INFO] k4run.main: Option name: VTXBdigitizer.SubDetectorName Vertex
[k4run - INFO] k4run.main: Option name: VTXBdigitizer.IsStrip False
[k4run - INFO] k4run.main: Option name: VTXBdigitizer.ResolutionU [0.003, 0.003, 0.003, 0.014433756729740645, 0.014433756729740645]
[k4run - INFO] k4run.main: Option name: VTXBdigitizer.ResolutionV [0.003, 0.003, 0.003, 0.04330127018922193, 0.04330127018922193]
[k4run - INFO] k4run.main: Option name: VTXBdigitizer.ResolutionT [1000, 1000, 1000, 1000, 1000]
[k4run - INFO] k4run.main: Option name: VTXBdigitizer.ForceHitsOntoSurface True
[k4run - INFO] k4run.main: Option name: VTXBdigitizer.MinEnergy 0.0
[k4run - INFO] k4run.main: Option name: VTXBdigitizer.UseTimeWindow False
[k4run - INFO] k4run.main: Option name: VTXBdigitizer.CorrectTimesForPropagation False
[k4run - INFO] k4run.main: Option name: VTXBdigitizer.TimeWindowMin [-1000000000.0]
[k4run - INFO] k4run.main: Option name: VTXBdigitizer.TimeWindowMax [1000000000.0]
[k4run - INFO] k4run.main: Option name: VTXBdigitizer.EncodingStringParameterName GlobalTrackerReadoutID
[k4run - INFO] k4run.main: Option name: VTXBdigitizer.GeoSvcName GeoSvc
[k4run - INFO] k4run.main: Option name: VTXBdigitizer.MaxTries 10
[k4run - INFO] k4run.main: Option name: VTXBdigitizer.CellIDBits 64
[k4run - INFO] k4run.main: Option name: GeoSvc.OutputLevel 3
[k4run - INFO] k4run.main: Option name: GeoSvc.detectors ['/cvmfs/sw-nightlies.hsf.org/key4hep/releases/2025-12-21/x86_64-almalinux9-gcc14.2.0-opt/k4geo/b0087c8cbda29cc8c69172581b6df033c644d0cf_develop-pv6ukr/share/k4geo/FCCee/IDEA/compact/IDEA_o1_v03/IDEA_o1_v03.xml']
[k4run - INFO] k4run.main: Option name: GeoSvc.sensitiveTypes {'calorimeter': 'SimpleCalorimeterSD', 'tracker': 'SimpleTrackerSD'}
[k4run - INFO] k4run.main: Option name: GeoSvc.EnableGeant4Geo True
[k4run - INFO] k4run.main: Option name: VTXDdigitizer.OutputLevel 0
[k4run - INFO] k4run.main: Option name: VTXDdigitizer.Asynchronous False
[k4run - INFO] k4run.main: Option name: VTXDdigitizer.SimTrackHitCollectionName ['VertexEndcapCollection']
[k4run - INFO] k4run.main: Option name: VTXDdigitizer.HeaderName ['EventHeader']
[k4run - INFO] k4run.main: Option name: VTXDdigitizer.TrackerHitCollectionName ['VTXDDigis']
[k4run - INFO] k4run.main: Option name: VTXDdigitizer.SimTrkHitRelCollection ['VTXDSimDigiLinks']
[k4run - INFO] k4run.main: Option name: VTXDdigitizer.SubDetectorName Vertex
[k4run - INFO] k4run.main: Option name: VTXDdigitizer.IsStrip False
[k4run - INFO] k4run.main: Option name: VTXDdigitizer.ResolutionU [0.014433756729740645, 0.014433756729740645, 0.014433756729740645]
[k4run - INFO] k4run.main: Option name: VTXDdigitizer.ResolutionV [0.04330127018922193, 0.04330127018922193, 0.04330127018922193]
[k4run - INFO] k4run.main: Option name: VTXDdigitizer.ResolutionT [1000, 1000, 1000]
[k4run - INFO] k4run.main: Option name: VTXDdigitizer.ForceHitsOntoSurface True
[k4run - INFO] k4run.main: Option name: VTXDdigitizer.MinEnergy 0.0
[k4run - INFO] k4run.main: Option name: VTXDdigitizer.UseTimeWindow False
[k4run - INFO] k4run.main: Option name: VTXDdigitizer.CorrectTimesForPropagation False
[k4run - INFO] k4run.main: Option name: VTXDdigitizer.TimeWindowMin [-1000000000.0]
[k4run - INFO] k4run.main: Option name: VTXDdigitizer.TimeWindowMax [1000000000.0]
[k4run - INFO] k4run.main: Option name: VTXDdigitizer.EncodingStringParameterName GlobalTrackerReadoutID
[k4run - INFO] k4run.main: Option name: VTXDdigitizer.GeoSvcName GeoSvc
[k4run - INFO] k4run.main: Option name: VTXDdigitizer.MaxTries 10
[k4run - INFO] k4run.main: Option name: VTXDdigitizer.CellIDBits 64
[k4run - INFO] k4run.main: Option name: SiWrBdigitizer.OutputLevel 0
[k4run - INFO] k4run.main: Option name: SiWrBdigitizer.Asynchronous False
[k4run - INFO] k4run.main: Option name: SiWrBdigitizer.SimTrackHitCollectionName ['SiWrBCollection']
[k4run - INFO] k4run.main: Option name: SiWrBdigitizer.HeaderName ['EventHeader']
[k4run - INFO] k4run.main: Option name: SiWrBdigitizer.TrackerHitCollectionName ['SiWrBDigis']
[k4run - INFO] k4run.main: Option name: SiWrBdigitizer.SimTrkHitRelCollection ['SiWrBSimDigiLinks']
[k4run - INFO] k4run.main: Option name: SiWrBdigitizer.SubDetectorName SiWrB
[k4run - INFO] k4run.main: Option name: SiWrBdigitizer.IsStrip False
[k4run - INFO] k4run.main: Option name: SiWrBdigitizer.ResolutionU [0.014433756729740645, 0.014433756729740645]
[k4run - INFO] k4run.main: Option name: SiWrBdigitizer.ResolutionV [0.2886751345948129, 0.2886751345948129]
[k4run - INFO] k4run.main: Option name: SiWrBdigitizer.ResolutionT [0.04, 0.04]
[k4run - INFO] k4run.main: Option name: SiWrBdigitizer.ForceHitsOntoSurface True
[k4run - INFO] k4run.main: Option name: SiWrBdigitizer.MinEnergy 0.0
[k4run - INFO] k4run.main: Option name: SiWrBdigitizer.UseTimeWindow False
[k4run - INFO] k4run.main: Option name: SiWrBdigitizer.CorrectTimesForPropagation False
[k4run - INFO] k4run.main: Option name: SiWrBdigitizer.TimeWindowMin [-1000000000.0]
[k4run - INFO] k4run.main: Option name: SiWrBdigitizer.TimeWindowMax [1000000000.0]
[k4run - INFO] k4run.main: Option name: SiWrBdigitizer.EncodingStringParameterName GlobalTrackerReadoutID
[k4run - INFO] k4run.main: Option name: SiWrBdigitizer.GeoSvcName GeoSvc
[k4run - INFO] k4run.main: Option name: SiWrBdigitizer.MaxTries 10
[k4run - INFO] k4run.main: Option name: SiWrBdigitizer.CellIDBits 64
[k4run - INFO] k4run.main: Option name: DCHdigi.OutputLevel 0
[k4run - INFO] k4run.main: Option name: DCHdigi.Asynchronous False
[k4run - INFO] k4run.main: Option name: DCHdigi.DCH_simhits ['DCHCollection']
[k4run - INFO] k4run.main: Option name: DCHdigi.HeaderName ['EventHeader']
[k4run - INFO] k4run.main: Option name: DCHdigi.DCH_DigiCollection ['DCH_DigiCollection']
[k4run - INFO] k4run.main: Option name: DCHdigi.DCH_DigiSimAssociationCollection ['DCH_DigiSimAssociationCollection']
[k4run - INFO] k4run.main: Option name: DCHdigi.GeoSvcName GeoSvc
[k4run - INFO] k4run.main: Option name: DCHdigi.uidSvcName uidSvc
[k4run - INFO] k4run.main: Option name: DCHdigi.DCH_name DCH_v2
[k4run - INFO] k4run.main: Option name: DCHdigi.zResolution_mm 30.0
[k4run - INFO] k4run.main: Option name: DCHdigi.xyResolution_mm 0.1
[k4run - INFO] k4run.main: Option name: DCHdigi.calculate_dndx False
[k4run - INFO] k4run.main: Option name: DCHdigi.fileDataAlg /work/omunkombwe/k4RecTracker/Tracking/test/testTrackFinder/DataAlgFORGEANT.root
[k4run - INFO] k4run.main: Option name: DCHdigi.create_debug_histograms False
[k4run - INFO] k4run.main: Option name: DCHdigi.out_debug_filename dch_digi_alg_debug.root
[k4run - INFO] k4run.main: Option name: RndmGenSvc.OutputLevel 0
[k4run - INFO] k4run.main: Option name: RndmGenSvc.Engine HepRndm::Engine<CLHEP::RanluxEngine>
[k4run - INFO] k4run.main: Option name: RndmGenSvc.ThreadSafe True
ApplicationMgr     SUCCESS 
====================================================================================================================================
                                                   Welcome to ApplicationMgr (GaudiCoreSvc v40r2)
                                          running on omunkombwe-3637361.2-ms03.etp.kit.edu on Wed Jan 28 14:15:47 2026
====================================================================================================================================
ApplicationMgr        INFO Application Manager Configured successfully
PersistencyIO    INFO  +++ Set Streamer to dd4hep::OpaqueDataBlock
GeoSvc                INFO Detector geometry will be loaded from the following file(s):
GeoSvc                INFO   - /cvmfs/sw-nightlies.hsf.org/key4hep/releases/2025-12-21/x86_64-almalinux9-gcc14.2.0-opt/k4geo/b0087c8cbda29cc8c69172581b6df033c644d0cf_develop-pv6ukr/share/k4geo/FCCee/IDEA/compact/IDEA_o1_v03/IDEA_o1_v03.xml
GeoSvc                INFO Loading geometry from file: /cvmfs/sw-nightlies.hsf.org/key4hep/releases/2025-12-21/x86_64-almalinux9-gcc14.2.0-opt/k4geo/b0087c8cbda29cc8c69172581b6df033c644d0cf_develop-pv6ukr/share/k4geo/FCCee/IDEA/compact/IDEA_o1_v03/IDEA_o1_v03.xml
DD4hep           WARN  ++ STD conditions NOT defined by client. NTP defaults taken.
Detector         INFO  *********** Created World volume with size: 2500 2500 2500
Compact          WARN  ++ Overwriting/updating Header structure is very dangerous. Try to avoid this.
Compact          WARN  ++     Header definition in: file:///cvmfs/sw-nightlies.hsf.org/key4hep/releases/2025-12-21/x86_64-almalinux9-gcc14.2.0-opt/k4geo/b0087c8cbda29cc8c69172581b6df033c644d0cf_develop-pv6ukr/share/k4geo/FCCee/IDEA/compact/IDEA_o1_v03/DectDimensions_IDEA_o1_v03.xml
VisAttr          INFO  +++ VXDVis Allocated a Color: r:19 g:7F b:7F, this will not save to a ROOT file
VisAttr          INFO  +++ HCALVis Allocated a Color: r:13 g:02 b:95, this will not save to a ROOT file
VisAttr          INFO  +++ LCALVis Allocated a Color: r:3F g:E0 b:CE, this will not save to a ROOT file
VisAttr          INFO  +++ QD0CoilOVis Allocated a Color: r:FF g:3F b:00, this will not save to a ROOT file
VisAttr          INFO  +++ CompSolVis Allocated a Color: r:7F g:7F b:00, this will not save to a ROOT file
VisAttr          INFO  +++ ColliVis Allocated a Color: r:B2 g:7F b:FF, this will not save to a ROOT file
VisAttr          INFO  +++ TantalumVis Allocated a Color: r:FF g:7F b:7F, this will not save to a ROOT file
VisAttr          INFO  +++ AirVis Allocated a Color: r:19 g:19 b:FF, this will not save to a ROOT file
VisAttr          INFO  +++ DRCTowerVis Allocated a Color: r:B2 g:66 b:19, this will not save to a ROOT file
VisAttr          INFO  +++ DRCCerenVis Allocated a Color: r:4C g:99 b:E5, this will not save to a ROOT file
VisAttr          INFO  +++ DRCScintVis Allocated a Color: r:FF g:CC b:19, this will not save to a ROOT file
VisAttr          INFO  +++ DRCCladVis Allocated a Color: r:00 g:7F b:7F, this will not save to a ROOT file
VisAttr          INFO  +++ DRCGlassVis Allocated a Color: r:00 g:19 b:E5, this will not save to a ROOT file
VisAttr          INFO  +++ DRCWaferVis Allocated a Color: r:00 g:E5 b:33, this will not save to a ROOT file
VisAttr          INFO  +++ DRCWorldVis Allocated a Color: r:E5 g:CC b:19, this will not save to a ROOT file
VisAttr          INFO  +++ Cu_vis Allocated a Color: r:CC g:7F b:33, this will not save to a ROOT file
VisAttr          INFO  +++ LCALInstrVis Allocated a Color: r:59 g:00 b:77, this will not save to a ROOT file
Compact          WARN  ++ Overwriting/updating Header structure is very dangerous. Try to avoid this.
Compact          WARN  ++     Header definition in: file:///cvmfs/sw-nightlies.hsf.org/key4hep/releases/2025-12-21/x86_64-almalinux9-gcc14.2.0-opt/k4geo/b0087c8cbda29cc8c69172581b6df033c644d0cf_develop-pv6ukr/share/k4geo/FCCee/MDI/compact/MDI_o1_v00/Beampipe_o4_v05.xml
VisAttr          INFO  +++ TubeVis Allocated a Color: r:FF g:B2 b:7F, this will not save to a ROOT file
Utilities        INFO  +++ setDetectorTypeFlags for detector: BeBeampipe not set.
DD4hep_Beampipe  INFO         0      90      10      10   10.35   10.35    0.35       0                tube_VertexInnerAlb     AlBeMet162
DD4hep_Beampipe  INFO         0      90   10.35   10.35   11.35   11.35       1       0                tube_VertexParaffin  LiquidNDecane
DD4hep_Beampipe  INFO         0      90   11.35   11.35    11.7    11.7    0.35       0                tube_VertexOuterAlb     AlBeMet162
DD4hep_Beampipe  INFO        90    1190      10    28.9      12    30.9       2       0                    tube_AlBeMet162     AlBeMet162
Compact          INFO  ++ Converted subdetector:BeBeampipe of type DD4hep_Beampipe_o1_v01 
Utilities        INFO  +++ setDetectorTypeFlags for detector: BeamPipe not set.
DD4hep_Beampipe  INFO         0      90   9.994   9.994   9.999   9.999   0.005       0               tube_VertexInnerGold           Gold
DD4hep_Beampipe  INFO        90    1190   9.994  28.894   9.999  28.899   0.005       0            tube_ConicalChamberGold           Gold
DD4hep_Beampipe  INFO      1190    1193      15      15    30.9    30.9    15.9       3              tube_SplitVacChambers         Copper
DD4hep_Beampipe  INFO      1193    6000      15      15      16      16       1       7          tube_DownStreamBeamPipe_1         Copper
DD4hep_Beampipe  INFO      1193    2070      15      15      16      16       1       6            tube_UpStreamBeamPipe_1         Copper
DD4hep_Beampipe  INFO      2070    2090      15      10      16   10.01       1       1            tube_UpStreamBeamPipe_2         Copper
DD4hep_Beampipe  INFO      2090    2110      10      10   10.01   10.01    0.01       1            tube_UpStreamBeamPipe_3         Copper
DD4hep_Beampipe  INFO      2110    2130      10      15   10.01      16    0.01       1            tube_UpStreamBeamPipe_4         Copper
DD4hep_Beampipe  INFO      2130    6000      15      15      16      16       1       1            tube_UpStreamBeamPipe_5         Copper
Compact          INFO  ++ Converted subdetector:BeamPipe of type DD4hep_Beampipe_o1_v01 
DD4hep_Mask      INFO      2070    2090  16.001  10.011  16.002  16.002   0.001       1     tube_UpStreamBeamPipe_SRmask_1       Tungsten       0 6.28319    none
DD4hep_Mask      INFO      2090    2110  10.011  10.011  16.002  16.002   5.991       1     tube_UpStreamBeamPipe_SRmask_2       Tungsten       0 6.28319    none
DD4hep_Mask      INFO      2110    2130  10.011  16.001  16.002  16.002   5.991       1     tube_UpStreamBeamPipe_SRmask_3       Tungsten       0 6.28319    none
Compact          INFO  ++ Converted subdetector:SynchRadMask of type DD4hep_Mask_o1_v01 
DD4hep_Mask      INFO      1195    2180    16.8    16.8  49.725    64.5  32.925       3                      tube_TaShield       Tungsten       0 6.28319    none
Compact          INFO  ++ Converted subdetector:BeamPipeShield of type DD4hep_Mask_o1_v01 
DD4hep_Mask      INFO       500  1191.4   19.89 33.0266   27.89 48.0266       8       0               tube_TaShieldTopPart       Tungsten 5.689770.593412    none
DD4hep_Mask      INFO       330     500   16.66   19.89   16.76   27.89     0.1       0              tube_TaShieldTopPart2       Tungsten 5.689770.593412    none
DD4hep_Mask      INFO       600  1191.4   21.79 33.0266   28.79 48.0266       7       0               tube_TaShieldFiller1       Tungsten0.593412 1.22173    none
DD4hep_Mask      INFO       600  1191.4   21.79 33.0266   28.79 48.0266       7       0               tube_TaShieldFiller2       Tungsten 5.07891 5.68977    none
Compact          INFO  ++ Converted subdetector:BeamPipeShield_noRot of type DD4hep_Mask_o1_v01 
Compact          WARN  ++ Overwriting/updating Header structure is very dangerous. Try to avoid this.
Compact          WARN  ++     Header definition in: file:///cvmfs/sw-nightlies.hsf.org/key4hep/releases/2025-12-21/x86_64-almalinux9-gcc14.2.0-opt/k4geo/b0087c8cbda29cc8c69172581b6df033c644d0cf_develop-pv6ukr/share/k4geo/FCCee/MDI/compact/MDI_o1_v00/BeamInstrumentation_o1_v01.xml
DD4hep_Mask      INFO      1230    2000     103     180     123     200      20       0                       tube_CompSolSolenoidMixture       0 6.28319    none
Compact          INFO  ++ Converted subdetector:CompSol of type DD4hep_Mask_o1_v01 
DD4hep_Mask      INFO      2000    2050      66      66     200     200     134       0                       tube_CompSolSolenoidMixture       0 6.28319    none
DD4hep_Mask      INFO      2050    5200     180     180     200     200      20       0                       tube_CompSolSolenoidMixture       0 6.28319    none
Compact          INFO  ++ Converted subdetector:ScreenSol of type DD4hep_Mask_o1_v01 
Compact          WARN  ++ Overwriting/updating Header structure is very dangerous. Try to avoid this.
Compact          WARN  ++     Header definition in: file:///cvmfs/sw-nightlies.hsf.org/key4hep/releases/2025-12-21/x86_64-almalinux9-gcc14.2.0-opt/k4geo/b0087c8cbda29cc8c69172581b6df033c644d0cf_develop-pv6ukr/share/k4geo/FCCee/IDEA/compact/IDEA_o1_v03/LumiCal_o1_v01.xml
dd4hep::Ref_t create_detector(dd4hep::Detector&, xml_h, dd4hep::SensitiveDetector)
Here is my LumiCal
 and this is the sensitive detector: 0x7ffdf1cc8868
 The crossing angle is: 0.03 radian
Total Length 11.25 cm
Layer Thickness 0.45 cm
Compact          INFO  ++ Converted subdetector:LumiCal of type LumiCal_o1_v01 [calorimeter]
dd4hep::Ref_t create_detector(dd4hep::Detector&, xml_h, dd4hep::SensitiveDetector)
Here is my LumiCal
 and this is the sensitive detector: 0x7ffdf1cc8868
 The crossing angle is: 0.03 radian
Total Length 11.25 cm
Layer Thickness 0.45 cm
Compact          INFO  ++ Converted subdetector:LumiCalInstrumentation of type LumiCal_o1_v01 [calorimeter]
dd4hep::Ref_t create_detector(dd4hep::Detector&, xml_h, dd4hep::SensitiveDetector)
Here is my LumiCal
 and this is the sensitive detector: 0x7ffdf1cc8868
 The crossing angle is: 0.03 radian
Total Length 11.25 cm
Layer Thickness 0.45 cm
Compact          INFO  ++ Converted subdetector:LumiCalCooling of type LumiCal_o1_v01 [calorimeter]
dd4hep::Ref_t create_detector(dd4hep::Detector&, xml_h, dd4hep::SensitiveDetector)
Here is my LumiCal
 and this is the sensitive detector: 0x7ffdf1cc8868
 The crossing angle is: 0.03 radian
Total Length 0.35 cm
Layer Thickness 0.35 cm
Compact          INFO  ++ Converted subdetector:LumiCalBackShield of type LumiCal_o1_v01 [calorimeter]
Compact          WARN  ++ Overwriting/updating Header structure is very dangerous. Try to avoid this.
Compact          WARN  ++     Header definition in: file:///cvmfs/sw-nightlies.hsf.org/key4hep/releases/2025-12-21/x86_64-almalinux9-gcc14.2.0-opt/k4geo/b0087c8cbda29cc8c69172581b6df033c644d0cf_develop-pv6ukr/share/k4geo/FCCee/IDEA/compact/IDEA_o1_v03/VertexComplete_IDEA_o1_v03.xml
VisAttr          INFO  +++ VTXGlueVis Allocated a Color: r:FF g:BF b:C9, this will not save to a ROOT file
VisAttr          INFO  +++ VTXIBTube Allocated a Color: r:3F g:3F b:33, this will not save to a ROOT file
Utilities        INFO  +++ setDetectorTypeFlags for detector: Vertex not set.
Compact          INFO  ++ Converted subdetector:Vertex of type DD4hep_SubdetectorAssembly 
VertexBarrel     INFO  Building of detector ...
VertexBarrel     INFO  Building of detector successfully completed
Compact          INFO  ++ Converted subdetector:VertexBarrel of type VertexBarrel_detailed_o1_v02 [tracker]
Utilities        INFO  +++ setDetectorTypeFlags for detector: VertexInnerBarrel_tube not set.
VertexInnerBarrel_tube INFO  Building of detector ...
VertexInnerBarrel_tube INFO  Building of detector successfully completed
Compact          INFO  ++ Converted subdetector:VertexInnerBarrel_tube of type VertexBarrel_detailed_o1_v02 [tracker]
VertexDisks      INFO  Building of detector ...
VertexDisks      INFO  Building of detector successfully completed.
Compact          INFO  ++ Converted subdetector:VertexDisks of type VertexEndcap_detailed_o1_v02 [tracker]
Utilities        INFO  +++ setDetectorTypeFlags for detector: VertexDisks_support not set.
VertexDisks_support INFO  Building of detector ...
VertexDisks_support INFO  Building of detector successfully completed
Compact          INFO  ++ Converted subdetector:VertexDisks_support of type VertexBarrel_detailed_o1_v02 [tracker]
VertexDisks      INFO  +++ Processing SurfaceInstaller for subdetector: 'VertexDisks'
DD4hep_GenericSurfaceInstallerPlugin: argument[1] = dimension = 2
DD4hep_GenericSurfaceInstallerPlugin: argument[2] = u_x = -1
DD4hep_GenericSurfaceInstallerPlugin: argument[3] = v_y = 1
DD4hep_GenericSurfaceInstallerPlugin: argument[4] = n_z = -1
DD4hep_GenericSurfaceInstallerPlugin: vectors: u( -1 , 0 , 0) v( 0 , 1 , 0) n( 0 , 0 , -1) o( 0 , 0 , 0) 
VisAttr          INFO  +++ dch_gas_vis Allocated a Color: r:E2 g:EE b:D8, this will not save to a ROOT file
VisAttr          INFO  +++ dch_vessel_vis Allocated a Color: r:F3 g:B0 b:83, this will not save to a ROOT file
VisAttr          INFO  +++ dch_cooling_vis Allocated a Color: r:FD g:E5 b:96, this will not save to a ROOT file
VisAttr          INFO  +++ dch_layer_vis1 Allocated a Color: r:7F g:E5 b:98, this will not save to a ROOT file
VisAttr          INFO  +++ dch_layer_vis3 Allocated a Color: r:7F g:7F b:FF, this will not save to a ROOT file
VisAttr          INFO  +++ dch_layer_vis4 Allocated a Color: r:00 g:7F b:FF, this will not save to a ROOT file
VisAttr          INFO  +++ dch_layer_vis7 Allocated a Color: r:FF g:7F b:FF, this will not save to a ROOT file
VisAttr          INFO  +++ dch_layer_vis10 Allocated a Color: r:7F g:FF b:7F, this will not save to a ROOT file
VisAttr          INFO  +++ dch_layer_vis16 Allocated a Color: r:00 g:7F b:36, this will not save to a ROOT file
VisAttr          INFO  +++ dch_layer_vis18 Allocated a Color: r:36 g:7F b:7F, this will not save to a ROOT file
VisAttr          INFO  +++ dch_vessel_bulk_vis Allocated a Color: r:EB g:00 b:00, this will not save to a ROOT file
	+ Total size of DCH database = 112
Compact          INFO  ++ Converted subdetector:DCH_v2 of type DriftChamber_o1_v02_T [tracker]
Compact          WARN  ++ Overwriting/updating Header structure is very dangerous. Try to avoid this.
Compact          WARN  ++     Header definition in: file:///cvmfs/sw-nightlies.hsf.org/key4hep/releases/2025-12-21/x86_64-almalinux9-gcc14.2.0-opt/k4geo/b0087c8cbda29cc8c69172581b6df033c644d0cf_develop-pv6ukr/share/k4geo/FCCee/IDEA/compact/IDEA_o1_v03/SiliconWrapper_o1_v03.xml
SiWrB            INFO  Building of detector ...
SiWrB            INFO  Building of detector successfully completed
Compact          INFO  ++ Converted subdetector:SiWrB of type VertexBarrel_detailed_o1_v02 [tracker]
SiWrD            INFO  Building of detector ...
SiWrD            INFO  Building of detector successfully completed.
Compact          INFO  ++ Converted subdetector:SiWrD of type VertexEndcap_detailed_o1_v02 [tracker]
SiWrD            INFO  +++ Processing SurfaceInstaller for subdetector: 'SiWrD'
DD4hep_GenericSurfaceInstallerPlugin: argument[1] = dimension = 2
DD4hep_GenericSurfaceInstallerPlugin: argument[2] = u_x = -1
DD4hep_GenericSurfaceInstallerPlugin: argument[3] = v_y = 1
DD4hep_GenericSurfaceInstallerPlugin: argument[4] = n_z = -1
DD4hep_GenericSurfaceInstallerPlugin: vectors: u( -1 , 0 , 0) v( 0 , 1 , 0) n( 0 , 0 , -1) o( 0 , 0 , 0) 
Compact          WARN  ++ Overwriting/updating Header structure is very dangerous. Try to avoid this.
Compact          WARN  ++     Header definition in: file:///cvmfs/sw-nightlies.hsf.org/key4hep/releases/2025-12-21/x86_64-almalinux9-gcc14.2.0-opt/k4geo/b0087c8cbda29cc8c69172581b6df033c644d0cf_develop-pv6ukr/share/k4geo/FCCee/IDEA/compact/IDEA_o1_v03/Solenoid_o1_v01.xml
VisAttr          INFO  +++ SolenoidBarrelLayerVis Allocated a Color: r:00 g:4C b:4C, this will not save to a ROOT file
VisAttr          INFO  +++ SolenoidCoilEndsVis Allocated a Color: r:00 g:E5 b:E5, this will not save to a ROOT file
Utilities        INFO  +++ setDetectorTypeFlags for detector: Solenoid not set.
Compact          INFO  ++ Converted subdetector:Solenoid of type DD4hep_SubdetectorAssembly 
Compact          INFO  ++ Converted subdetector:SolenoidBarrel of type DD4hep_Solenoid_o1_v01 
Compact          INFO  ++ Converted subdetector:SolenoidEndcaps of type DD4hep_DiskTracker 
Compact          WARN  ++ Overwriting/updating Header structure is very dangerous. Try to avoid this.
Compact          WARN  ++     Header definition in: file:///cvmfs/sw-nightlies.hsf.org/key4hep/releases/2025-12-21/x86_64-almalinux9-gcc14.2.0-opt/k4geo/b0087c8cbda29cc8c69172581b6df033c644d0cf_develop-pv6ukr/share/k4geo/FCCee/IDEA/compact/IDEA_o1_v03/EndPlateAbsorber_o1_v01.xml
Compact          INFO  ++ Converted subdetector:EndPlateAbsorber_positive of type SimpleCylinder_o1_v01 
Compact          INFO  ++ Converted subdetector:EndPlateAbsorber_negative of type SimpleCylinder_o1_v01 
Compact          WARN  ++ Overwriting/updating Header structure is very dangerous. Try to avoid this.
Compact          WARN  ++     Header definition in: file:///cvmfs/sw-nightlies.hsf.org/key4hep/releases/2025-12-21/x86_64-almalinux9-gcc14.2.0-opt/k4geo/b0087c8cbda29cc8c69172581b6df033c644d0cf_develop-pv6ukr/share/k4geo/FCCee/IDEA/compact/IDEA_o1_v03/Preshower_o1_v01.xml
Compact          INFO  ++ Converted subdetector:Preshower of type muonSystemMuRWELL_o1_v01 [tracker]
Preshower        INFO  +++ Processing SurfaceInstaller for subdetector: 'Preshower'
DD4hep_GenericSurfaceInstallerPlugin: argument[1] = dimension = 2
DD4hep_GenericSurfaceInstallerPlugin: argument[2] = u_y = 1
DD4hep_GenericSurfaceInstallerPlugin: argument[3] = v_z = 1
DD4hep_GenericSurfaceInstallerPlugin: argument[4] = n_x = 1
DD4hep_GenericSurfaceInstallerPlugin: vectors: u( 0 , 1 , 0) v( 0 , 0 , 1) n( 1 , 0 , 0) o( 0 , 0 , 0) 
Compact          WARN  ++ Overwriting/updating Header structure is very dangerous. Try to avoid this.
Compact          WARN  ++     Header definition in: file:///cvmfs/sw-nightlies.hsf.org/key4hep/releases/2025-12-21/x86_64-almalinux9-gcc14.2.0-opt/k4geo/b0087c8cbda29cc8c69172581b6df033c644d0cf_develop-pv6ukr/share/k4geo/FCCee/IDEA/compact/IDEA_o1_v03/FiberDualReadoutCalo_o1_v01.xml
Compact          INFO  ++ Converted subdetector:DRcalo of type FiberDualReadoutCalo_o1_v01 [DRcaloSiPMSD]
Compact          WARN  ++ Overwriting/updating Header structure is very dangerous. Try to avoid this.
Compact          WARN  ++     Header definition in: file:///cvmfs/sw-nightlies.hsf.org/key4hep/releases/2025-12-21/x86_64-almalinux9-gcc14.2.0-opt/k4geo/b0087c8cbda29cc8c69172581b6df033c644d0cf_develop-pv6ukr/share/k4geo/FCCee/IDEA/compact/IDEA_o1_v03/MuonSystem_o1_v01.xml
Compact          INFO  ++ Converted subdetector:Muon-System of type muonSystemMuRWELL_o1_v01 [tracker]
Muon-System      INFO  +++ Processing SurfaceInstaller for subdetector: 'Muon-System'
DD4hep_GenericSurfaceInstallerPlugin: argument[1] = dimension = 2
DD4hep_GenericSurfaceInstallerPlugin: argument[2] = u_y = 1
DD4hep_GenericSurfaceInstallerPlugin: argument[3] = v_z = 1
DD4hep_GenericSurfaceInstallerPlugin: argument[4] = n_x = 1
DD4hep_GenericSurfaceInstallerPlugin: vectors: u( 0 , 1 , 0) v( 0 , 0 , 1) n( 1 , 0 , 0) o( 0 , 0 , 0) 
Compact          INFO  ++ Converted field: Successfully created field GlobalSolenoid [solenoid]
Detector         INFO  +++ Patching names of anonymous shapes....
DD4hepVolumeManager INFO  **** running plugin DD4hepVolumeManager ! 
VolumeManager    INFO   - populating volume ids - be patient ...
VolumeManager    INFO   - populating volume ids - done. 80402 nodes.
VolumeManager    INFO  +++ Volume manager populated and loaded.
InstallSurfaceManager INFO  **** running plugin InstallSurfaceManager ! 
InstallSurfaceManager INFO  **** the map of surfaces will be created on first access ! 
GeoSvc                INFO DD4hep geometry SUCCESSFULLY built.
GeoSvc                INFO Geant4 geometry SUCCESSFULLY built.
RndmGenSvc.Engine     INFO Generator engine type:HepRndm::SynchronizedEngine<CLHEP::RanluxEngine>
RndmGenSvc.Engine     INFO Current Seed:1234567 Luxury:3
RndmGenSvc            INFO Using Random engine:HepRndm::Engine<CLHEP::RanluxEngine>
TCling::LoadPCM      ERROR ROOT PCM /cvmfs/sw-nightlies.hsf.org/key4hep/releases/2025-12-21/x86_64-almalinux9-gcc14.2.0-opt/genfit/02-00-05-uvuy5c/lib64/libutilitiesRootDict_rdict.pcm file does not exist
TCling::LoadPCM       INFO In-memory ROOT PCM candidate /cvmfs/sw-nightlies.hsf.org/key4hep/releases/2025-12-21/x86_64-almalinux9-gcc14.2.0-opt/root/6.38.00-2jf5cm/lib/root/libASImageGui_rdict.pcm

TCling::LoadPCM       INFO In-memory ROOT PCM candidate /cvmfs/sw-nightlies.hsf.org/key4hep/releases/2025-12-21/x86_64-almalinux9-gcc14.2.0-opt/root/6.38.00-2jf5cm/lib/root/libASImage_rdict.pcm

TCling::LoadPCM       INFO In-memory ROOT PCM candidate /cvmfs/sw-nightlies.hsf.org/key4hep/releases/2025-12-21/x86_64-almalinux9-gcc14.2.0-opt/root/6.38.00-2jf5cm/lib/root/libEG_rdict.pcm

TCling::LoadPCM       INFO In-memory ROOT PCM candidate /cvmfs/sw-nightlies.hsf.org/key4hep/releases/2025-12-21/x86_64-almalinux9-gcc14.2.0-opt/root/6.38.00-2jf5cm/lib/root/libEve_rdict.pcm

TCling::LoadPCM       INFO In-memory ROOT PCM candidate /cvmfs/sw-nightlies.hsf.org/key4hep/releases/2025-12-21/x86_64-almalinux9-gcc14.2.0-opt/root/6.38.00-2jf5cm/lib/root/libFFTW_rdict.pcm

TCling::LoadPCM       INFO In-memory ROOT PCM candidate /cvmfs/sw-nightlies.hsf.org/key4hep/releases/2025-12-21/x86_64-almalinux9-gcc14.2.0-opt/root/6.38.00-2jf5cm/lib/root/libFitPanel_rdict.pcm

TCling::LoadPCM       INFO In-memory ROOT PCM candidate /cvmfs/sw-nightlies.hsf.org/key4hep/releases/2025-12-21/x86_64-almalinux9-gcc14.2.0-opt/root/6.38.00-2jf5cm/lib/root/libFoam_rdict.pcm

TCling::LoadPCM       INFO In-memory ROOT PCM candidate /cvmfs/sw-nightlies.hsf.org/key4hep/releases/2025-12-21/x86_64-almalinux9-gcc14.2.0-opt/root/6.38.00-2jf5cm/lib/root/libFumili_rdict.pcm

TCling::LoadPCM       INFO In-memory ROOT PCM candidate /cvmfs/sw-nightlies.hsf.org/key4hep/releases/2025-12-21/x86_64-almalinux9-gcc14.2.0-opt/root/6.38.00-2jf5cm/lib/root/libGX11TTF_rdict.pcm

TCling::LoadPCM       INFO In-memory ROOT PCM candidate /cvmfs/sw-nightlies.hsf.org/key4hep/releases/2025-12-21/x86_64-almalinux9-gcc14.2.0-opt/root/6.38.00-2jf5cm/lib/root/libGX11_rdict.pcm

TCling::LoadPCM       INFO In-memory ROOT PCM candidate /cvmfs/sw-nightlies.hsf.org/key4hep/releases/2025-12-21/x86_64-almalinux9-gcc14.2.0-opt/root/6.38.00-2jf5cm/lib/root/libGdml_rdict.pcm

TCling::LoadPCM       INFO In-memory ROOT PCM candidate /cvmfs/sw-nightlies.hsf.org/key4hep/releases/2025-12-21/x86_64-almalinux9-gcc14.2.0-opt/root/6.38.00-2jf5cm/lib/root/libGed_rdict.pcm

TCling::LoadPCM       INFO In-memory ROOT PCM candidate /cvmfs/sw-nightlies.hsf.org/key4hep/releases/2025-12-21/x86_64-almalinux9-gcc14.2.0-opt/root/6.38.00-2jf5cm/lib/root/libGenVector_G__GenVector32_rdict.pcm

TCling::LoadPCM       INFO In-memory ROOT PCM candidate /cvmfs/sw-nightlies.hsf.org/key4hep/releases/2025-12-21/x86_64-almalinux9-gcc14.2.0-opt/root/6.38.00-2jf5cm/lib/root/libGenVector_rdict.pcm

TCling::LoadPCM       INFO In-memory ROOT PCM candidate /cvmfs/sw-nightlies.hsf.org/key4hep/releases/2025-12-21/x86_64-almalinux9-gcc14.2.0-opt/root/6.38.00-2jf5cm/lib/root/libGenetic_rdict.pcm

TCling::LoadPCM       INFO In-memory ROOT PCM candidate /cvmfs/sw-nightlies.hsf.org/key4hep/releases/2025-12-21/x86_64-almalinux9-gcc14.2.0-opt/root/6.38.00-2jf5cm/lib/root/libGeomChecker_rdict.pcm

TCling::LoadPCM       INFO In-memory ROOT PCM candidate /cvmfs/sw-nightlies.hsf.org/key4hep/releases/2025-12-21/x86_64-almalinux9-gcc14.2.0-opt/root/6.38.00-2jf5cm/lib/root/libGeomPainter_rdict.pcm

TCling::LoadPCM       INFO In-memory ROOT PCM candidate /cvmfs/sw-nightlies.hsf.org/key4hep/releases/2025-12-21/x86_64-almalinux9-gcc14.2.0-opt/root/6.38.00-2jf5cm/lib/root/libGeom_rdict.pcm

TCling::LoadPCM       INFO In-memory ROOT PCM candidate /cvmfs/sw-nightlies.hsf.org/key4hep/releases/2025-12-21/x86_64-almalinux9-gcc14.2.0-opt/root/6.38.00-2jf5cm/lib/root/libGpad_rdict.pcm

TCling::LoadPCM       INFO In-memory ROOT PCM candidate /cvmfs/sw-nightlies.hsf.org/key4hep/releases/2025-12-21/x86_64-almalinux9-gcc14.2.0-opt/root/6.38.00-2jf5cm/lib/root/libGraf3d_rdict.pcm

TCling::LoadPCM       INFO In-memory ROOT PCM candidate /cvmfs/sw-nightlies.hsf.org/key4hep/releases/2025-12-21/x86_64-almalinux9-gcc14.2.0-opt/root/6.38.00-2jf5cm/lib/root/libGraf_rdict.pcm

TCling::LoadPCM       INFO In-memory ROOT PCM candidate /cvmfs/sw-nightlies.hsf.org/key4hep/releases/2025-12-21/x86_64-almalinux9-gcc14.2.0-opt/root/6.38.00-2jf5cm/lib/root/libGuiBld_rdict.pcm

TCling::LoadPCM       INFO In-memory ROOT PCM candidate /cvmfs/sw-nightlies.hsf.org/key4hep/releases/2025-12-21/x86_64-almalinux9-gcc14.2.0-opt/root/6.38.00-2jf5cm/lib/root/libGuiHtml_rdict.pcm

TCling::LoadPCM       INFO In-memory ROOT PCM candidate /cvmfs/sw-nightlies.hsf.org/key4hep/releases/2025-12-21/x86_64-almalinux9-gcc14.2.0-opt/root/6.38.00-2jf5cm/lib/root/libGui_rdict.pcm

TCling::LoadPCM       INFO In-memory ROOT PCM candidate /cvmfs/sw-nightlies.hsf.org/key4hep/releases/2025-12-21/x86_64-almalinux9-gcc14.2.0-opt/root/6.38.00-2jf5cm/lib/root/libGviz3d_rdict.pcm

TCling::LoadPCM       INFO In-memory ROOT PCM candidate /cvmfs/sw-nightlies.hsf.org/key4hep/releases/2025-12-21/x86_64-almalinux9-gcc14.2.0-opt/root/6.38.00-2jf5cm/lib/root/libHistFactory_rdict.pcm

TCling::LoadPCM       INFO In-memory ROOT PCM candidate /cvmfs/sw-nightlies.hsf.org/key4hep/releases/2025-12-21/x86_64-almalinux9-gcc14.2.0-opt/root/6.38.00-2jf5cm/lib/root/libHistPainter_rdict.pcm

TCling::LoadPCM       INFO In-memory ROOT PCM candidate /cvmfs/sw-nightlies.hsf.org/key4hep/releases/2025-12-21/x86_64-almalinux9-gcc14.2.0-opt/root/6.38.00-2jf5cm/lib/root/libHist_rdict.pcm

TCling::LoadPCM       INFO In-memory ROOT PCM candidate /cvmfs/sw-nightlies.hsf.org/key4hep/releases/2025-12-21/x86_64-almalinux9-gcc14.2.0-opt/root/6.38.00-2jf5cm/lib/root/libMLP_rdict.pcm

TCling::LoadPCM       INFO In-memory ROOT PCM candidate /cvmfs/sw-nightlies.hsf.org/key4hep/releases/2025-12-21/x86_64-almalinux9-gcc14.2.0-opt/root/6.38.00-2jf5cm/lib/root/libMathCore_rdict.pcm

TCling::LoadPCM       INFO In-memory ROOT PCM candidate /cvmfs/sw-nightlies.hsf.org/key4hep/releases/2025-12-21/x86_64-almalinux9-gcc14.2.0-opt/root/6.38.00-2jf5cm/lib/root/libMathMore_rdict.pcm

TCling::LoadPCM       INFO In-memory ROOT PCM candidate /cvmfs/sw-nightlies.hsf.org/key4hep/releases/2025-12-21/x86_64-almalinux9-gcc14.2.0-opt/root/6.38.00-2jf5cm/lib/root/libMatrix_rdict.pcm

TCling::LoadPCM       INFO In-memory ROOT PCM candidate /cvmfs/sw-nightlies.hsf.org/key4hep/releases/2025-12-21/x86_64-almalinux9-gcc14.2.0-opt/root/6.38.00-2jf5cm/lib/root/libMinuit2_rdict.pcm

TCling::LoadPCM       INFO In-memory ROOT PCM candidate /cvmfs/sw-nightlies.hsf.org/key4hep/releases/2025-12-21/x86_64-almalinux9-gcc14.2.0-opt/root/6.38.00-2jf5cm/lib/root/libMinuit_rdict.pcm

TCling::LoadPCM       INFO In-memory ROOT PCM candidate /cvmfs/sw-nightlies.hsf.org/key4hep/releases/2025-12-21/x86_64-almalinux9-gcc14.2.0-opt/root/6.38.00-2jf5cm/lib/root/libNet_rdict.pcm

TCling::LoadPCM       INFO In-memory ROOT PCM candidate /cvmfs/sw-nightlies.hsf.org/key4hep/releases/2025-12-21/x86_64-almalinux9-gcc14.2.0-opt/root/6.38.00-2jf5cm/lib/root/libNetxNG_rdict.pcm

TCling::LoadPCM       INFO In-memory ROOT PCM candidate /cvmfs/sw-nightlies.hsf.org/key4hep/releases/2025-12-21/x86_64-almalinux9-gcc14.2.0-opt/root/6.38.00-2jf5cm/lib/root/libPhysics_rdict.pcm

TCling::LoadPCM       INFO In-memory ROOT PCM candidate /cvmfs/sw-nightlies.hsf.org/key4hep/releases/2025-12-21/x86_64-almalinux9-gcc14.2.0-opt/root/6.38.00-2jf5cm/lib/root/libPostscript_rdict.pcm

TCling::LoadPCM       INFO In-memory ROOT PCM candidate /cvmfs/sw-nightlies.hsf.org/key4hep/releases/2025-12-21/x86_64-almalinux9-gcc14.2.0-opt/root/6.38.00-2jf5cm/lib/root/libQuadp_rdict.pcm

TCling::LoadPCM       INFO In-memory ROOT PCM candidate /cvmfs/sw-nightlies.hsf.org/key4hep/releases/2025-12-21/x86_64-almalinux9-gcc14.2.0-opt/root/6.38.00-2jf5cm/lib/root/libRCsg_rdict.pcm

TCling::LoadPCM       INFO In-memory ROOT PCM candidate /cvmfs/sw-nightlies.hsf.org/key4hep/releases/2025-12-21/x86_64-almalinux9-gcc14.2.0-opt/root/6.38.00-2jf5cm/lib/root/libRDAVIX_rdict.pcm

TCling::LoadPCM       INFO In-memory ROOT PCM candidate /cvmfs/sw-nightlies.hsf.org/key4hep/releases/2025-12-21/x86_64-almalinux9-gcc14.2.0-opt/root/6.38.00-2jf5cm/lib/root/libRGL_rdict.pcm

TCling::LoadPCM       INFO In-memory ROOT PCM candidate /cvmfs/sw-nightlies.hsf.org/key4hep/releases/2025-12-21/x86_64-almalinux9-gcc14.2.0-opt/root/6.38.00-2jf5cm/lib/root/libRHTTPSniff_rdict.pcm

TCling::LoadPCM       INFO In-memory ROOT PCM candidate /cvmfs/sw-nightlies.hsf.org/key4hep/releases/2025-12-21/x86_64-almalinux9-gcc14.2.0-opt/root/6.38.00-2jf5cm/lib/root/libRHTTP_rdict.pcm

TCling::LoadPCM       INFO In-memory ROOT PCM candidate /cvmfs/sw-nightlies.hsf.org/key4hep/releases/2025-12-21/x86_64-almalinux9-gcc14.2.0-opt/root/6.38.00-2jf5cm/lib/root/libROOTBrowsable_rdict.pcm

TCling::LoadPCM       INFO In-memory ROOT PCM candidate /cvmfs/sw-nightlies.hsf.org/key4hep/releases/2025-12-21/x86_64-almalinux9-gcc14.2.0-opt/root/6.38.00-2jf5cm/lib/root/libROOTBrowserv7_rdict.pcm

TCling::LoadPCM       INFO In-memory ROOT PCM candidate /cvmfs/sw-nightlies.hsf.org/key4hep/releases/2025-12-21/x86_64-almalinux9-gcc14.2.0-opt/root/6.38.00-2jf5cm/lib/root/libROOTDataFrame_rdict.pcm

TCling::LoadPCM       INFO In-memory ROOT PCM candidate /cvmfs/sw-nightlies.hsf.org/key4hep/releases/2025-12-21/x86_64-almalinux9-gcc14.2.0-opt/root/6.38.00-2jf5cm/lib/root/libROOTEve_rdict.pcm

TCling::LoadPCM       INFO In-memory ROOT PCM candidate /cvmfs/sw-nightlies.hsf.org/key4hep/releases/2025-12-21/x86_64-almalinux9-gcc14.2.0-opt/root/6.38.00-2jf5cm/lib/root/libROOTFitPanelv7_rdict.pcm

TCling::LoadPCM       INFO In-memory ROOT PCM candidate /cvmfs/sw-nightlies.hsf.org/key4hep/releases/2025-12-21/x86_64-almalinux9-gcc14.2.0-opt/root/6.38.00-2jf5cm/lib/root/libROOTGeomViewer_rdict.pcm

TCling::LoadPCM       INFO In-memory ROOT PCM candidate /cvmfs/sw-nightlies.hsf.org/key4hep/releases/2025-12-21/x86_64-almalinux9-gcc14.2.0-opt/root/6.38.00-2jf5cm/lib/root/libROOTGpadv7_rdict.pcm

TCling::LoadPCM       INFO In-memory ROOT PCM candidate /cvmfs/sw-nightlies.hsf.org/key4hep/releases/2025-12-21/x86_64-almalinux9-gcc14.2.0-opt/root/6.38.00-2jf5cm/lib/root/libROOTGraphicsPrimitives_rdict.pcm

TCling::LoadPCM       INFO In-memory ROOT PCM candidate /cvmfs/sw-nightlies.hsf.org/key4hep/releases/2025-12-21/x86_64-almalinux9-gcc14.2.0-opt/root/6.38.00-2jf5cm/lib/root/libROOTHist_rdict.pcm

TCling::LoadPCM       INFO In-memory ROOT PCM candidate /cvmfs/sw-nightlies.hsf.org/key4hep/releases/2025-12-21/x86_64-almalinux9-gcc14.2.0-opt/root/6.38.00-2jf5cm/lib/root/libROOTNTupleBrowse_rdict.pcm

TCling::LoadPCM       INFO In-memory ROOT PCM candidate /cvmfs/sw-nightlies.hsf.org/key4hep/releases/2025-12-21/x86_64-almalinux9-gcc14.2.0-opt/root/6.38.00-2jf5cm/lib/root/libROOTNTupleUtil_rdict.pcm

TCling::LoadPCM       INFO In-memory ROOT PCM candidate /cvmfs/sw-nightlies.hsf.org/key4hep/releases/2025-12-21/x86_64-almalinux9-gcc14.2.0-opt/root/6.38.00-2jf5cm/lib/root/libROOTNTuple_rdict.pcm

TCling::LoadPCM       INFO In-memory ROOT PCM candidate /cvmfs/sw-nightlies.hsf.org/key4hep/releases/2025-12-21/x86_64-almalinux9-gcc14.2.0-opt/root/6.38.00-2jf5cm/lib/root/libROOTTMVASofie_rdict.pcm

TCling::LoadPCM       INFO In-memory ROOT PCM candidate /cvmfs/sw-nightlies.hsf.org/key4hep/releases/2025-12-21/x86_64-almalinux9-gcc14.2.0-opt/root/6.38.00-2jf5cm/lib/root/libROOTTPython_rdict.pcm

TCling::LoadPCM       INFO In-memory ROOT PCM candidate /cvmfs/sw-nightlies.hsf.org/key4hep/releases/2025-12-21/x86_64-almalinux9-gcc14.2.0-opt/root/6.38.00-2jf5cm/lib/root/libROOTTreeMap_rdict.pcm

TCling::LoadPCM       INFO In-memory ROOT PCM candidate /cvmfs/sw-nightlies.hsf.org/key4hep/releases/2025-12-21/x86_64-almalinux9-gcc14.2.0-opt/root/6.38.00-2jf5cm/lib/root/libROOTTreeViewer_rdict.pcm

TCling::LoadPCM       INFO In-memory ROOT PCM candidate /cvmfs/sw-nightlies.hsf.org/key4hep/releases/2025-12-21/x86_64-almalinux9-gcc14.2.0-opt/root/6.38.00-2jf5cm/lib/root/libROOTVecOps_rdict.pcm

TCling::LoadPCM       INFO In-memory ROOT PCM candidate /cvmfs/sw-nightlies.hsf.org/key4hep/releases/2025-12-21/x86_64-almalinux9-gcc14.2.0-opt/root/6.38.00-2jf5cm/lib/root/libROOTWebDisplay_rdict.pcm

TCling::LoadPCM       INFO In-memory ROOT PCM candidate /cvmfs/sw-nightlies.hsf.org/key4hep/releases/2025-12-21/x86_64-almalinux9-gcc14.2.0-opt/root/6.38.00-2jf5cm/lib/root/libRSQLite_rdict.pcm

TCling::LoadPCM       INFO In-memory ROOT PCM candidate /cvmfs/sw-nightlies.hsf.org/key4hep/releases/2025-12-21/x86_64-almalinux9-gcc14.2.0-opt/root/6.38.00-2jf5cm/lib/root/libRecorder_rdict.pcm

TCling::LoadPCM       INFO In-memory ROOT PCM candidate /cvmfs/sw-nightlies.hsf.org/key4hep/releases/2025-12-21/x86_64-almalinux9-gcc14.2.0-opt/root/6.38.00-2jf5cm/lib/root/libRooFitCodegen_rdict.pcm

TCling::LoadPCM       INFO In-memory ROOT PCM candidate /cvmfs/sw-nightlies.hsf.org/key4hep/releases/2025-12-21/x86_64-almalinux9-gcc14.2.0-opt/root/6.38.00-2jf5cm/lib/root/libRooFitCore_rdict.pcm

TCling::LoadPCM       INFO In-memory ROOT PCM candidate /cvmfs/sw-nightlies.hsf.org/key4hep/releases/2025-12-21/x86_64-almalinux9-gcc14.2.0-opt/root/6.38.00-2jf5cm/lib/root/libRooFitHS3_rdict.pcm

TCling::LoadPCM       INFO In-memory ROOT PCM candidate /cvmfs/sw-nightlies.hsf.org/key4hep/releases/2025-12-21/x86_64-almalinux9-gcc14.2.0-opt/root/6.38.00-2jf5cm/lib/root/libRooFitJSONInterface_rdict.pcm

TCling::LoadPCM       INFO In-memory ROOT PCM candidate /cvmfs/sw-nightlies.hsf.org/key4hep/releases/2025-12-21/x86_64-almalinux9-gcc14.2.0-opt/root/6.38.00-2jf5cm/lib/root/libRooFitMore_rdict.pcm

TCling::LoadPCM       INFO In-memory ROOT PCM candidate /cvmfs/sw-nightlies.hsf.org/key4hep/releases/2025-12-21/x86_64-almalinux9-gcc14.2.0-opt/root/6.38.00-2jf5cm/lib/root/libRooFitXRooFit_rdict.pcm

TCling::LoadPCM       INFO In-memory ROOT PCM candidate /cvmfs/sw-nightlies.hsf.org/key4hep/releases/2025-12-21/x86_64-almalinux9-gcc14.2.0-opt/root/6.38.00-2jf5cm/lib/root/libRooFit_rdict.pcm

TCling::LoadPCM       INFO In-memory ROOT PCM candidate /cvmfs/sw-nightlies.hsf.org/key4hep/releases/2025-12-21/x86_64-almalinux9-gcc14.2.0-opt/root/6.38.00-2jf5cm/lib/root/libRooStats_rdict.pcm

TCling::LoadPCM       INFO In-memory ROOT PCM candidate /cvmfs/sw-nightlies.hsf.org/key4hep/releases/2025-12-21/x86_64-almalinux9-gcc14.2.0-opt/root/6.38.00-2jf5cm/lib/root/libRootAuth_rdict.pcm

TCling::LoadPCM       INFO In-memory ROOT PCM candidate /cvmfs/sw-nightlies.hsf.org/key4hep/releases/2025-12-21/x86_64-almalinux9-gcc14.2.0-opt/root/6.38.00-2jf5cm/lib/root/libSPlot_rdict.pcm

TCling::LoadPCM       INFO In-memory ROOT PCM candidate /cvmfs/sw-nightlies.hsf.org/key4hep/releases/2025-12-21/x86_64-almalinux9-gcc14.2.0-opt/root/6.38.00-2jf5cm/lib/root/libSQLIO_rdict.pcm

TCling::LoadPCM       INFO In-memory ROOT PCM candidate /cvmfs/sw-nightlies.hsf.org/key4hep/releases/2025-12-21/x86_64-almalinux9-gcc14.2.0-opt/root/6.38.00-2jf5cm/lib/root/libSmatrix_G__Smatrix32_rdict.pcm

TCling::LoadPCM       INFO In-memory ROOT PCM candidate /cvmfs/sw-nightlies.hsf.org/key4hep/releases/2025-12-21/x86_64-almalinux9-gcc14.2.0-opt/root/6.38.00-2jf5cm/lib/root/libSmatrix_rdict.pcm

TCling::LoadPCM       INFO In-memory ROOT PCM candidate /cvmfs/sw-nightlies.hsf.org/key4hep/releases/2025-12-21/x86_64-almalinux9-gcc14.2.0-opt/root/6.38.00-2jf5cm/lib/root/libSpectrumPainter_rdict.pcm

TCling::LoadPCM       INFO In-memory ROOT PCM candidate /cvmfs/sw-nightlies.hsf.org/key4hep/releases/2025-12-21/x86_64-almalinux9-gcc14.2.0-opt/root/6.38.00-2jf5cm/lib/root/libSpectrum_rdict.pcm

TCling::LoadPCM       INFO In-memory ROOT PCM candidate /cvmfs/sw-nightlies.hsf.org/key4hep/releases/2025-12-21/x86_64-almalinux9-gcc14.2.0-opt/root/6.38.00-2jf5cm/lib/root/libTMVAGui_rdict.pcm

TCling::LoadPCM       INFO In-memory ROOT PCM candidate /cvmfs/sw-nightlies.hsf.org/key4hep/releases/2025-12-21/x86_64-almalinux9-gcc14.2.0-opt/root/6.38.00-2jf5cm/lib/root/libTMVAUtils_rdict.pcm

TCling::LoadPCM       INFO In-memory ROOT PCM candidate /cvmfs/sw-nightlies.hsf.org/key4hep/releases/2025-12-21/x86_64-almalinux9-gcc14.2.0-opt/root/6.38.00-2jf5cm/lib/root/libTMVA_rdict.pcm

TCling::LoadPCM       INFO In-memory ROOT PCM candidate /cvmfs/sw-nightlies.hsf.org/key4hep/releases/2025-12-21/x86_64-almalinux9-gcc14.2.0-opt/root/6.38.00-2jf5cm/lib/root/libTreePlayer_rdict.pcm

TCling::LoadPCM       INFO In-memory ROOT PCM candidate /cvmfs/sw-nightlies.hsf.org/key4hep/releases/2025-12-21/x86_64-almalinux9-gcc14.2.0-opt/root/6.38.00-2jf5cm/lib/root/libTreeViewer_rdict.pcm

TCling::LoadPCM       INFO In-memory ROOT PCM candidate /cvmfs/sw-nightlies.hsf.org/key4hep/releases/2025-12-21/x86_64-almalinux9-gcc14.2.0-opt/root/6.38.00-2jf5cm/lib/root/libTree_rdict.pcm

TCling::LoadPCM       INFO In-memory ROOT PCM candidate /cvmfs/sw-nightlies.hsf.org/key4hep/releases/2025-12-21/x86_64-almalinux9-gcc14.2.0-opt/root/6.38.00-2jf5cm/lib/root/libUnuran_rdict.pcm

TCling::LoadPCM       INFO In-memory ROOT PCM candidate /cvmfs/sw-nightlies.hsf.org/key4hep/releases/2025-12-21/x86_64-almalinux9-gcc14.2.0-opt/root/6.38.00-2jf5cm/lib/root/libWebGui6_rdict.pcm

TCling::LoadPCM       INFO In-memory ROOT PCM candidate /cvmfs/sw-nightlies.hsf.org/key4hep/releases/2025-12-21/x86_64-almalinux9-gcc14.2.0-opt/root/6.38.00-2jf5cm/lib/root/libX3d_rdict.pcm

TCling::LoadPCM       INFO In-memory ROOT PCM candidate /cvmfs/sw-nightlies.hsf.org/key4hep/releases/2025-12-21/x86_64-almalinux9-gcc14.2.0-opt/root/6.38.00-2jf5cm/lib/root/libXMLIO_rdict.pcm

TCling::LoadPCM       INFO In-memory ROOT PCM candidate /cvmfs/sw-nightlies.hsf.org/key4hep/releases/2025-12-21/x86_64-almalinux9-gcc14.2.0-opt/root/6.38.00-2jf5cm/lib/root/libXMLParser_rdict.pcm

TCling::LoadPCM      ERROR ROOT PCM /cvmfs/sw-nightlies.hsf.org/key4hep/releases/2025-12-21/x86_64-almalinux9-gcc14.2.0-opt/genfit/02-00-05-uvuy5c/lib64/libtrackRepsRootDict_rdict.pcm file does not exist
TCling::LoadPCM       INFO In-memory ROOT PCM candidate /cvmfs/sw-nightlies.hsf.org/key4hep/releases/2025-12-21/x86_64-almalinux9-gcc14.2.0-opt/root/6.38.00-2jf5cm/lib/root/libASImageGui_rdict.pcm

TCling::LoadPCM       INFO In-memory ROOT PCM candidate /cvmfs/sw-nightlies.hsf.org/key4hep/releases/2025-12-21/x86_64-almalinux9-gcc14.2.0-opt/root/6.38.00-2jf5cm/lib/root/libASImage_rdict.pcm

TCling::LoadPCM       INFO In-memory ROOT PCM candidate /cvmfs/sw-nightlies.hsf.org/key4hep/releases/2025-12-21/x86_64-almalinux9-gcc14.2.0-opt/root/6.38.00-2jf5cm/lib/root/libEG_rdict.pcm

TCling::LoadPCM       INFO In-memory ROOT PCM candidate /cvmfs/sw-nightlies.hsf.org/key4hep/releases/2025-12-21/x86_64-almalinux9-gcc14.2.0-opt/root/6.38.00-2jf5cm/lib/root/libEve_rdict.pcm

TCling::LoadPCM       INFO In-memory ROOT PCM candidate /cvmfs/sw-nightlies.hsf.org/key4hep/releases/2025-12-21/x86_64-almalinux9-gcc14.2.0-opt/root/6.38.00-2jf5cm/lib/root/libFFTW_rdict.pcm

TCling::LoadPCM       INFO In-memory ROOT PCM candidate /cvmfs/sw-nightlies.hsf.org/key4hep/releases/2025-12-21/x86_64-almalinux9-gcc14.2.0-opt/root/6.38.00-2jf5cm/lib/root/libFitPanel_rdict.pcm

TCling::LoadPCM       INFO In-memory ROOT PCM candidate /cvmfs/sw-nightlies.hsf.org/key4hep/releases/2025-12-21/x86_64-almalinux9-gcc14.2.0-opt/root/6.38.00-2jf5cm/lib/root/libFoam_rdict.pcm

TCling::LoadPCM       INFO In-memory ROOT PCM candidate /cvmfs/sw-nightlies.hsf.org/key4hep/releases/2025-12-21/x86_64-almalinux9-gcc14.2.0-opt/root/6.38.00-2jf5cm/lib/root/libFumili_rdict.pcm

TCling::LoadPCM       INFO In-memory ROOT PCM candidate /cvmfs/sw-nightlies.hsf.org/key4hep/releases/2025-12-21/x86_64-almalinux9-gcc14.2.0-opt/root/6.38.00-2jf5cm/lib/root/libGX11TTF_rdict.pcm

TCling::LoadPCM       INFO In-memory ROOT PCM candidate /cvmfs/sw-nightlies.hsf.org/key4hep/releases/2025-12-21/x86_64-almalinux9-gcc14.2.0-opt/root/6.38.00-2jf5cm/lib/root/libGX11_rdict.pcm

TCling::LoadPCM       INFO In-memory ROOT PCM candidate /cvmfs/sw-nightlies.hsf.org/key4hep/releases/2025-12-21/x86_64-almalinux9-gcc14.2.0-opt/root/6.38.00-2jf5cm/lib/root/libGdml_rdict.pcm

TCling::LoadPCM       INFO In-memory ROOT PCM candidate /cvmfs/sw-nightlies.hsf.org/key4hep/releases/2025-12-21/x86_64-almalinux9-gcc14.2.0-opt/root/6.38.00-2jf5cm/lib/root/libGed_rdict.pcm

TCling::LoadPCM       INFO In-memory ROOT PCM candidate /cvmfs/sw-nightlies.hsf.org/key4hep/releases/2025-12-21/x86_64-almalinux9-gcc14.2.0-opt/root/6.38.00-2jf5cm/lib/root/libGenVector_G__GenVector32_rdict.pcm

TCling::LoadPCM       INFO In-memory ROOT PCM candidate /cvmfs/sw-nightlies.hsf.org/key4hep/releases/2025-12-21/x86_64-almalinux9-gcc14.2.0-opt/root/6.38.00-2jf5cm/lib/root/libGenVector_rdict.pcm

TCling::LoadPCM       INFO In-memory ROOT PCM candidate /cvmfs/sw-nightlies.hsf.org/key4hep/releases/2025-12-21/x86_64-almalinux9-gcc14.2.0-opt/root/6.38.00-2jf5cm/lib/root/libGenetic_rdict.pcm

TCling::LoadPCM       INFO In-memory ROOT PCM candidate /cvmfs/sw-nightlies.hsf.org/key4hep/releases/2025-12-21/x86_64-almalinux9-gcc14.2.0-opt/root/6.38.00-2jf5cm/lib/root/libGeomChecker_rdict.pcm

TCling::LoadPCM       INFO In-memory ROOT PCM candidate /cvmfs/sw-nightlies.hsf.org/key4hep/releases/2025-12-21/x86_64-almalinux9-gcc14.2.0-opt/root/6.38.00-2jf5cm/lib/root/libGeomPainter_rdict.pcm

TCling::LoadPCM       INFO In-memory ROOT PCM candidate /cvmfs/sw-nightlies.hsf.org/key4hep/releases/2025-12-21/x86_64-almalinux9-gcc14.2.0-opt/root/6.38.00-2jf5cm/lib/root/libGeom_rdict.pcm

TCling::LoadPCM       INFO In-memory ROOT PCM candidate /cvmfs/sw-nightlies.hsf.org/key4hep/releases/2025-12-21/x86_64-almalinux9-gcc14.2.0-opt/root/6.38.00-2jf5cm/lib/root/libGpad_rdict.pcm

TCling::LoadPCM       INFO In-memory ROOT PCM candidate /cvmfs/sw-nightlies.hsf.org/key4hep/releases/2025-12-21/x86_64-almalinux9-gcc14.2.0-opt/root/6.38.00-2jf5cm/lib/root/libGraf3d_rdict.pcm

TCling::LoadPCM       INFO In-memory ROOT PCM candidate /cvmfs/sw-nightlies.hsf.org/key4hep/releases/2025-12-21/x86_64-almalinux9-gcc14.2.0-opt/root/6.38.00-2jf5cm/lib/root/libGraf_rdict.pcm

TCling::LoadPCM       INFO In-memory ROOT PCM candidate /cvmfs/sw-nightlies.hsf.org/key4hep/releases/2025-12-21/x86_64-almalinux9-gcc14.2.0-opt/root/6.38.00-2jf5cm/lib/root/libGuiBld_rdict.pcm

TCling::LoadPCM       INFO In-memory ROOT PCM candidate /cvmfs/sw-nightlies.hsf.org/key4hep/releases/2025-12-21/x86_64-almalinux9-gcc14.2.0-opt/root/6.38.00-2jf5cm/lib/root/libGuiHtml_rdict.pcm

TCling::LoadPCM       INFO In-memory ROOT PCM candidate /cvmfs/sw-nightlies.hsf.org/key4hep/releases/2025-12-21/x86_64-almalinux9-gcc14.2.0-opt/root/6.38.00-2jf5cm/lib/root/libGui_rdict.pcm

TCling::LoadPCM       INFO In-memory ROOT PCM candidate /cvmfs/sw-nightlies.hsf.org/key4hep/releases/2025-12-21/x86_64-almalinux9-gcc14.2.0-opt/root/6.38.00-2jf5cm/lib/root/libGviz3d_rdict.pcm

TCling::LoadPCM       INFO In-memory ROOT PCM candidate /cvmfs/sw-nightlies.hsf.org/key4hep/releases/2025-12-21/x86_64-almalinux9-gcc14.2.0-opt/root/6.38.00-2jf5cm/lib/root/libHistFactory_rdict.pcm

TCling::LoadPCM       INFO In-memory ROOT PCM candidate /cvmfs/sw-nightlies.hsf.org/key4hep/releases/2025-12-21/x86_64-almalinux9-gcc14.2.0-opt/root/6.38.00-2jf5cm/lib/root/libHistPainter_rdict.pcm

TCling::LoadPCM       INFO In-memory ROOT PCM candidate /cvmfs/sw-nightlies.hsf.org/key4hep/releases/2025-12-21/x86_64-almalinux9-gcc14.2.0-opt/root/6.38.00-2jf5cm/lib/root/libHist_rdict.pcm

TCling::LoadPCM       INFO In-memory ROOT PCM candidate /cvmfs/sw-nightlies.hsf.org/key4hep/releases/2025-12-21/x86_64-almalinux9-gcc14.2.0-opt/root/6.38.00-2jf5cm/lib/root/libMLP_rdict.pcm

TCling::LoadPCM       INFO In-memory ROOT PCM candidate /cvmfs/sw-nightlies.hsf.org/key4hep/releases/2025-12-21/x86_64-almalinux9-gcc14.2.0-opt/root/6.38.00-2jf5cm/lib/root/libMathCore_rdict.pcm

TCling::LoadPCM       INFO In-memory ROOT PCM candidate /cvmfs/sw-nightlies.hsf.org/key4hep/releases/2025-12-21/x86_64-almalinux9-gcc14.2.0-opt/root/6.38.00-2jf5cm/lib/root/libMathMore_rdict.pcm

TCling::LoadPCM       INFO In-memory ROOT PCM candidate /cvmfs/sw-nightlies.hsf.org/key4hep/releases/2025-12-21/x86_64-almalinux9-gcc14.2.0-opt/root/6.38.00-2jf5cm/lib/root/libMatrix_rdict.pcm

TCling::LoadPCM       INFO In-memory ROOT PCM candidate /cvmfs/sw-nightlies.hsf.org/key4hep/releases/2025-12-21/x86_64-almalinux9-gcc14.2.0-opt/root/6.38.00-2jf5cm/lib/root/libMinuit2_rdict.pcm

TCling::LoadPCM       INFO In-memory ROOT PCM candidate /cvmfs/sw-nightlies.hsf.org/key4hep/releases/2025-12-21/x86_64-almalinux9-gcc14.2.0-opt/root/6.38.00-2jf5cm/lib/root/libMinuit_rdict.pcm

TCling::LoadPCM       INFO In-memory ROOT PCM candidate /cvmfs/sw-nightlies.hsf.org/key4hep/releases/2025-12-21/x86_64-almalinux9-gcc14.2.0-opt/root/6.38.00-2jf5cm/lib/root/libNet_rdict.pcm

TCling::LoadPCM       INFO In-memory ROOT PCM candidate /cvmfs/sw-nightlies.hsf.org/key4hep/releases/2025-12-21/x86_64-almalinux9-gcc14.2.0-opt/root/6.38.00-2jf5cm/lib/root/libNetxNG_rdict.pcm

TCling::LoadPCM       INFO In-memory ROOT PCM candidate /cvmfs/sw-nightlies.hsf.org/key4hep/releases/2025-12-21/x86_64-almalinux9-gcc14.2.0-opt/root/6.38.00-2jf5cm/lib/root/libPhysics_rdict.pcm

TCling::LoadPCM       INFO In-memory ROOT PCM candidate /cvmfs/sw-nightlies.hsf.org/key4hep/releases/2025-12-21/x86_64-almalinux9-gcc14.2.0-opt/root/6.38.00-2jf5cm/lib/root/libPostscript_rdict.pcm

TCling::LoadPCM       INFO In-memory ROOT PCM candidate /cvmfs/sw-nightlies.hsf.org/key4hep/releases/2025-12-21/x86_64-almalinux9-gcc14.2.0-opt/root/6.38.00-2jf5cm/lib/root/libQuadp_rdict.pcm

TCling::LoadPCM       INFO In-memory ROOT PCM candidate /cvmfs/sw-nightlies.hsf.org/key4hep/releases/2025-12-21/x86_64-almalinux9-gcc14.2.0-opt/root/6.38.00-2jf5cm/lib/root/libRCsg_rdict.pcm

TCling::LoadPCM       INFO In-memory ROOT PCM candidate /cvmfs/sw-nightlies.hsf.org/key4hep/releases/2025-12-21/x86_64-almalinux9-gcc14.2.0-opt/root/6.38.00-2jf5cm/lib/root/libRDAVIX_rdict.pcm

TCling::LoadPCM       INFO In-memory ROOT PCM candidate /cvmfs/sw-nightlies.hsf.org/key4hep/releases/2025-12-21/x86_64-almalinux9-gcc14.2.0-opt/root/6.38.00-2jf5cm/lib/root/libRGL_rdict.pcm

TCling::LoadPCM       INFO In-memory ROOT PCM candidate /cvmfs/sw-nightlies.hsf.org/key4hep/releases/2025-12-21/x86_64-almalinux9-gcc14.2.0-opt/root/6.38.00-2jf5cm/lib/root/libRHTTPSniff_rdict.pcm

TCling::LoadPCM       INFO In-memory ROOT PCM candidate /cvmfs/sw-nightlies.hsf.org/key4hep/releases/2025-12-21/x86_64-almalinux9-gcc14.2.0-opt/root/6.38.00-2jf5cm/lib/root/libRHTTP_rdict.pcm

TCling::LoadPCM       INFO In-memory ROOT PCM candidate /cvmfs/sw-nightlies.hsf.org/key4hep/releases/2025-12-21/x86_64-almalinux9-gcc14.2.0-opt/root/6.38.00-2jf5cm/lib/root/libROOTBrowsable_rdict.pcm

TCling::LoadPCM       INFO In-memory ROOT PCM candidate /cvmfs/sw-nightlies.hsf.org/key4hep/releases/2025-12-21/x86_64-almalinux9-gcc14.2.0-opt/root/6.38.00-2jf5cm/lib/root/libROOTBrowserv7_rdict.pcm

TCling::LoadPCM       INFO In-memory ROOT PCM candidate /cvmfs/sw-nightlies.hsf.org/key4hep/releases/2025-12-21/x86_64-almalinux9-gcc14.2.0-opt/root/6.38.00-2jf5cm/lib/root/libROOTDataFrame_rdict.pcm

TCling::LoadPCM       INFO In-memory ROOT PCM candidate /cvmfs/sw-nightlies.hsf.org/key4hep/releases/2025-12-21/x86_64-almalinux9-gcc14.2.0-opt/root/6.38.00-2jf5cm/lib/root/libROOTEve_rdict.pcm

TCling::LoadPCM       INFO In-memory ROOT PCM candidate /cvmfs/sw-nightlies.hsf.org/key4hep/releases/2025-12-21/x86_64-almalinux9-gcc14.2.0-opt/root/6.38.00-2jf5cm/lib/root/libROOTFitPanelv7_rdict.pcm

TCling::LoadPCM       INFO In-memory ROOT PCM candidate /cvmfs/sw-nightlies.hsf.org/key4hep/releases/2025-12-21/x86_64-almalinux9-gcc14.2.0-opt/root/6.38.00-2jf5cm/lib/root/libROOTGeomViewer_rdict.pcm

TCling::LoadPCM       INFO In-memory ROOT PCM candidate /cvmfs/sw-nightlies.hsf.org/key4hep/releases/2025-12-21/x86_64-almalinux9-gcc14.2.0-opt/root/6.38.00-2jf5cm/lib/root/libROOTGpadv7_rdict.pcm

TCling::LoadPCM       INFO In-memory ROOT PCM candidate /cvmfs/sw-nightlies.hsf.org/key4hep/releases/2025-12-21/x86_64-almalinux9-gcc14.2.0-opt/root/6.38.00-2jf5cm/lib/root/libROOTGraphicsPrimitives_rdict.pcm

TCling::LoadPCM       INFO In-memory ROOT PCM candidate /cvmfs/sw-nightlies.hsf.org/key4hep/releases/2025-12-21/x86_64-almalinux9-gcc14.2.0-opt/root/6.38.00-2jf5cm/lib/root/libROOTHist_rdict.pcm

TCling::LoadPCM       INFO In-memory ROOT PCM candidate /cvmfs/sw-nightlies.hsf.org/key4hep/releases/2025-12-21/x86_64-almalinux9-gcc14.2.0-opt/root/6.38.00-2jf5cm/lib/root/libROOTNTupleBrowse_rdict.pcm

TCling::LoadPCM       INFO In-memory ROOT PCM candidate /cvmfs/sw-nightlies.hsf.org/key4hep/releases/2025-12-21/x86_64-almalinux9-gcc14.2.0-opt/root/6.38.00-2jf5cm/lib/root/libROOTNTupleUtil_rdict.pcm

TCling::LoadPCM       INFO In-memory ROOT PCM candidate /cvmfs/sw-nightlies.hsf.org/key4hep/releases/2025-12-21/x86_64-almalinux9-gcc14.2.0-opt/root/6.38.00-2jf5cm/lib/root/libROOTNTuple_rdict.pcm

TCling::LoadPCM       INFO In-memory ROOT PCM candidate /cvmfs/sw-nightlies.hsf.org/key4hep/releases/2025-12-21/x86_64-almalinux9-gcc14.2.0-opt/root/6.38.00-2jf5cm/lib/root/libROOTTMVASofie_rdict.pcm

TCling::LoadPCM       INFO In-memory ROOT PCM candidate /cvmfs/sw-nightlies.hsf.org/key4hep/releases/2025-12-21/x86_64-almalinux9-gcc14.2.0-opt/root/6.38.00-2jf5cm/lib/root/libROOTTPython_rdict.pcm

TCling::LoadPCM       INFO In-memory ROOT PCM candidate /cvmfs/sw-nightlies.hsf.org/key4hep/releases/2025-12-21/x86_64-almalinux9-gcc14.2.0-opt/root/6.38.00-2jf5cm/lib/root/libROOTTreeMap_rdict.pcm

TCling::LoadPCM       INFO In-memory ROOT PCM candidate /cvmfs/sw-nightlies.hsf.org/key4hep/releases/2025-12-21/x86_64-almalinux9-gcc14.2.0-opt/root/6.38.00-2jf5cm/lib/root/libROOTTreeViewer_rdict.pcm

TCling::LoadPCM       INFO In-memory ROOT PCM candidate /cvmfs/sw-nightlies.hsf.org/key4hep/releases/2025-12-21/x86_64-almalinux9-gcc14.2.0-opt/root/6.38.00-2jf5cm/lib/root/libROOTVecOps_rdict.pcm

TCling::LoadPCM       INFO In-memory ROOT PCM candidate /cvmfs/sw-nightlies.hsf.org/key4hep/releases/2025-12-21/x86_64-almalinux9-gcc14.2.0-opt/root/6.38.00-2jf5cm/lib/root/libROOTWebDisplay_rdict.pcm

TCling::LoadPCM       INFO In-memory ROOT PCM candidate /cvmfs/sw-nightlies.hsf.org/key4hep/releases/2025-12-21/x86_64-almalinux9-gcc14.2.0-opt/root/6.38.00-2jf5cm/lib/root/libRSQLite_rdict.pcm

TCling::LoadPCM       INFO In-memory ROOT PCM candidate /cvmfs/sw-nightlies.hsf.org/key4hep/releases/2025-12-21/x86_64-almalinux9-gcc14.2.0-opt/root/6.38.00-2jf5cm/lib/root/libRecorder_rdict.pcm

TCling::LoadPCM       INFO In-memory ROOT PCM candidate /cvmfs/sw-nightlies.hsf.org/key4hep/releases/2025-12-21/x86_64-almalinux9-gcc14.2.0-opt/root/6.38.00-2jf5cm/lib/root/libRooFitCodegen_rdict.pcm

TCling::LoadPCM       INFO In-memory ROOT PCM candidate /cvmfs/sw-nightlies.hsf.org/key4hep/releases/2025-12-21/x86_64-almalinux9-gcc14.2.0-opt/root/6.38.00-2jf5cm/lib/root/libRooFitCore_rdict.pcm

TCling::LoadPCM       INFO In-memory ROOT PCM candidate /cvmfs/sw-nightlies.hsf.org/key4hep/releases/2025-12-21/x86_64-almalinux9-gcc14.2.0-opt/root/6.38.00-2jf5cm/lib/root/libRooFitHS3_rdict.pcm

TCling::LoadPCM       INFO In-memory ROOT PCM candidate /cvmfs/sw-nightlies.hsf.org/key4hep/releases/2025-12-21/x86_64-almalinux9-gcc14.2.0-opt/root/6.38.00-2jf5cm/lib/root/libRooFitJSONInterface_rdict.pcm

TCling::LoadPCM       INFO In-memory ROOT PCM candidate /cvmfs/sw-nightlies.hsf.org/key4hep/releases/2025-12-21/x86_64-almalinux9-gcc14.2.0-opt/root/6.38.00-2jf5cm/lib/root/libRooFitMore_rdict.pcm

TCling::LoadPCM       INFO In-memory ROOT PCM candidate /cvmfs/sw-nightlies.hsf.org/key4hep/releases/2025-12-21/x86_64-almalinux9-gcc14.2.0-opt/root/6.38.00-2jf5cm/lib/root/libRooFitXRooFit_rdict.pcm

TCling::LoadPCM       INFO In-memory ROOT PCM candidate /cvmfs/sw-nightlies.hsf.org/key4hep/releases/2025-12-21/x86_64-almalinux9-gcc14.2.0-opt/root/6.38.00-2jf5cm/lib/root/libRooFit_rdict.pcm

TCling::LoadPCM       INFO In-memory ROOT PCM candidate /cvmfs/sw-nightlies.hsf.org/key4hep/releases/2025-12-21/x86_64-almalinux9-gcc14.2.0-opt/root/6.38.00-2jf5cm/lib/root/libRooStats_rdict.pcm

TCling::LoadPCM       INFO In-memory ROOT PCM candidate /cvmfs/sw-nightlies.hsf.org/key4hep/releases/2025-12-21/x86_64-almalinux9-gcc14.2.0-opt/root/6.38.00-2jf5cm/lib/root/libRootAuth_rdict.pcm

TCling::LoadPCM       INFO In-memory ROOT PCM candidate /cvmfs/sw-nightlies.hsf.org/key4hep/releases/2025-12-21/x86_64-almalinux9-gcc14.2.0-opt/root/6.38.00-2jf5cm/lib/root/libSPlot_rdict.pcm

TCling::LoadPCM       INFO In-memory ROOT PCM candidate /cvmfs/sw-nightlies.hsf.org/key4hep/releases/2025-12-21/x86_64-almalinux9-gcc14.2.0-opt/root/6.38.00-2jf5cm/lib/root/libSQLIO_rdict.pcm

TCling::LoadPCM       INFO In-memory ROOT PCM candidate /cvmfs/sw-nightlies.hsf.org/key4hep/releases/2025-12-21/x86_64-almalinux9-gcc14.2.0-opt/root/6.38.00-2jf5cm/lib/root/libSmatrix_G__Smatrix32_rdict.pcm

TCling::LoadPCM       INFO In-memory ROOT PCM candidate /cvmfs/sw-nightlies.hsf.org/key4hep/releases/2025-12-21/x86_64-almalinux9-gcc14.2.0-opt/root/6.38.00-2jf5cm/lib/root/libSmatrix_rdict.pcm

TCling::LoadPCM       INFO In-memory ROOT PCM candidate /cvmfs/sw-nightlies.hsf.org/key4hep/releases/2025-12-21/x86_64-almalinux9-gcc14.2.0-opt/root/6.38.00-2jf5cm/lib/root/libSpectrumPainter_rdict.pcm

TCling::LoadPCM       INFO In-memory ROOT PCM candidate /cvmfs/sw-nightlies.hsf.org/key4hep/releases/2025-12-21/x86_64-almalinux9-gcc14.2.0-opt/root/6.38.00-2jf5cm/lib/root/libSpectrum_rdict.pcm

TCling::LoadPCM       INFO In-memory ROOT PCM candidate /cvmfs/sw-nightlies.hsf.org/key4hep/releases/2025-12-21/x86_64-almalinux9-gcc14.2.0-opt/root/6.38.00-2jf5cm/lib/root/libTMVAGui_rdict.pcm

TCling::LoadPCM       INFO In-memory ROOT PCM candidate /cvmfs/sw-nightlies.hsf.org/key4hep/releases/2025-12-21/x86_64-almalinux9-gcc14.2.0-opt/root/6.38.00-2jf5cm/lib/root/libTMVAUtils_rdict.pcm

TCling::LoadPCM       INFO In-memory ROOT PCM candidate /cvmfs/sw-nightlies.hsf.org/key4hep/releases/2025-12-21/x86_64-almalinux9-gcc14.2.0-opt/root/6.38.00-2jf5cm/lib/root/libTMVA_rdict.pcm

TCling::LoadPCM       INFO In-memory ROOT PCM candidate /cvmfs/sw-nightlies.hsf.org/key4hep/releases/2025-12-21/x86_64-almalinux9-gcc14.2.0-opt/root/6.38.00-2jf5cm/lib/root/libTreePlayer_rdict.pcm

TCling::LoadPCM       INFO In-memory ROOT PCM candidate /cvmfs/sw-nightlies.hsf.org/key4hep/releases/2025-12-21/x86_64-almalinux9-gcc14.2.0-opt/root/6.38.00-2jf5cm/lib/root/libTreeViewer_rdict.pcm

TCling::LoadPCM       INFO In-memory ROOT PCM candidate /cvmfs/sw-nightlies.hsf.org/key4hep/releases/2025-12-21/x86_64-almalinux9-gcc14.2.0-opt/root/6.38.00-2jf5cm/lib/root/libTree_rdict.pcm

TCling::LoadPCM       INFO In-memory ROOT PCM candidate /cvmfs/sw-nightlies.hsf.org/key4hep/releases/2025-12-21/x86_64-almalinux9-gcc14.2.0-opt/root/6.38.00-2jf5cm/lib/root/libUnuran_rdict.pcm

TCling::LoadPCM       INFO In-memory ROOT PCM candidate /cvmfs/sw-nightlies.hsf.org/key4hep/releases/2025-12-21/x86_64-almalinux9-gcc14.2.0-opt/root/6.38.00-2jf5cm/lib/root/libWebGui6_rdict.pcm

TCling::LoadPCM       INFO In-memory ROOT PCM candidate /cvmfs/sw-nightlies.hsf.org/key4hep/releases/2025-12-21/x86_64-almalinux9-gcc14.2.0-opt/root/6.38.00-2jf5cm/lib/root/libX3d_rdict.pcm

TCling::LoadPCM       INFO In-memory ROOT PCM candidate /cvmfs/sw-nightlies.hsf.org/key4hep/releases/2025-12-21/x86_64-almalinux9-gcc14.2.0-opt/root/6.38.00-2jf5cm/lib/root/libXMLIO_rdict.pcm

TCling::LoadPCM       INFO In-memory ROOT PCM candidate /cvmfs/sw-nightlies.hsf.org/key4hep/releases/2025-12-21/x86_64-almalinux9-gcc14.2.0-opt/root/6.38.00-2jf5cm/lib/root/libXMLParser_rdict.pcm

TCling::LoadPCM      ERROR ROOT PCM /cvmfs/sw-nightlies.hsf.org/key4hep/releases/2025-12-21/x86_64-almalinux9-gcc14.2.0-opt/genfit/02-00-05-uvuy5c/lib64/libmeasurementsRootDict_rdict.pcm file does not exist
TCling::LoadPCM       INFO In-memory ROOT PCM candidate /cvmfs/sw-nightlies.hsf.org/key4hep/releases/2025-12-21/x86_64-almalinux9-gcc14.2.0-opt/root/6.38.00-2jf5cm/lib/root/libASImageGui_rdict.pcm

TCling::LoadPCM       INFO In-memory ROOT PCM candidate /cvmfs/sw-nightlies.hsf.org/key4hep/releases/2025-12-21/x86_64-almalinux9-gcc14.2.0-opt/root/6.38.00-2jf5cm/lib/root/libASImage_rdict.pcm

TCling::LoadPCM       INFO In-memory ROOT PCM candidate /cvmfs/sw-nightlies.hsf.org/key4hep/releases/2025-12-21/x86_64-almalinux9-gcc14.2.0-opt/root/6.38.00-2jf5cm/lib/root/libEG_rdict.pcm

TCling::LoadPCM       INFO In-memory ROOT PCM candidate /cvmfs/sw-nightlies.hsf.org/key4hep/releases/2025-12-21/x86_64-almalinux9-gcc14.2.0-opt/root/6.38.00-2jf5cm/lib/root/libEve_rdict.pcm

TCling::LoadPCM       INFO In-memory ROOT PCM candidate /cvmfs/sw-nightlies.hsf.org/key4hep/releases/2025-12-21/x86_64-almalinux9-gcc14.2.0-opt/root/6.38.00-2jf5cm/lib/root/libFFTW_rdict.pcm

TCling::LoadPCM       INFO In-memory ROOT PCM candidate /cvmfs/sw-nightlies.hsf.org/key4hep/releases/2025-12-21/x86_64-almalinux9-gcc14.2.0-opt/root/6.38.00-2jf5cm/lib/root/libFitPanel_rdict.pcm

TCling::LoadPCM       INFO In-memory ROOT PCM candidate /cvmfs/sw-nightlies.hsf.org/key4hep/releases/2025-12-21/x86_64-almalinux9-gcc14.2.0-opt/root/6.38.00-2jf5cm/lib/root/libFoam_rdict.pcm

TCling::LoadPCM       INFO In-memory ROOT PCM candidate /cvmfs/sw-nightlies.hsf.org/key4hep/releases/2025-12-21/x86_64-almalinux9-gcc14.2.0-opt/root/6.38.00-2jf5cm/lib/root/libFumili_rdict.pcm

TCling::LoadPCM       INFO In-memory ROOT PCM candidate /cvmfs/sw-nightlies.hsf.org/key4hep/releases/2025-12-21/x86_64-almalinux9-gcc14.2.0-opt/root/6.38.00-2jf5cm/lib/root/libGX11TTF_rdict.pcm

TCling::LoadPCM       INFO In-memory ROOT PCM candidate /cvmfs/sw-nightlies.hsf.org/key4hep/releases/2025-12-21/x86_64-almalinux9-gcc14.2.0-opt/root/6.38.00-2jf5cm/lib/root/libGX11_rdict.pcm

TCling::LoadPCM       INFO In-memory ROOT PCM candidate /cvmfs/sw-nightlies.hsf.org/key4hep/releases/2025-12-21/x86_64-almalinux9-gcc14.2.0-opt/root/6.38.00-2jf5cm/lib/root/libGdml_rdict.pcm

TCling::LoadPCM       INFO In-memory ROOT PCM candidate /cvmfs/sw-nightlies.hsf.org/key4hep/releases/2025-12-21/x86_64-almalinux9-gcc14.2.0-opt/root/6.38.00-2jf5cm/lib/root/libGed_rdict.pcm

TCling::LoadPCM       INFO In-memory ROOT PCM candidate /cvmfs/sw-nightlies.hsf.org/key4hep/releases/2025-12-21/x86_64-almalinux9-gcc14.2.0-opt/root/6.38.00-2jf5cm/lib/root/libGenVector_G__GenVector32_rdict.pcm

TCling::LoadPCM       INFO In-memory ROOT PCM candidate /cvmfs/sw-nightlies.hsf.org/key4hep/releases/2025-12-21/x86_64-almalinux9-gcc14.2.0-opt/root/6.38.00-2jf5cm/lib/root/libGenVector_rdict.pcm

TCling::LoadPCM       INFO In-memory ROOT PCM candidate /cvmfs/sw-nightlies.hsf.org/key4hep/releases/2025-12-21/x86_64-almalinux9-gcc14.2.0-opt/root/6.38.00-2jf5cm/lib/root/libGenetic_rdict.pcm

TCling::LoadPCM       INFO In-memory ROOT PCM candidate /cvmfs/sw-nightlies.hsf.org/key4hep/releases/2025-12-21/x86_64-almalinux9-gcc14.2.0-opt/root/6.38.00-2jf5cm/lib/root/libGeomChecker_rdict.pcm

TCling::LoadPCM       INFO In-memory ROOT PCM candidate /cvmfs/sw-nightlies.hsf.org/key4hep/releases/2025-12-21/x86_64-almalinux9-gcc14.2.0-opt/root/6.38.00-2jf5cm/lib/root/libGeomPainter_rdict.pcm

TCling::LoadPCM       INFO In-memory ROOT PCM candidate /cvmfs/sw-nightlies.hsf.org/key4hep/releases/2025-12-21/x86_64-almalinux9-gcc14.2.0-opt/root/6.38.00-2jf5cm/lib/root/libGeom_rdict.pcm

TCling::LoadPCM       INFO In-memory ROOT PCM candidate /cvmfs/sw-nightlies.hsf.org/key4hep/releases/2025-12-21/x86_64-almalinux9-gcc14.2.0-opt/root/6.38.00-2jf5cm/lib/root/libGpad_rdict.pcm

TCling::LoadPCM       INFO In-memory ROOT PCM candidate /cvmfs/sw-nightlies.hsf.org/key4hep/releases/2025-12-21/x86_64-almalinux9-gcc14.2.0-opt/root/6.38.00-2jf5cm/lib/root/libGraf3d_rdict.pcm

TCling::LoadPCM       INFO In-memory ROOT PCM candidate /cvmfs/sw-nightlies.hsf.org/key4hep/releases/2025-12-21/x86_64-almalinux9-gcc14.2.0-opt/root/6.38.00-2jf5cm/lib/root/libGraf_rdict.pcm

TCling::LoadPCM       INFO In-memory ROOT PCM candidate /cvmfs/sw-nightlies.hsf.org/key4hep/releases/2025-12-21/x86_64-almalinux9-gcc14.2.0-opt/root/6.38.00-2jf5cm/lib/root/libGuiBld_rdict.pcm

TCling::LoadPCM       INFO In-memory ROOT PCM candidate /cvmfs/sw-nightlies.hsf.org/key4hep/releases/2025-12-21/x86_64-almalinux9-gcc14.2.0-opt/root/6.38.00-2jf5cm/lib/root/libGuiHtml_rdict.pcm

TCling::LoadPCM       INFO In-memory ROOT PCM candidate /cvmfs/sw-nightlies.hsf.org/key4hep/releases/2025-12-21/x86_64-almalinux9-gcc14.2.0-opt/root/6.38.00-2jf5cm/lib/root/libGui_rdict.pcm

TCling::LoadPCM       INFO In-memory ROOT PCM candidate /cvmfs/sw-nightlies.hsf.org/key4hep/releases/2025-12-21/x86_64-almalinux9-gcc14.2.0-opt/root/6.38.00-2jf5cm/lib/root/libGviz3d_rdict.pcm

TCling::LoadPCM       INFO In-memory ROOT PCM candidate /cvmfs/sw-nightlies.hsf.org/key4hep/releases/2025-12-21/x86_64-almalinux9-gcc14.2.0-opt/root/6.38.00-2jf5cm/lib/root/libHistFactory_rdict.pcm

TCling::LoadPCM       INFO In-memory ROOT PCM candidate /cvmfs/sw-nightlies.hsf.org/key4hep/releases/2025-12-21/x86_64-almalinux9-gcc14.2.0-opt/root/6.38.00-2jf5cm/lib/root/libHistPainter_rdict.pcm

TCling::LoadPCM       INFO In-memory ROOT PCM candidate /cvmfs/sw-nightlies.hsf.org/key4hep/releases/2025-12-21/x86_64-almalinux9-gcc14.2.0-opt/root/6.38.00-2jf5cm/lib/root/libHist_rdict.pcm

TCling::LoadPCM       INFO In-memory ROOT PCM candidate /cvmfs/sw-nightlies.hsf.org/key4hep/releases/2025-12-21/x86_64-almalinux9-gcc14.2.0-opt/root/6.38.00-2jf5cm/lib/root/libMLP_rdict.pcm

TCling::LoadPCM       INFO In-memory ROOT PCM candidate /cvmfs/sw-nightlies.hsf.org/key4hep/releases/2025-12-21/x86_64-almalinux9-gcc14.2.0-opt/root/6.38.00-2jf5cm/lib/root/libMathCore_rdict.pcm

TCling::LoadPCM       INFO In-memory ROOT PCM candidate /cvmfs/sw-nightlies.hsf.org/key4hep/releases/2025-12-21/x86_64-almalinux9-gcc14.2.0-opt/root/6.38.00-2jf5cm/lib/root/libMathMore_rdict.pcm

TCling::LoadPCM       INFO In-memory ROOT PCM candidate /cvmfs/sw-nightlies.hsf.org/key4hep/releases/2025-12-21/x86_64-almalinux9-gcc14.2.0-opt/root/6.38.00-2jf5cm/lib/root/libMatrix_rdict.pcm

TCling::LoadPCM       INFO In-memory ROOT PCM candidate /cvmfs/sw-nightlies.hsf.org/key4hep/releases/2025-12-21/x86_64-almalinux9-gcc14.2.0-opt/root/6.38.00-2jf5cm/lib/root/libMinuit2_rdict.pcm

TCling::LoadPCM       INFO In-memory ROOT PCM candidate /cvmfs/sw-nightlies.hsf.org/key4hep/releases/2025-12-21/x86_64-almalinux9-gcc14.2.0-opt/root/6.38.00-2jf5cm/lib/root/libMinuit_rdict.pcm

TCling::LoadPCM       INFO In-memory ROOT PCM candidate /cvmfs/sw-nightlies.hsf.org/key4hep/releases/2025-12-21/x86_64-almalinux9-gcc14.2.0-opt/root/6.38.00-2jf5cm/lib/root/libNet_rdict.pcm

TCling::LoadPCM       INFO In-memory ROOT PCM candidate /cvmfs/sw-nightlies.hsf.org/key4hep/releases/2025-12-21/x86_64-almalinux9-gcc14.2.0-opt/root/6.38.00-2jf5cm/lib/root/libNetxNG_rdict.pcm

TCling::LoadPCM       INFO In-memory ROOT PCM candidate /cvmfs/sw-nightlies.hsf.org/key4hep/releases/2025-12-21/x86_64-almalinux9-gcc14.2.0-opt/root/6.38.00-2jf5cm/lib/root/libPhysics_rdict.pcm

TCling::LoadPCM       INFO In-memory ROOT PCM candidate /cvmfs/sw-nightlies.hsf.org/key4hep/releases/2025-12-21/x86_64-almalinux9-gcc14.2.0-opt/root/6.38.00-2jf5cm/lib/root/libPostscript_rdict.pcm

TCling::LoadPCM       INFO In-memory ROOT PCM candidate /cvmfs/sw-nightlies.hsf.org/key4hep/releases/2025-12-21/x86_64-almalinux9-gcc14.2.0-opt/root/6.38.00-2jf5cm/lib/root/libQuadp_rdict.pcm

TCling::LoadPCM       INFO In-memory ROOT PCM candidate /cvmfs/sw-nightlies.hsf.org/key4hep/releases/2025-12-21/x86_64-almalinux9-gcc14.2.0-opt/root/6.38.00-2jf5cm/lib/root/libRCsg_rdict.pcm

TCling::LoadPCM       INFO In-memory ROOT PCM candidate /cvmfs/sw-nightlies.hsf.org/key4hep/releases/2025-12-21/x86_64-almalinux9-gcc14.2.0-opt/root/6.38.00-2jf5cm/lib/root/libRDAVIX_rdict.pcm

TCling::LoadPCM       INFO In-memory ROOT PCM candidate /cvmfs/sw-nightlies.hsf.org/key4hep/releases/2025-12-21/x86_64-almalinux9-gcc14.2.0-opt/root/6.38.00-2jf5cm/lib/root/libRGL_rdict.pcm

TCling::LoadPCM       INFO In-memory ROOT PCM candidate /cvmfs/sw-nightlies.hsf.org/key4hep/releases/2025-12-21/x86_64-almalinux9-gcc14.2.0-opt/root/6.38.00-2jf5cm/lib/root/libRHTTPSniff_rdict.pcm

TCling::LoadPCM       INFO In-memory ROOT PCM candidate /cvmfs/sw-nightlies.hsf.org/key4hep/releases/2025-12-21/x86_64-almalinux9-gcc14.2.0-opt/root/6.38.00-2jf5cm/lib/root/libRHTTP_rdict.pcm

TCling::LoadPCM       INFO In-memory ROOT PCM candidate /cvmfs/sw-nightlies.hsf.org/key4hep/releases/2025-12-21/x86_64-almalinux9-gcc14.2.0-opt/root/6.38.00-2jf5cm/lib/root/libROOTBrowsable_rdict.pcm

TCling::LoadPCM       INFO In-memory ROOT PCM candidate /cvmfs/sw-nightlies.hsf.org/key4hep/releases/2025-12-21/x86_64-almalinux9-gcc14.2.0-opt/root/6.38.00-2jf5cm/lib/root/libROOTBrowserv7_rdict.pcm

TCling::LoadPCM       INFO In-memory ROOT PCM candidate /cvmfs/sw-nightlies.hsf.org/key4hep/releases/2025-12-21/x86_64-almalinux9-gcc14.2.0-opt/root/6.38.00-2jf5cm/lib/root/libROOTDataFrame_rdict.pcm

TCling::LoadPCM       INFO In-memory ROOT PCM candidate /cvmfs/sw-nightlies.hsf.org/key4hep/releases/2025-12-21/x86_64-almalinux9-gcc14.2.0-opt/root/6.38.00-2jf5cm/lib/root/libROOTEve_rdict.pcm

TCling::LoadPCM       INFO In-memory ROOT PCM candidate /cvmfs/sw-nightlies.hsf.org/key4hep/releases/2025-12-21/x86_64-almalinux9-gcc14.2.0-opt/root/6.38.00-2jf5cm/lib/root/libROOTFitPanelv7_rdict.pcm

TCling::LoadPCM       INFO In-memory ROOT PCM candidate /cvmfs/sw-nightlies.hsf.org/key4hep/releases/2025-12-21/x86_64-almalinux9-gcc14.2.0-opt/root/6.38.00-2jf5cm/lib/root/libROOTGeomViewer_rdict.pcm

TCling::LoadPCM       INFO In-memory ROOT PCM candidate /cvmfs/sw-nightlies.hsf.org/key4hep/releases/2025-12-21/x86_64-almalinux9-gcc14.2.0-opt/root/6.38.00-2jf5cm/lib/root/libROOTGpadv7_rdict.pcm

TCling::LoadPCM       INFO In-memory ROOT PCM candidate /cvmfs/sw-nightlies.hsf.org/key4hep/releases/2025-12-21/x86_64-almalinux9-gcc14.2.0-opt/root/6.38.00-2jf5cm/lib/root/libROOTGraphicsPrimitives_rdict.pcm

TCling::LoadPCM       INFO In-memory ROOT PCM candidate /cvmfs/sw-nightlies.hsf.org/key4hep/releases/2025-12-21/x86_64-almalinux9-gcc14.2.0-opt/root/6.38.00-2jf5cm/lib/root/libROOTHist_rdict.pcm

TCling::LoadPCM       INFO In-memory ROOT PCM candidate /cvmfs/sw-nightlies.hsf.org/key4hep/releases/2025-12-21/x86_64-almalinux9-gcc14.2.0-opt/root/6.38.00-2jf5cm/lib/root/libROOTNTupleBrowse_rdict.pcm

TCling::LoadPCM       INFO In-memory ROOT PCM candidate /cvmfs/sw-nightlies.hsf.org/key4hep/releases/2025-12-21/x86_64-almalinux9-gcc14.2.0-opt/root/6.38.00-2jf5cm/lib/root/libROOTNTupleUtil_rdict.pcm

TCling::LoadPCM       INFO In-memory ROOT PCM candidate /cvmfs/sw-nightlies.hsf.org/key4hep/releases/2025-12-21/x86_64-almalinux9-gcc14.2.0-opt/root/6.38.00-2jf5cm/lib/root/libROOTNTuple_rdict.pcm

TCling::LoadPCM       INFO In-memory ROOT PCM candidate /cvmfs/sw-nightlies.hsf.org/key4hep/releases/2025-12-21/x86_64-almalinux9-gcc14.2.0-opt/root/6.38.00-2jf5cm/lib/root/libROOTTMVASofie_rdict.pcm

TCling::LoadPCM       INFO In-memory ROOT PCM candidate /cvmfs/sw-nightlies.hsf.org/key4hep/releases/2025-12-21/x86_64-almalinux9-gcc14.2.0-opt/root/6.38.00-2jf5cm/lib/root/libROOTTPython_rdict.pcm

TCling::LoadPCM       INFO In-memory ROOT PCM candidate /cvmfs/sw-nightlies.hsf.org/key4hep/releases/2025-12-21/x86_64-almalinux9-gcc14.2.0-opt/root/6.38.00-2jf5cm/lib/root/libROOTTreeMap_rdict.pcm

TCling::LoadPCM       INFO In-memory ROOT PCM candidate /cvmfs/sw-nightlies.hsf.org/key4hep/releases/2025-12-21/x86_64-almalinux9-gcc14.2.0-opt/root/6.38.00-2jf5cm/lib/root/libROOTTreeViewer_rdict.pcm

TCling::LoadPCM       INFO In-memory ROOT PCM candidate /cvmfs/sw-nightlies.hsf.org/key4hep/releases/2025-12-21/x86_64-almalinux9-gcc14.2.0-opt/root/6.38.00-2jf5cm/lib/root/libROOTVecOps_rdict.pcm

TCling::LoadPCM       INFO In-memory ROOT PCM candidate /cvmfs/sw-nightlies.hsf.org/key4hep/releases/2025-12-21/x86_64-almalinux9-gcc14.2.0-opt/root/6.38.00-2jf5cm/lib/root/libROOTWebDisplay_rdict.pcm

TCling::LoadPCM       INFO In-memory ROOT PCM candidate /cvmfs/sw-nightlies.hsf.org/key4hep/releases/2025-12-21/x86_64-almalinux9-gcc14.2.0-opt/root/6.38.00-2jf5cm/lib/root/libRSQLite_rdict.pcm

TCling::LoadPCM       INFO In-memory ROOT PCM candidate /cvmfs/sw-nightlies.hsf.org/key4hep/releases/2025-12-21/x86_64-almalinux9-gcc14.2.0-opt/root/6.38.00-2jf5cm/lib/root/libRecorder_rdict.pcm

TCling::LoadPCM       INFO In-memory ROOT PCM candidate /cvmfs/sw-nightlies.hsf.org/key4hep/releases/2025-12-21/x86_64-almalinux9-gcc14.2.0-opt/root/6.38.00-2jf5cm/lib/root/libRooFitCodegen_rdict.pcm

TCling::LoadPCM       INFO In-memory ROOT PCM candidate /cvmfs/sw-nightlies.hsf.org/key4hep/releases/2025-12-21/x86_64-almalinux9-gcc14.2.0-opt/root/6.38.00-2jf5cm/lib/root/libRooFitCore_rdict.pcm

TCling::LoadPCM       INFO In-memory ROOT PCM candidate /cvmfs/sw-nightlies.hsf.org/key4hep/releases/2025-12-21/x86_64-almalinux9-gcc14.2.0-opt/root/6.38.00-2jf5cm/lib/root/libRooFitHS3_rdict.pcm

TCling::LoadPCM       INFO In-memory ROOT PCM candidate /cvmfs/sw-nightlies.hsf.org/key4hep/releases/2025-12-21/x86_64-almalinux9-gcc14.2.0-opt/root/6.38.00-2jf5cm/lib/root/libRooFitJSONInterface_rdict.pcm

TCling::LoadPCM       INFO In-memory ROOT PCM candidate /cvmfs/sw-nightlies.hsf.org/key4hep/releases/2025-12-21/x86_64-almalinux9-gcc14.2.0-opt/root/6.38.00-2jf5cm/lib/root/libRooFitMore_rdict.pcm

TCling::LoadPCM       INFO In-memory ROOT PCM candidate /cvmfs/sw-nightlies.hsf.org/key4hep/releases/2025-12-21/x86_64-almalinux9-gcc14.2.0-opt/root/6.38.00-2jf5cm/lib/root/libRooFitXRooFit_rdict.pcm

TCling::LoadPCM       INFO In-memory ROOT PCM candidate /cvmfs/sw-nightlies.hsf.org/key4hep/releases/2025-12-21/x86_64-almalinux9-gcc14.2.0-opt/root/6.38.00-2jf5cm/lib/root/libRooFit_rdict.pcm

TCling::LoadPCM       INFO In-memory ROOT PCM candidate /cvmfs/sw-nightlies.hsf.org/key4hep/releases/2025-12-21/x86_64-almalinux9-gcc14.2.0-opt/root/6.38.00-2jf5cm/lib/root/libRooStats_rdict.pcm

TCling::LoadPCM       INFO In-memory ROOT PCM candidate /cvmfs/sw-nightlies.hsf.org/key4hep/releases/2025-12-21/x86_64-almalinux9-gcc14.2.0-opt/root/6.38.00-2jf5cm/lib/root/libRootAuth_rdict.pcm

TCling::LoadPCM       INFO In-memory ROOT PCM candidate /cvmfs/sw-nightlies.hsf.org/key4hep/releases/2025-12-21/x86_64-almalinux9-gcc14.2.0-opt/root/6.38.00-2jf5cm/lib/root/libSPlot_rdict.pcm

TCling::LoadPCM       INFO In-memory ROOT PCM candidate /cvmfs/sw-nightlies.hsf.org/key4hep/releases/2025-12-21/x86_64-almalinux9-gcc14.2.0-opt/root/6.38.00-2jf5cm/lib/root/libSQLIO_rdict.pcm

TCling::LoadPCM       INFO In-memory ROOT PCM candidate /cvmfs/sw-nightlies.hsf.org/key4hep/releases/2025-12-21/x86_64-almalinux9-gcc14.2.0-opt/root/6.38.00-2jf5cm/lib/root/libSmatrix_G__Smatrix32_rdict.pcm

TCling::LoadPCM       INFO In-memory ROOT PCM candidate /cvmfs/sw-nightlies.hsf.org/key4hep/releases/2025-12-21/x86_64-almalinux9-gcc14.2.0-opt/root/6.38.00-2jf5cm/lib/root/libSmatrix_rdict.pcm

TCling::LoadPCM       INFO In-memory ROOT PCM candidate /cvmfs/sw-nightlies.hsf.org/key4hep/releases/2025-12-21/x86_64-almalinux9-gcc14.2.0-opt/root/6.38.00-2jf5cm/lib/root/libSpectrumPainter_rdict.pcm

TCling::LoadPCM       INFO In-memory ROOT PCM candidate /cvmfs/sw-nightlies.hsf.org/key4hep/releases/2025-12-21/x86_64-almalinux9-gcc14.2.0-opt/root/6.38.00-2jf5cm/lib/root/libSpectrum_rdict.pcm

TCling::LoadPCM       INFO In-memory ROOT PCM candidate /cvmfs/sw-nightlies.hsf.org/key4hep/releases/2025-12-21/x86_64-almalinux9-gcc14.2.0-opt/root/6.38.00-2jf5cm/lib/root/libTMVAGui_rdict.pcm

TCling::LoadPCM       INFO In-memory ROOT PCM candidate /cvmfs/sw-nightlies.hsf.org/key4hep/releases/2025-12-21/x86_64-almalinux9-gcc14.2.0-opt/root/6.38.00-2jf5cm/lib/root/libTMVAUtils_rdict.pcm

TCling::LoadPCM       INFO In-memory ROOT PCM candidate /cvmfs/sw-nightlies.hsf.org/key4hep/releases/2025-12-21/x86_64-almalinux9-gcc14.2.0-opt/root/6.38.00-2jf5cm/lib/root/libTMVA_rdict.pcm

TCling::LoadPCM       INFO In-memory ROOT PCM candidate /cvmfs/sw-nightlies.hsf.org/key4hep/releases/2025-12-21/x86_64-almalinux9-gcc14.2.0-opt/root/6.38.00-2jf5cm/lib/root/libTreePlayer_rdict.pcm

TCling::LoadPCM       INFO In-memory ROOT PCM candidate /cvmfs/sw-nightlies.hsf.org/key4hep/releases/2025-12-21/x86_64-almalinux9-gcc14.2.0-opt/root/6.38.00-2jf5cm/lib/root/libTreeViewer_rdict.pcm

TCling::LoadPCM       INFO In-memory ROOT PCM candidate /cvmfs/sw-nightlies.hsf.org/key4hep/releases/2025-12-21/x86_64-almalinux9-gcc14.2.0-opt/root/6.38.00-2jf5cm/lib/root/libTree_rdict.pcm

TCling::LoadPCM       INFO In-memory ROOT PCM candidate /cvmfs/sw-nightlies.hsf.org/key4hep/releases/2025-12-21/x86_64-almalinux9-gcc14.2.0-opt/root/6.38.00-2jf5cm/lib/root/libUnuran_rdict.pcm

TCling::LoadPCM       INFO In-memory ROOT PCM candidate /cvmfs/sw-nightlies.hsf.org/key4hep/releases/2025-12-21/x86_64-almalinux9-gcc14.2.0-opt/root/6.38.00-2jf5cm/lib/root/libWebGui6_rdict.pcm

TCling::LoadPCM       INFO In-memory ROOT PCM candidate /cvmfs/sw-nightlies.hsf.org/key4hep/releases/2025-12-21/x86_64-almalinux9-gcc14.2.0-opt/root/6.38.00-2jf5cm/lib/root/libX3d_rdict.pcm

TCling::LoadPCM       INFO In-memory ROOT PCM candidate /cvmfs/sw-nightlies.hsf.org/key4hep/releases/2025-12-21/x86_64-almalinux9-gcc14.2.0-opt/root/6.38.00-2jf5cm/lib/root/libXMLIO_rdict.pcm

TCling::LoadPCM       INFO In-memory ROOT PCM candidate /cvmfs/sw-nightlies.hsf.org/key4hep/releases/2025-12-21/x86_64-almalinux9-gcc14.2.0-opt/root/6.38.00-2jf5cm/lib/root/libXMLParser_rdict.pcm

TCling::LoadPCM      ERROR ROOT PCM /cvmfs/sw-nightlies.hsf.org/key4hep/releases/2025-12-21/x86_64-almalinux9-gcc14.2.0-opt/genfit/02-00-05-uvuy5c/lib64/libGBLRootDict_rdict.pcm file does not exist
TCling::LoadPCM       INFO In-memory ROOT PCM candidate /cvmfs/sw-nightlies.hsf.org/key4hep/releases/2025-12-21/x86_64-almalinux9-gcc14.2.0-opt/root/6.38.00-2jf5cm/lib/root/libASImageGui_rdict.pcm

TCling::LoadPCM       INFO In-memory ROOT PCM candidate /cvmfs/sw-nightlies.hsf.org/key4hep/releases/2025-12-21/x86_64-almalinux9-gcc14.2.0-opt/root/6.38.00-2jf5cm/lib/root/libASImage_rdict.pcm

TCling::LoadPCM       INFO In-memory ROOT PCM candidate /cvmfs/sw-nightlies.hsf.org/key4hep/releases/2025-12-21/x86_64-almalinux9-gcc14.2.0-opt/root/6.38.00-2jf5cm/lib/root/libEG_rdict.pcm

TCling::LoadPCM       INFO In-memory ROOT PCM candidate /cvmfs/sw-nightlies.hsf.org/key4hep/releases/2025-12-21/x86_64-almalinux9-gcc14.2.0-opt/root/6.38.00-2jf5cm/lib/root/libEve_rdict.pcm

TCling::LoadPCM       INFO In-memory ROOT PCM candidate /cvmfs/sw-nightlies.hsf.org/key4hep/releases/2025-12-21/x86_64-almalinux9-gcc14.2.0-opt/root/6.38.00-2jf5cm/lib/root/libFFTW_rdict.pcm

TCling::LoadPCM       INFO In-memory ROOT PCM candidate /cvmfs/sw-nightlies.hsf.org/key4hep/releases/2025-12-21/x86_64-almalinux9-gcc14.2.0-opt/root/6.38.00-2jf5cm/lib/root/libFitPanel_rdict.pcm

TCling::LoadPCM       INFO In-memory ROOT PCM candidate /cvmfs/sw-nightlies.hsf.org/key4hep/releases/2025-12-21/x86_64-almalinux9-gcc14.2.0-opt/root/6.38.00-2jf5cm/lib/root/libFoam_rdict.pcm

TCling::LoadPCM       INFO In-memory ROOT PCM candidate /cvmfs/sw-nightlies.hsf.org/key4hep/releases/2025-12-21/x86_64-almalinux9-gcc14.2.0-opt/root/6.38.00-2jf5cm/lib/root/libFumili_rdict.pcm

TCling::LoadPCM       INFO In-memory ROOT PCM candidate /cvmfs/sw-nightlies.hsf.org/key4hep/releases/2025-12-21/x86_64-almalinux9-gcc14.2.0-opt/root/6.38.00-2jf5cm/lib/root/libGX11TTF_rdict.pcm

TCling::LoadPCM       INFO In-memory ROOT PCM candidate /cvmfs/sw-nightlies.hsf.org/key4hep/releases/2025-12-21/x86_64-almalinux9-gcc14.2.0-opt/root/6.38.00-2jf5cm/lib/root/libGX11_rdict.pcm

TCling::LoadPCM       INFO In-memory ROOT PCM candidate /cvmfs/sw-nightlies.hsf.org/key4hep/releases/2025-12-21/x86_64-almalinux9-gcc14.2.0-opt/root/6.38.00-2jf5cm/lib/root/libGdml_rdict.pcm

TCling::LoadPCM       INFO In-memory ROOT PCM candidate /cvmfs/sw-nightlies.hsf.org/key4hep/releases/2025-12-21/x86_64-almalinux9-gcc14.2.0-opt/root/6.38.00-2jf5cm/lib/root/libGed_rdict.pcm

TCling::LoadPCM       INFO In-memory ROOT PCM candidate /cvmfs/sw-nightlies.hsf.org/key4hep/releases/2025-12-21/x86_64-almalinux9-gcc14.2.0-opt/root/6.38.00-2jf5cm/lib/root/libGenVector_G__GenVector32_rdict.pcm

TCling::LoadPCM       INFO In-memory ROOT PCM candidate /cvmfs/sw-nightlies.hsf.org/key4hep/releases/2025-12-21/x86_64-almalinux9-gcc14.2.0-opt/root/6.38.00-2jf5cm/lib/root/libGenVector_rdict.pcm

TCling::LoadPCM       INFO In-memory ROOT PCM candidate /cvmfs/sw-nightlies.hsf.org/key4hep/releases/2025-12-21/x86_64-almalinux9-gcc14.2.0-opt/root/6.38.00-2jf5cm/lib/root/libGenetic_rdict.pcm

TCling::LoadPCM       INFO In-memory ROOT PCM candidate /cvmfs/sw-nightlies.hsf.org/key4hep/releases/2025-12-21/x86_64-almalinux9-gcc14.2.0-opt/root/6.38.00-2jf5cm/lib/root/libGeomChecker_rdict.pcm

TCling::LoadPCM       INFO In-memory ROOT PCM candidate /cvmfs/sw-nightlies.hsf.org/key4hep/releases/2025-12-21/x86_64-almalinux9-gcc14.2.0-opt/root/6.38.00-2jf5cm/lib/root/libGeomPainter_rdict.pcm

TCling::LoadPCM       INFO In-memory ROOT PCM candidate /cvmfs/sw-nightlies.hsf.org/key4hep/releases/2025-12-21/x86_64-almalinux9-gcc14.2.0-opt/root/6.38.00-2jf5cm/lib/root/libGeom_rdict.pcm

TCling::LoadPCM       INFO In-memory ROOT PCM candidate /cvmfs/sw-nightlies.hsf.org/key4hep/releases/2025-12-21/x86_64-almalinux9-gcc14.2.0-opt/root/6.38.00-2jf5cm/lib/root/libGpad_rdict.pcm

TCling::LoadPCM       INFO In-memory ROOT PCM candidate /cvmfs/sw-nightlies.hsf.org/key4hep/releases/2025-12-21/x86_64-almalinux9-gcc14.2.0-opt/root/6.38.00-2jf5cm/lib/root/libGraf3d_rdict.pcm

TCling::LoadPCM       INFO In-memory ROOT PCM candidate /cvmfs/sw-nightlies.hsf.org/key4hep/releases/2025-12-21/x86_64-almalinux9-gcc14.2.0-opt/root/6.38.00-2jf5cm/lib/root/libGraf_rdict.pcm

TCling::LoadPCM       INFO In-memory ROOT PCM candidate /cvmfs/sw-nightlies.hsf.org/key4hep/releases/2025-12-21/x86_64-almalinux9-gcc14.2.0-opt/root/6.38.00-2jf5cm/lib/root/libGuiBld_rdict.pcm

TCling::LoadPCM       INFO In-memory ROOT PCM candidate /cvmfs/sw-nightlies.hsf.org/key4hep/releases/2025-12-21/x86_64-almalinux9-gcc14.2.0-opt/root/6.38.00-2jf5cm/lib/root/libGuiHtml_rdict.pcm

TCling::LoadPCM       INFO In-memory ROOT PCM candidate /cvmfs/sw-nightlies.hsf.org/key4hep/releases/2025-12-21/x86_64-almalinux9-gcc14.2.0-opt/root/6.38.00-2jf5cm/lib/root/libGui_rdict.pcm

TCling::LoadPCM       INFO In-memory ROOT PCM candidate /cvmfs/sw-nightlies.hsf.org/key4hep/releases/2025-12-21/x86_64-almalinux9-gcc14.2.0-opt/root/6.38.00-2jf5cm/lib/root/libGviz3d_rdict.pcm

TCling::LoadPCM       INFO In-memory ROOT PCM candidate /cvmfs/sw-nightlies.hsf.org/key4hep/releases/2025-12-21/x86_64-almalinux9-gcc14.2.0-opt/root/6.38.00-2jf5cm/lib/root/libHistFactory_rdict.pcm

TCling::LoadPCM       INFO In-memory ROOT PCM candidate /cvmfs/sw-nightlies.hsf.org/key4hep/releases/2025-12-21/x86_64-almalinux9-gcc14.2.0-opt/root/6.38.00-2jf5cm/lib/root/libHistPainter_rdict.pcm

TCling::LoadPCM       INFO In-memory ROOT PCM candidate /cvmfs/sw-nightlies.hsf.org/key4hep/releases/2025-12-21/x86_64-almalinux9-gcc14.2.0-opt/root/6.38.00-2jf5cm/lib/root/libHist_rdict.pcm

TCling::LoadPCM       INFO In-memory ROOT PCM candidate /cvmfs/sw-nightlies.hsf.org/key4hep/releases/2025-12-21/x86_64-almalinux9-gcc14.2.0-opt/root/6.38.00-2jf5cm/lib/root/libMLP_rdict.pcm

TCling::LoadPCM       INFO In-memory ROOT PCM candidate /cvmfs/sw-nightlies.hsf.org/key4hep/releases/2025-12-21/x86_64-almalinux9-gcc14.2.0-opt/root/6.38.00-2jf5cm/lib/root/libMathCore_rdict.pcm

TCling::LoadPCM       INFO In-memory ROOT PCM candidate /cvmfs/sw-nightlies.hsf.org/key4hep/releases/2025-12-21/x86_64-almalinux9-gcc14.2.0-opt/root/6.38.00-2jf5cm/lib/root/libMathMore_rdict.pcm

TCling::LoadPCM       INFO In-memory ROOT PCM candidate /cvmfs/sw-nightlies.hsf.org/key4hep/releases/2025-12-21/x86_64-almalinux9-gcc14.2.0-opt/root/6.38.00-2jf5cm/lib/root/libMatrix_rdict.pcm

TCling::LoadPCM       INFO In-memory ROOT PCM candidate /cvmfs/sw-nightlies.hsf.org/key4hep/releases/2025-12-21/x86_64-almalinux9-gcc14.2.0-opt/root/6.38.00-2jf5cm/lib/root/libMinuit2_rdict.pcm

TCling::LoadPCM       INFO In-memory ROOT PCM candidate /cvmfs/sw-nightlies.hsf.org/key4hep/releases/2025-12-21/x86_64-almalinux9-gcc14.2.0-opt/root/6.38.00-2jf5cm/lib/root/libMinuit_rdict.pcm

TCling::LoadPCM       INFO In-memory ROOT PCM candidate /cvmfs/sw-nightlies.hsf.org/key4hep/releases/2025-12-21/x86_64-almalinux9-gcc14.2.0-opt/root/6.38.00-2jf5cm/lib/root/libNet_rdict.pcm

TCling::LoadPCM       INFO In-memory ROOT PCM candidate /cvmfs/sw-nightlies.hsf.org/key4hep/releases/2025-12-21/x86_64-almalinux9-gcc14.2.0-opt/root/6.38.00-2jf5cm/lib/root/libNetxNG_rdict.pcm

TCling::LoadPCM       INFO In-memory ROOT PCM candidate /cvmfs/sw-nightlies.hsf.org/key4hep/releases/2025-12-21/x86_64-almalinux9-gcc14.2.0-opt/root/6.38.00-2jf5cm/lib/root/libPhysics_rdict.pcm

TCling::LoadPCM       INFO In-memory ROOT PCM candidate /cvmfs/sw-nightlies.hsf.org/key4hep/releases/2025-12-21/x86_64-almalinux9-gcc14.2.0-opt/root/6.38.00-2jf5cm/lib/root/libPostscript_rdict.pcm

TCling::LoadPCM       INFO In-memory ROOT PCM candidate /cvmfs/sw-nightlies.hsf.org/key4hep/releases/2025-12-21/x86_64-almalinux9-gcc14.2.0-opt/root/6.38.00-2jf5cm/lib/root/libQuadp_rdict.pcm

TCling::LoadPCM       INFO In-memory ROOT PCM candidate /cvmfs/sw-nightlies.hsf.org/key4hep/releases/2025-12-21/x86_64-almalinux9-gcc14.2.0-opt/root/6.38.00-2jf5cm/lib/root/libRCsg_rdict.pcm

TCling::LoadPCM       INFO In-memory ROOT PCM candidate /cvmfs/sw-nightlies.hsf.org/key4hep/releases/2025-12-21/x86_64-almalinux9-gcc14.2.0-opt/root/6.38.00-2jf5cm/lib/root/libRDAVIX_rdict.pcm

TCling::LoadPCM       INFO In-memory ROOT PCM candidate /cvmfs/sw-nightlies.hsf.org/key4hep/releases/2025-12-21/x86_64-almalinux9-gcc14.2.0-opt/root/6.38.00-2jf5cm/lib/root/libRGL_rdict.pcm

TCling::LoadPCM       INFO In-memory ROOT PCM candidate /cvmfs/sw-nightlies.hsf.org/key4hep/releases/2025-12-21/x86_64-almalinux9-gcc14.2.0-opt/root/6.38.00-2jf5cm/lib/root/libRHTTPSniff_rdict.pcm

TCling::LoadPCM       INFO In-memory ROOT PCM candidate /cvmfs/sw-nightlies.hsf.org/key4hep/releases/2025-12-21/x86_64-almalinux9-gcc14.2.0-opt/root/6.38.00-2jf5cm/lib/root/libRHTTP_rdict.pcm

TCling::LoadPCM       INFO In-memory ROOT PCM candidate /cvmfs/sw-nightlies.hsf.org/key4hep/releases/2025-12-21/x86_64-almalinux9-gcc14.2.0-opt/root/6.38.00-2jf5cm/lib/root/libROOTBrowsable_rdict.pcm

TCling::LoadPCM       INFO In-memory ROOT PCM candidate /cvmfs/sw-nightlies.hsf.org/key4hep/releases/2025-12-21/x86_64-almalinux9-gcc14.2.0-opt/root/6.38.00-2jf5cm/lib/root/libROOTBrowserv7_rdict.pcm

TCling::LoadPCM       INFO In-memory ROOT PCM candidate /cvmfs/sw-nightlies.hsf.org/key4hep/releases/2025-12-21/x86_64-almalinux9-gcc14.2.0-opt/root/6.38.00-2jf5cm/lib/root/libROOTDataFrame_rdict.pcm

TCling::LoadPCM       INFO In-memory ROOT PCM candidate /cvmfs/sw-nightlies.hsf.org/key4hep/releases/2025-12-21/x86_64-almalinux9-gcc14.2.0-opt/root/6.38.00-2jf5cm/lib/root/libROOTEve_rdict.pcm

TCling::LoadPCM       INFO In-memory ROOT PCM candidate /cvmfs/sw-nightlies.hsf.org/key4hep/releases/2025-12-21/x86_64-almalinux9-gcc14.2.0-opt/root/6.38.00-2jf5cm/lib/root/libROOTFitPanelv7_rdict.pcm

TCling::LoadPCM       INFO In-memory ROOT PCM candidate /cvmfs/sw-nightlies.hsf.org/key4hep/releases/2025-12-21/x86_64-almalinux9-gcc14.2.0-opt/root/6.38.00-2jf5cm/lib/root/libROOTGeomViewer_rdict.pcm

TCling::LoadPCM       INFO In-memory ROOT PCM candidate /cvmfs/sw-nightlies.hsf.org/key4hep/releases/2025-12-21/x86_64-almalinux9-gcc14.2.0-opt/root/6.38.00-2jf5cm/lib/root/libROOTGpadv7_rdict.pcm

TCling::LoadPCM       INFO In-memory ROOT PCM candidate /cvmfs/sw-nightlies.hsf.org/key4hep/releases/2025-12-21/x86_64-almalinux9-gcc14.2.0-opt/root/6.38.00-2jf5cm/lib/root/libROOTGraphicsPrimitives_rdict.pcm

TCling::LoadPCM       INFO In-memory ROOT PCM candidate /cvmfs/sw-nightlies.hsf.org/key4hep/releases/2025-12-21/x86_64-almalinux9-gcc14.2.0-opt/root/6.38.00-2jf5cm/lib/root/libROOTHist_rdict.pcm

TCling::LoadPCM       INFO In-memory ROOT PCM candidate /cvmfs/sw-nightlies.hsf.org/key4hep/releases/2025-12-21/x86_64-almalinux9-gcc14.2.0-opt/root/6.38.00-2jf5cm/lib/root/libROOTNTupleBrowse_rdict.pcm

TCling::LoadPCM       INFO In-memory ROOT PCM candidate /cvmfs/sw-nightlies.hsf.org/key4hep/releases/2025-12-21/x86_64-almalinux9-gcc14.2.0-opt/root/6.38.00-2jf5cm/lib/root/libROOTNTupleUtil_rdict.pcm

TCling::LoadPCM       INFO In-memory ROOT PCM candidate /cvmfs/sw-nightlies.hsf.org/key4hep/releases/2025-12-21/x86_64-almalinux9-gcc14.2.0-opt/root/6.38.00-2jf5cm/lib/root/libROOTNTuple_rdict.pcm

TCling::LoadPCM       INFO In-memory ROOT PCM candidate /cvmfs/sw-nightlies.hsf.org/key4hep/releases/2025-12-21/x86_64-almalinux9-gcc14.2.0-opt/root/6.38.00-2jf5cm/lib/root/libROOTTMVASofie_rdict.pcm

TCling::LoadPCM       INFO In-memory ROOT PCM candidate /cvmfs/sw-nightlies.hsf.org/key4hep/releases/2025-12-21/x86_64-almalinux9-gcc14.2.0-opt/root/6.38.00-2jf5cm/lib/root/libROOTTPython_rdict.pcm

TCling::LoadPCM       INFO In-memory ROOT PCM candidate /cvmfs/sw-nightlies.hsf.org/key4hep/releases/2025-12-21/x86_64-almalinux9-gcc14.2.0-opt/root/6.38.00-2jf5cm/lib/root/libROOTTreeMap_rdict.pcm

TCling::LoadPCM       INFO In-memory ROOT PCM candidate /cvmfs/sw-nightlies.hsf.org/key4hep/releases/2025-12-21/x86_64-almalinux9-gcc14.2.0-opt/root/6.38.00-2jf5cm/lib/root/libROOTTreeViewer_rdict.pcm

TCling::LoadPCM       INFO In-memory ROOT PCM candidate /cvmfs/sw-nightlies.hsf.org/key4hep/releases/2025-12-21/x86_64-almalinux9-gcc14.2.0-opt/root/6.38.00-2jf5cm/lib/root/libROOTVecOps_rdict.pcm

TCling::LoadPCM       INFO In-memory ROOT PCM candidate /cvmfs/sw-nightlies.hsf.org/key4hep/releases/2025-12-21/x86_64-almalinux9-gcc14.2.0-opt/root/6.38.00-2jf5cm/lib/root/libROOTWebDisplay_rdict.pcm

TCling::LoadPCM       INFO In-memory ROOT PCM candidate /cvmfs/sw-nightlies.hsf.org/key4hep/releases/2025-12-21/x86_64-almalinux9-gcc14.2.0-opt/root/6.38.00-2jf5cm/lib/root/libRSQLite_rdict.pcm

TCling::LoadPCM       INFO In-memory ROOT PCM candidate /cvmfs/sw-nightlies.hsf.org/key4hep/releases/2025-12-21/x86_64-almalinux9-gcc14.2.0-opt/root/6.38.00-2jf5cm/lib/root/libRecorder_rdict.pcm

TCling::LoadPCM       INFO In-memory ROOT PCM candidate /cvmfs/sw-nightlies.hsf.org/key4hep/releases/2025-12-21/x86_64-almalinux9-gcc14.2.0-opt/root/6.38.00-2jf5cm/lib/root/libRooFitCodegen_rdict.pcm

TCling::LoadPCM       INFO In-memory ROOT PCM candidate /cvmfs/sw-nightlies.hsf.org/key4hep/releases/2025-12-21/x86_64-almalinux9-gcc14.2.0-opt/root/6.38.00-2jf5cm/lib/root/libRooFitCore_rdict.pcm

TCling::LoadPCM       INFO In-memory ROOT PCM candidate /cvmfs/sw-nightlies.hsf.org/key4hep/releases/2025-12-21/x86_64-almalinux9-gcc14.2.0-opt/root/6.38.00-2jf5cm/lib/root/libRooFitHS3_rdict.pcm

TCling::LoadPCM       INFO In-memory ROOT PCM candidate /cvmfs/sw-nightlies.hsf.org/key4hep/releases/2025-12-21/x86_64-almalinux9-gcc14.2.0-opt/root/6.38.00-2jf5cm/lib/root/libRooFitJSONInterface_rdict.pcm

TCling::LoadPCM       INFO In-memory ROOT PCM candidate /cvmfs/sw-nightlies.hsf.org/key4hep/releases/2025-12-21/x86_64-almalinux9-gcc14.2.0-opt/root/6.38.00-2jf5cm/lib/root/libRooFitMore_rdict.pcm

TCling::LoadPCM       INFO In-memory ROOT PCM candidate /cvmfs/sw-nightlies.hsf.org/key4hep/releases/2025-12-21/x86_64-almalinux9-gcc14.2.0-opt/root/6.38.00-2jf5cm/lib/root/libRooFitXRooFit_rdict.pcm

TCling::LoadPCM       INFO In-memory ROOT PCM candidate /cvmfs/sw-nightlies.hsf.org/key4hep/releases/2025-12-21/x86_64-almalinux9-gcc14.2.0-opt/root/6.38.00-2jf5cm/lib/root/libRooFit_rdict.pcm

TCling::LoadPCM       INFO In-memory ROOT PCM candidate /cvmfs/sw-nightlies.hsf.org/key4hep/releases/2025-12-21/x86_64-almalinux9-gcc14.2.0-opt/root/6.38.00-2jf5cm/lib/root/libRooStats_rdict.pcm

TCling::LoadPCM       INFO In-memory ROOT PCM candidate /cvmfs/sw-nightlies.hsf.org/key4hep/releases/2025-12-21/x86_64-almalinux9-gcc14.2.0-opt/root/6.38.00-2jf5cm/lib/root/libRootAuth_rdict.pcm

TCling::LoadPCM       INFO In-memory ROOT PCM candidate /cvmfs/sw-nightlies.hsf.org/key4hep/releases/2025-12-21/x86_64-almalinux9-gcc14.2.0-opt/root/6.38.00-2jf5cm/lib/root/libSPlot_rdict.pcm

TCling::LoadPCM       INFO In-memory ROOT PCM candidate /cvmfs/sw-nightlies.hsf.org/key4hep/releases/2025-12-21/x86_64-almalinux9-gcc14.2.0-opt/root/6.38.00-2jf5cm/lib/root/libSQLIO_rdict.pcm

TCling::LoadPCM       INFO In-memory ROOT PCM candidate /cvmfs/sw-nightlies.hsf.org/key4hep/releases/2025-12-21/x86_64-almalinux9-gcc14.2.0-opt/root/6.38.00-2jf5cm/lib/root/libSmatrix_G__Smatrix32_rdict.pcm

TCling::LoadPCM       INFO In-memory ROOT PCM candidate /cvmfs/sw-nightlies.hsf.org/key4hep/releases/2025-12-21/x86_64-almalinux9-gcc14.2.0-opt/root/6.38.00-2jf5cm/lib/root/libSmatrix_rdict.pcm

TCling::LoadPCM       INFO In-memory ROOT PCM candidate /cvmfs/sw-nightlies.hsf.org/key4hep/releases/2025-12-21/x86_64-almalinux9-gcc14.2.0-opt/root/6.38.00-2jf5cm/lib/root/libSpectrumPainter_rdict.pcm

TCling::LoadPCM       INFO In-memory ROOT PCM candidate /cvmfs/sw-nightlies.hsf.org/key4hep/releases/2025-12-21/x86_64-almalinux9-gcc14.2.0-opt/root/6.38.00-2jf5cm/lib/root/libSpectrum_rdict.pcm

TCling::LoadPCM       INFO In-memory ROOT PCM candidate /cvmfs/sw-nightlies.hsf.org/key4hep/releases/2025-12-21/x86_64-almalinux9-gcc14.2.0-opt/root/6.38.00-2jf5cm/lib/root/libTMVAGui_rdict.pcm

TCling::LoadPCM       INFO In-memory ROOT PCM candidate /cvmfs/sw-nightlies.hsf.org/key4hep/releases/2025-12-21/x86_64-almalinux9-gcc14.2.0-opt/root/6.38.00-2jf5cm/lib/root/libTMVAUtils_rdict.pcm

TCling::LoadPCM       INFO In-memory ROOT PCM candidate /cvmfs/sw-nightlies.hsf.org/key4hep/releases/2025-12-21/x86_64-almalinux9-gcc14.2.0-opt/root/6.38.00-2jf5cm/lib/root/libTMVA_rdict.pcm

TCling::LoadPCM       INFO In-memory ROOT PCM candidate /cvmfs/sw-nightlies.hsf.org/key4hep/releases/2025-12-21/x86_64-almalinux9-gcc14.2.0-opt/root/6.38.00-2jf5cm/lib/root/libTreePlayer_rdict.pcm

TCling::LoadPCM       INFO In-memory ROOT PCM candidate /cvmfs/sw-nightlies.hsf.org/key4hep/releases/2025-12-21/x86_64-almalinux9-gcc14.2.0-opt/root/6.38.00-2jf5cm/lib/root/libTreeViewer_rdict.pcm

TCling::LoadPCM       INFO In-memory ROOT PCM candidate /cvmfs/sw-nightlies.hsf.org/key4hep/releases/2025-12-21/x86_64-almalinux9-gcc14.2.0-opt/root/6.38.00-2jf5cm/lib/root/libTree_rdict.pcm

TCling::LoadPCM       INFO In-memory ROOT PCM candidate /cvmfs/sw-nightlies.hsf.org/key4hep/releases/2025-12-21/x86_64-almalinux9-gcc14.2.0-opt/root/6.38.00-2jf5cm/lib/root/libUnuran_rdict.pcm

TCling::LoadPCM       INFO In-memory ROOT PCM candidate /cvmfs/sw-nightlies.hsf.org/key4hep/releases/2025-12-21/x86_64-almalinux9-gcc14.2.0-opt/root/6.38.00-2jf5cm/lib/root/libWebGui6_rdict.pcm

TCling::LoadPCM       INFO In-memory ROOT PCM candidate /cvmfs/sw-nightlies.hsf.org/key4hep/releases/2025-12-21/x86_64-almalinux9-gcc14.2.0-opt/root/6.38.00-2jf5cm/lib/root/libX3d_rdict.pcm

TCling::LoadPCM       INFO In-memory ROOT PCM candidate /cvmfs/sw-nightlies.hsf.org/key4hep/releases/2025-12-21/x86_64-almalinux9-gcc14.2.0-opt/root/6.38.00-2jf5cm/lib/root/libXMLIO_rdict.pcm

TCling::LoadPCM       INFO In-memory ROOT PCM candidate /cvmfs/sw-nightlies.hsf.org/key4hep/releases/2025-12-21/x86_64-almalinux9-gcc14.2.0-opt/root/6.38.00-2jf5cm/lib/root/libXMLParser_rdict.pcm

TCling::LoadPCM      ERROR ROOT PCM /cvmfs/sw-nightlies.hsf.org/key4hep/releases/2025-12-21/x86_64-almalinux9-gcc14.2.0-opt/genfit/02-00-05-uvuy5c/lib64/libfittersRootDict_rdict.pcm file does not exist
TCling::LoadPCM       INFO In-memory ROOT PCM candidate /cvmfs/sw-nightlies.hsf.org/key4hep/releases/2025-12-21/x86_64-almalinux9-gcc14.2.0-opt/root/6.38.00-2jf5cm/lib/root/libASImageGui_rdict.pcm

TCling::LoadPCM       INFO In-memory ROOT PCM candidate /cvmfs/sw-nightlies.hsf.org/key4hep/releases/2025-12-21/x86_64-almalinux9-gcc14.2.0-opt/root/6.38.00-2jf5cm/lib/root/libASImage_rdict.pcm

TCling::LoadPCM       INFO In-memory ROOT PCM candidate /cvmfs/sw-nightlies.hsf.org/key4hep/releases/2025-12-21/x86_64-almalinux9-gcc14.2.0-opt/root/6.38.00-2jf5cm/lib/root/libEG_rdict.pcm

TCling::LoadPCM       INFO In-memory ROOT PCM candidate /cvmfs/sw-nightlies.hsf.org/key4hep/releases/2025-12-21/x86_64-almalinux9-gcc14.2.0-opt/root/6.38.00-2jf5cm/lib/root/libEve_rdict.pcm

TCling::LoadPCM       INFO In-memory ROOT PCM candidate /cvmfs/sw-nightlies.hsf.org/key4hep/releases/2025-12-21/x86_64-almalinux9-gcc14.2.0-opt/root/6.38.00-2jf5cm/lib/root/libFFTW_rdict.pcm

TCling::LoadPCM       INFO In-memory ROOT PCM candidate /cvmfs/sw-nightlies.hsf.org/key4hep/releases/2025-12-21/x86_64-almalinux9-gcc14.2.0-opt/root/6.38.00-2jf5cm/lib/root/libFitPanel_rdict.pcm

TCling::LoadPCM       INFO In-memory ROOT PCM candidate /cvmfs/sw-nightlies.hsf.org/key4hep/releases/2025-12-21/x86_64-almalinux9-gcc14.2.0-opt/root/6.38.00-2jf5cm/lib/root/libFoam_rdict.pcm

TCling::LoadPCM       INFO In-memory ROOT PCM candidate /cvmfs/sw-nightlies.hsf.org/key4hep/releases/2025-12-21/x86_64-almalinux9-gcc14.2.0-opt/root/6.38.00-2jf5cm/lib/root/libFumili_rdict.pcm

TCling::LoadPCM       INFO In-memory ROOT PCM candidate /cvmfs/sw-nightlies.hsf.org/key4hep/releases/2025-12-21/x86_64-almalinux9-gcc14.2.0-opt/root/6.38.00-2jf5cm/lib/root/libGX11TTF_rdict.pcm

TCling::LoadPCM       INFO In-memory ROOT PCM candidate /cvmfs/sw-nightlies.hsf.org/key4hep/releases/2025-12-21/x86_64-almalinux9-gcc14.2.0-opt/root/6.38.00-2jf5cm/lib/root/libGX11_rdict.pcm

TCling::LoadPCM       INFO In-memory ROOT PCM candidate /cvmfs/sw-nightlies.hsf.org/key4hep/releases/2025-12-21/x86_64-almalinux9-gcc14.2.0-opt/root/6.38.00-2jf5cm/lib/root/libGdml_rdict.pcm

TCling::LoadPCM       INFO In-memory ROOT PCM candidate /cvmfs/sw-nightlies.hsf.org/key4hep/releases/2025-12-21/x86_64-almalinux9-gcc14.2.0-opt/root/6.38.00-2jf5cm/lib/root/libGed_rdict.pcm

TCling::LoadPCM       INFO In-memory ROOT PCM candidate /cvmfs/sw-nightlies.hsf.org/key4hep/releases/2025-12-21/x86_64-almalinux9-gcc14.2.0-opt/root/6.38.00-2jf5cm/lib/root/libGenVector_G__GenVector32_rdict.pcm

TCling::LoadPCM       INFO In-memory ROOT PCM candidate /cvmfs/sw-nightlies.hsf.org/key4hep/releases/2025-12-21/x86_64-almalinux9-gcc14.2.0-opt/root/6.38.00-2jf5cm/lib/root/libGenVector_rdict.pcm

TCling::LoadPCM       INFO In-memory ROOT PCM candidate /cvmfs/sw-nightlies.hsf.org/key4hep/releases/2025-12-21/x86_64-almalinux9-gcc14.2.0-opt/root/6.38.00-2jf5cm/lib/root/libGenetic_rdict.pcm

TCling::LoadPCM       INFO In-memory ROOT PCM candidate /cvmfs/sw-nightlies.hsf.org/key4hep/releases/2025-12-21/x86_64-almalinux9-gcc14.2.0-opt/root/6.38.00-2jf5cm/lib/root/libGeomChecker_rdict.pcm

TCling::LoadPCM       INFO In-memory ROOT PCM candidate /cvmfs/sw-nightlies.hsf.org/key4hep/releases/2025-12-21/x86_64-almalinux9-gcc14.2.0-opt/root/6.38.00-2jf5cm/lib/root/libGeomPainter_rdict.pcm

TCling::LoadPCM       INFO In-memory ROOT PCM candidate /cvmfs/sw-nightlies.hsf.org/key4hep/releases/2025-12-21/x86_64-almalinux9-gcc14.2.0-opt/root/6.38.00-2jf5cm/lib/root/libGeom_rdict.pcm

TCling::LoadPCM       INFO In-memory ROOT PCM candidate /cvmfs/sw-nightlies.hsf.org/key4hep/releases/2025-12-21/x86_64-almalinux9-gcc14.2.0-opt/root/6.38.00-2jf5cm/lib/root/libGpad_rdict.pcm

TCling::LoadPCM       INFO In-memory ROOT PCM candidate /cvmfs/sw-nightlies.hsf.org/key4hep/releases/2025-12-21/x86_64-almalinux9-gcc14.2.0-opt/root/6.38.00-2jf5cm/lib/root/libGraf3d_rdict.pcm

TCling::LoadPCM       INFO In-memory ROOT PCM candidate /cvmfs/sw-nightlies.hsf.org/key4hep/releases/2025-12-21/x86_64-almalinux9-gcc14.2.0-opt/root/6.38.00-2jf5cm/lib/root/libGraf_rdict.pcm

TCling::LoadPCM       INFO In-memory ROOT PCM candidate /cvmfs/sw-nightlies.hsf.org/key4hep/releases/2025-12-21/x86_64-almalinux9-gcc14.2.0-opt/root/6.38.00-2jf5cm/lib/root/libGuiBld_rdict.pcm

TCling::LoadPCM       INFO In-memory ROOT PCM candidate /cvmfs/sw-nightlies.hsf.org/key4hep/releases/2025-12-21/x86_64-almalinux9-gcc14.2.0-opt/root/6.38.00-2jf5cm/lib/root/libGuiHtml_rdict.pcm

TCling::LoadPCM       INFO In-memory ROOT PCM candidate /cvmfs/sw-nightlies.hsf.org/key4hep/releases/2025-12-21/x86_64-almalinux9-gcc14.2.0-opt/root/6.38.00-2jf5cm/lib/root/libGui_rdict.pcm

TCling::LoadPCM       INFO In-memory ROOT PCM candidate /cvmfs/sw-nightlies.hsf.org/key4hep/releases/2025-12-21/x86_64-almalinux9-gcc14.2.0-opt/root/6.38.00-2jf5cm/lib/root/libGviz3d_rdict.pcm

TCling::LoadPCM       INFO In-memory ROOT PCM candidate /cvmfs/sw-nightlies.hsf.org/key4hep/releases/2025-12-21/x86_64-almalinux9-gcc14.2.0-opt/root/6.38.00-2jf5cm/lib/root/libHistFactory_rdict.pcm

TCling::LoadPCM       INFO In-memory ROOT PCM candidate /cvmfs/sw-nightlies.hsf.org/key4hep/releases/2025-12-21/x86_64-almalinux9-gcc14.2.0-opt/root/6.38.00-2jf5cm/lib/root/libHistPainter_rdict.pcm

TCling::LoadPCM       INFO In-memory ROOT PCM candidate /cvmfs/sw-nightlies.hsf.org/key4hep/releases/2025-12-21/x86_64-almalinux9-gcc14.2.0-opt/root/6.38.00-2jf5cm/lib/root/libHist_rdict.pcm

TCling::LoadPCM       INFO In-memory ROOT PCM candidate /cvmfs/sw-nightlies.hsf.org/key4hep/releases/2025-12-21/x86_64-almalinux9-gcc14.2.0-opt/root/6.38.00-2jf5cm/lib/root/libMLP_rdict.pcm

TCling::LoadPCM       INFO In-memory ROOT PCM candidate /cvmfs/sw-nightlies.hsf.org/key4hep/releases/2025-12-21/x86_64-almalinux9-gcc14.2.0-opt/root/6.38.00-2jf5cm/lib/root/libMathCore_rdict.pcm

TCling::LoadPCM       INFO In-memory ROOT PCM candidate /cvmfs/sw-nightlies.hsf.org/key4hep/releases/2025-12-21/x86_64-almalinux9-gcc14.2.0-opt/root/6.38.00-2jf5cm/lib/root/libMathMore_rdict.pcm

TCling::LoadPCM       INFO In-memory ROOT PCM candidate /cvmfs/sw-nightlies.hsf.org/key4hep/releases/2025-12-21/x86_64-almalinux9-gcc14.2.0-opt/root/6.38.00-2jf5cm/lib/root/libMatrix_rdict.pcm

TCling::LoadPCM       INFO In-memory ROOT PCM candidate /cvmfs/sw-nightlies.hsf.org/key4hep/releases/2025-12-21/x86_64-almalinux9-gcc14.2.0-opt/root/6.38.00-2jf5cm/lib/root/libMinuit2_rdict.pcm

TCling::LoadPCM       INFO In-memory ROOT PCM candidate /cvmfs/sw-nightlies.hsf.org/key4hep/releases/2025-12-21/x86_64-almalinux9-gcc14.2.0-opt/root/6.38.00-2jf5cm/lib/root/libMinuit_rdict.pcm

TCling::LoadPCM       INFO In-memory ROOT PCM candidate /cvmfs/sw-nightlies.hsf.org/key4hep/releases/2025-12-21/x86_64-almalinux9-gcc14.2.0-opt/root/6.38.00-2jf5cm/lib/root/libNet_rdict.pcm

TCling::LoadPCM       INFO In-memory ROOT PCM candidate /cvmfs/sw-nightlies.hsf.org/key4hep/releases/2025-12-21/x86_64-almalinux9-gcc14.2.0-opt/root/6.38.00-2jf5cm/lib/root/libNetxNG_rdict.pcm

TCling::LoadPCM       INFO In-memory ROOT PCM candidate /cvmfs/sw-nightlies.hsf.org/key4hep/releases/2025-12-21/x86_64-almalinux9-gcc14.2.0-opt/root/6.38.00-2jf5cm/lib/root/libPhysics_rdict.pcm

TCling::LoadPCM       INFO In-memory ROOT PCM candidate /cvmfs/sw-nightlies.hsf.org/key4hep/releases/2025-12-21/x86_64-almalinux9-gcc14.2.0-opt/root/6.38.00-2jf5cm/lib/root/libPostscript_rdict.pcm

TCling::LoadPCM       INFO In-memory ROOT PCM candidate /cvmfs/sw-nightlies.hsf.org/key4hep/releases/2025-12-21/x86_64-almalinux9-gcc14.2.0-opt/root/6.38.00-2jf5cm/lib/root/libQuadp_rdict.pcm

TCling::LoadPCM       INFO In-memory ROOT PCM candidate /cvmfs/sw-nightlies.hsf.org/key4hep/releases/2025-12-21/x86_64-almalinux9-gcc14.2.0-opt/root/6.38.00-2jf5cm/lib/root/libRCsg_rdict.pcm

TCling::LoadPCM       INFO In-memory ROOT PCM candidate /cvmfs/sw-nightlies.hsf.org/key4hep/releases/2025-12-21/x86_64-almalinux9-gcc14.2.0-opt/root/6.38.00-2jf5cm/lib/root/libRDAVIX_rdict.pcm

TCling::LoadPCM       INFO In-memory ROOT PCM candidate /cvmfs/sw-nightlies.hsf.org/key4hep/releases/2025-12-21/x86_64-almalinux9-gcc14.2.0-opt/root/6.38.00-2jf5cm/lib/root/libRGL_rdict.pcm

TCling::LoadPCM       INFO In-memory ROOT PCM candidate /cvmfs/sw-nightlies.hsf.org/key4hep/releases/2025-12-21/x86_64-almalinux9-gcc14.2.0-opt/root/6.38.00-2jf5cm/lib/root/libRHTTPSniff_rdict.pcm

TCling::LoadPCM       INFO In-memory ROOT PCM candidate /cvmfs/sw-nightlies.hsf.org/key4hep/releases/2025-12-21/x86_64-almalinux9-gcc14.2.0-opt/root/6.38.00-2jf5cm/lib/root/libRHTTP_rdict.pcm

TCling::LoadPCM       INFO In-memory ROOT PCM candidate /cvmfs/sw-nightlies.hsf.org/key4hep/releases/2025-12-21/x86_64-almalinux9-gcc14.2.0-opt/root/6.38.00-2jf5cm/lib/root/libROOTBrowsable_rdict.pcm

TCling::LoadPCM       INFO In-memory ROOT PCM candidate /cvmfs/sw-nightlies.hsf.org/key4hep/releases/2025-12-21/x86_64-almalinux9-gcc14.2.0-opt/root/6.38.00-2jf5cm/lib/root/libROOTBrowserv7_rdict.pcm

TCling::LoadPCM       INFO In-memory ROOT PCM candidate /cvmfs/sw-nightlies.hsf.org/key4hep/releases/2025-12-21/x86_64-almalinux9-gcc14.2.0-opt/root/6.38.00-2jf5cm/lib/root/libROOTDataFrame_rdict.pcm

TCling::LoadPCM       INFO In-memory ROOT PCM candidate /cvmfs/sw-nightlies.hsf.org/key4hep/releases/2025-12-21/x86_64-almalinux9-gcc14.2.0-opt/root/6.38.00-2jf5cm/lib/root/libROOTEve_rdict.pcm

TCling::LoadPCM       INFO In-memory ROOT PCM candidate /cvmfs/sw-nightlies.hsf.org/key4hep/releases/2025-12-21/x86_64-almalinux9-gcc14.2.0-opt/root/6.38.00-2jf5cm/lib/root/libROOTFitPanelv7_rdict.pcm

TCling::LoadPCM       INFO In-memory ROOT PCM candidate /cvmfs/sw-nightlies.hsf.org/key4hep/releases/2025-12-21/x86_64-almalinux9-gcc14.2.0-opt/root/6.38.00-2jf5cm/lib/root/libROOTGeomViewer_rdict.pcm

TCling::LoadPCM       INFO In-memory ROOT PCM candidate /cvmfs/sw-nightlies.hsf.org/key4hep/releases/2025-12-21/x86_64-almalinux9-gcc14.2.0-opt/root/6.38.00-2jf5cm/lib/root/libROOTGpadv7_rdict.pcm

TCling::LoadPCM       INFO In-memory ROOT PCM candidate /cvmfs/sw-nightlies.hsf.org/key4hep/releases/2025-12-21/x86_64-almalinux9-gcc14.2.0-opt/root/6.38.00-2jf5cm/lib/root/libROOTGraphicsPrimitives_rdict.pcm

TCling::LoadPCM       INFO In-memory ROOT PCM candidate /cvmfs/sw-nightlies.hsf.org/key4hep/releases/2025-12-21/x86_64-almalinux9-gcc14.2.0-opt/root/6.38.00-2jf5cm/lib/root/libROOTHist_rdict.pcm

TCling::LoadPCM       INFO In-memory ROOT PCM candidate /cvmfs/sw-nightlies.hsf.org/key4hep/releases/2025-12-21/x86_64-almalinux9-gcc14.2.0-opt/root/6.38.00-2jf5cm/lib/root/libROOTNTupleBrowse_rdict.pcm

TCling::LoadPCM       INFO In-memory ROOT PCM candidate /cvmfs/sw-nightlies.hsf.org/key4hep/releases/2025-12-21/x86_64-almalinux9-gcc14.2.0-opt/root/6.38.00-2jf5cm/lib/root/libROOTNTupleUtil_rdict.pcm

TCling::LoadPCM       INFO In-memory ROOT PCM candidate /cvmfs/sw-nightlies.hsf.org/key4hep/releases/2025-12-21/x86_64-almalinux9-gcc14.2.0-opt/root/6.38.00-2jf5cm/lib/root/libROOTNTuple_rdict.pcm

TCling::LoadPCM       INFO In-memory ROOT PCM candidate /cvmfs/sw-nightlies.hsf.org/key4hep/releases/2025-12-21/x86_64-almalinux9-gcc14.2.0-opt/root/6.38.00-2jf5cm/lib/root/libROOTTMVASofie_rdict.pcm

TCling::LoadPCM       INFO In-memory ROOT PCM candidate /cvmfs/sw-nightlies.hsf.org/key4hep/releases/2025-12-21/x86_64-almalinux9-gcc14.2.0-opt/root/6.38.00-2jf5cm/lib/root/libROOTTPython_rdict.pcm

TCling::LoadPCM       INFO In-memory ROOT PCM candidate /cvmfs/sw-nightlies.hsf.org/key4hep/releases/2025-12-21/x86_64-almalinux9-gcc14.2.0-opt/root/6.38.00-2jf5cm/lib/root/libROOTTreeMap_rdict.pcm

TCling::LoadPCM       INFO In-memory ROOT PCM candidate /cvmfs/sw-nightlies.hsf.org/key4hep/releases/2025-12-21/x86_64-almalinux9-gcc14.2.0-opt/root/6.38.00-2jf5cm/lib/root/libROOTTreeViewer_rdict.pcm

TCling::LoadPCM       INFO In-memory ROOT PCM candidate /cvmfs/sw-nightlies.hsf.org/key4hep/releases/2025-12-21/x86_64-almalinux9-gcc14.2.0-opt/root/6.38.00-2jf5cm/lib/root/libROOTVecOps_rdict.pcm

TCling::LoadPCM       INFO In-memory ROOT PCM candidate /cvmfs/sw-nightlies.hsf.org/key4hep/releases/2025-12-21/x86_64-almalinux9-gcc14.2.0-opt/root/6.38.00-2jf5cm/lib/root/libROOTWebDisplay_rdict.pcm

TCling::LoadPCM       INFO In-memory ROOT PCM candidate /cvmfs/sw-nightlies.hsf.org/key4hep/releases/2025-12-21/x86_64-almalinux9-gcc14.2.0-opt/root/6.38.00-2jf5cm/lib/root/libRSQLite_rdict.pcm

TCling::LoadPCM       INFO In-memory ROOT PCM candidate /cvmfs/sw-nightlies.hsf.org/key4hep/releases/2025-12-21/x86_64-almalinux9-gcc14.2.0-opt/root/6.38.00-2jf5cm/lib/root/libRecorder_rdict.pcm

TCling::LoadPCM       INFO In-memory ROOT PCM candidate /cvmfs/sw-nightlies.hsf.org/key4hep/releases/2025-12-21/x86_64-almalinux9-gcc14.2.0-opt/root/6.38.00-2jf5cm/lib/root/libRooFitCodegen_rdict.pcm

TCling::LoadPCM       INFO In-memory ROOT PCM candidate /cvmfs/sw-nightlies.hsf.org/key4hep/releases/2025-12-21/x86_64-almalinux9-gcc14.2.0-opt/root/6.38.00-2jf5cm/lib/root/libRooFitCore_rdict.pcm

TCling::LoadPCM       INFO In-memory ROOT PCM candidate /cvmfs/sw-nightlies.hsf.org/key4hep/releases/2025-12-21/x86_64-almalinux9-gcc14.2.0-opt/root/6.38.00-2jf5cm/lib/root/libRooFitHS3_rdict.pcm

TCling::LoadPCM       INFO In-memory ROOT PCM candidate /cvmfs/sw-nightlies.hsf.org/key4hep/releases/2025-12-21/x86_64-almalinux9-gcc14.2.0-opt/root/6.38.00-2jf5cm/lib/root/libRooFitJSONInterface_rdict.pcm

TCling::LoadPCM       INFO In-memory ROOT PCM candidate /cvmfs/sw-nightlies.hsf.org/key4hep/releases/2025-12-21/x86_64-almalinux9-gcc14.2.0-opt/root/6.38.00-2jf5cm/lib/root/libRooFitMore_rdict.pcm

TCling::LoadPCM       INFO In-memory ROOT PCM candidate /cvmfs/sw-nightlies.hsf.org/key4hep/releases/2025-12-21/x86_64-almalinux9-gcc14.2.0-opt/root/6.38.00-2jf5cm/lib/root/libRooFitXRooFit_rdict.pcm

TCling::LoadPCM       INFO In-memory ROOT PCM candidate /cvmfs/sw-nightlies.hsf.org/key4hep/releases/2025-12-21/x86_64-almalinux9-gcc14.2.0-opt/root/6.38.00-2jf5cm/lib/root/libRooFit_rdict.pcm

TCling::LoadPCM       INFO In-memory ROOT PCM candidate /cvmfs/sw-nightlies.hsf.org/key4hep/releases/2025-12-21/x86_64-almalinux9-gcc14.2.0-opt/root/6.38.00-2jf5cm/lib/root/libRooStats_rdict.pcm

TCling::LoadPCM       INFO In-memory ROOT PCM candidate /cvmfs/sw-nightlies.hsf.org/key4hep/releases/2025-12-21/x86_64-almalinux9-gcc14.2.0-opt/root/6.38.00-2jf5cm/lib/root/libRootAuth_rdict.pcm

TCling::LoadPCM       INFO In-memory ROOT PCM candidate /cvmfs/sw-nightlies.hsf.org/key4hep/releases/2025-12-21/x86_64-almalinux9-gcc14.2.0-opt/root/6.38.00-2jf5cm/lib/root/libSPlot_rdict.pcm

TCling::LoadPCM       INFO In-memory ROOT PCM candidate /cvmfs/sw-nightlies.hsf.org/key4hep/releases/2025-12-21/x86_64-almalinux9-gcc14.2.0-opt/root/6.38.00-2jf5cm/lib/root/libSQLIO_rdict.pcm

TCling::LoadPCM       INFO In-memory ROOT PCM candidate /cvmfs/sw-nightlies.hsf.org/key4hep/releases/2025-12-21/x86_64-almalinux9-gcc14.2.0-opt/root/6.38.00-2jf5cm/lib/root/libSmatrix_G__Smatrix32_rdict.pcm

TCling::LoadPCM       INFO In-memory ROOT PCM candidate /cvmfs/sw-nightlies.hsf.org/key4hep/releases/2025-12-21/x86_64-almalinux9-gcc14.2.0-opt/root/6.38.00-2jf5cm/lib/root/libSmatrix_rdict.pcm

TCling::LoadPCM       INFO In-memory ROOT PCM candidate /cvmfs/sw-nightlies.hsf.org/key4hep/releases/2025-12-21/x86_64-almalinux9-gcc14.2.0-opt/root/6.38.00-2jf5cm/lib/root/libSpectrumPainter_rdict.pcm

TCling::LoadPCM       INFO In-memory ROOT PCM candidate /cvmfs/sw-nightlies.hsf.org/key4hep/releases/2025-12-21/x86_64-almalinux9-gcc14.2.0-opt/root/6.38.00-2jf5cm/lib/root/libSpectrum_rdict.pcm

TCling::LoadPCM       INFO In-memory ROOT PCM candidate /cvmfs/sw-nightlies.hsf.org/key4hep/releases/2025-12-21/x86_64-almalinux9-gcc14.2.0-opt/root/6.38.00-2jf5cm/lib/root/libTMVAGui_rdict.pcm

TCling::LoadPCM       INFO In-memory ROOT PCM candidate /cvmfs/sw-nightlies.hsf.org/key4hep/releases/2025-12-21/x86_64-almalinux9-gcc14.2.0-opt/root/6.38.00-2jf5cm/lib/root/libTMVAUtils_rdict.pcm

TCling::LoadPCM       INFO In-memory ROOT PCM candidate /cvmfs/sw-nightlies.hsf.org/key4hep/releases/2025-12-21/x86_64-almalinux9-gcc14.2.0-opt/root/6.38.00-2jf5cm/lib/root/libTMVA_rdict.pcm

TCling::LoadPCM       INFO In-memory ROOT PCM candidate /cvmfs/sw-nightlies.hsf.org/key4hep/releases/2025-12-21/x86_64-almalinux9-gcc14.2.0-opt/root/6.38.00-2jf5cm/lib/root/libTreePlayer_rdict.pcm

TCling::LoadPCM       INFO In-memory ROOT PCM candidate /cvmfs/sw-nightlies.hsf.org/key4hep/releases/2025-12-21/x86_64-almalinux9-gcc14.2.0-opt/root/6.38.00-2jf5cm/lib/root/libTreeViewer_rdict.pcm

TCling::LoadPCM       INFO In-memory ROOT PCM candidate /cvmfs/sw-nightlies.hsf.org/key4hep/releases/2025-12-21/x86_64-almalinux9-gcc14.2.0-opt/root/6.38.00-2jf5cm/lib/root/libTree_rdict.pcm

TCling::LoadPCM       INFO In-memory ROOT PCM candidate /cvmfs/sw-nightlies.hsf.org/key4hep/releases/2025-12-21/x86_64-almalinux9-gcc14.2.0-opt/root/6.38.00-2jf5cm/lib/root/libUnuran_rdict.pcm

TCling::LoadPCM       INFO In-memory ROOT PCM candidate /cvmfs/sw-nightlies.hsf.org/key4hep/releases/2025-12-21/x86_64-almalinux9-gcc14.2.0-opt/root/6.38.00-2jf5cm/lib/root/libWebGui6_rdict.pcm

TCling::LoadPCM       INFO In-memory ROOT PCM candidate /cvmfs/sw-nightlies.hsf.org/key4hep/releases/2025-12-21/x86_64-almalinux9-gcc14.2.0-opt/root/6.38.00-2jf5cm/lib/root/libX3d_rdict.pcm

TCling::LoadPCM       INFO In-memory ROOT PCM candidate /cvmfs/sw-nightlies.hsf.org/key4hep/releases/2025-12-21/x86_64-almalinux9-gcc14.2.0-opt/root/6.38.00-2jf5cm/lib/root/libXMLIO_rdict.pcm

TCling::LoadPCM       INFO In-memory ROOT PCM candidate /cvmfs/sw-nightlies.hsf.org/key4hep/releases/2025-12-21/x86_64-almalinux9-gcc14.2.0-opt/root/6.38.00-2jf5cm/lib/root/libXMLParser_rdict.pcm

TCling::LoadPCM      ERROR ROOT PCM /cvmfs/sw-nightlies.hsf.org/key4hep/releases/2025-12-21/x86_64-almalinux9-gcc14.2.0-opt/genfit/02-00-05-uvuy5c/lib64/libeventDisplayRootDict_rdict.pcm file does not exist
TCling::LoadPCM       INFO In-memory ROOT PCM candidate /cvmfs/sw-nightlies.hsf.org/key4hep/releases/2025-12-21/x86_64-almalinux9-gcc14.2.0-opt/root/6.38.00-2jf5cm/lib/root/libASImageGui_rdict.pcm

TCling::LoadPCM       INFO In-memory ROOT PCM candidate /cvmfs/sw-nightlies.hsf.org/key4hep/releases/2025-12-21/x86_64-almalinux9-gcc14.2.0-opt/root/6.38.00-2jf5cm/lib/root/libASImage_rdict.pcm

TCling::LoadPCM       INFO In-memory ROOT PCM candidate /cvmfs/sw-nightlies.hsf.org/key4hep/releases/2025-12-21/x86_64-almalinux9-gcc14.2.0-opt/root/6.38.00-2jf5cm/lib/root/libEG_rdict.pcm

TCling::LoadPCM       INFO In-memory ROOT PCM candidate /cvmfs/sw-nightlies.hsf.org/key4hep/releases/2025-12-21/x86_64-almalinux9-gcc14.2.0-opt/root/6.38.00-2jf5cm/lib/root/libEve_rdict.pcm

TCling::LoadPCM       INFO In-memory ROOT PCM candidate /cvmfs/sw-nightlies.hsf.org/key4hep/releases/2025-12-21/x86_64-almalinux9-gcc14.2.0-opt/root/6.38.00-2jf5cm/lib/root/libFFTW_rdict.pcm

TCling::LoadPCM       INFO In-memory ROOT PCM candidate /cvmfs/sw-nightlies.hsf.org/key4hep/releases/2025-12-21/x86_64-almalinux9-gcc14.2.0-opt/root/6.38.00-2jf5cm/lib/root/libFitPanel_rdict.pcm

TCling::LoadPCM       INFO In-memory ROOT PCM candidate /cvmfs/sw-nightlies.hsf.org/key4hep/releases/2025-12-21/x86_64-almalinux9-gcc14.2.0-opt/root/6.38.00-2jf5cm/lib/root/libFoam_rdict.pcm

TCling::LoadPCM       INFO In-memory ROOT PCM candidate /cvmfs/sw-nightlies.hsf.org/key4hep/releases/2025-12-21/x86_64-almalinux9-gcc14.2.0-opt/root/6.38.00-2jf5cm/lib/root/libFumili_rdict.pcm

TCling::LoadPCM       INFO In-memory ROOT PCM candidate /cvmfs/sw-nightlies.hsf.org/key4hep/releases/2025-12-21/x86_64-almalinux9-gcc14.2.0-opt/root/6.38.00-2jf5cm/lib/root/libGX11TTF_rdict.pcm

TCling::LoadPCM       INFO In-memory ROOT PCM candidate /cvmfs/sw-nightlies.hsf.org/key4hep/releases/2025-12-21/x86_64-almalinux9-gcc14.2.0-opt/root/6.38.00-2jf5cm/lib/root/libGX11_rdict.pcm

TCling::LoadPCM       INFO In-memory ROOT PCM candidate /cvmfs/sw-nightlies.hsf.org/key4hep/releases/2025-12-21/x86_64-almalinux9-gcc14.2.0-opt/root/6.38.00-2jf5cm/lib/root/libGdml_rdict.pcm

TCling::LoadPCM       INFO In-memory ROOT PCM candidate /cvmfs/sw-nightlies.hsf.org/key4hep/releases/2025-12-21/x86_64-almalinux9-gcc14.2.0-opt/root/6.38.00-2jf5cm/lib/root/libGed_rdict.pcm

TCling::LoadPCM       INFO In-memory ROOT PCM candidate /cvmfs/sw-nightlies.hsf.org/key4hep/releases/2025-12-21/x86_64-almalinux9-gcc14.2.0-opt/root/6.38.00-2jf5cm/lib/root/libGenVector_G__GenVector32_rdict.pcm

TCling::LoadPCM       INFO In-memory ROOT PCM candidate /cvmfs/sw-nightlies.hsf.org/key4hep/releases/2025-12-21/x86_64-almalinux9-gcc14.2.0-opt/root/6.38.00-2jf5cm/lib/root/libGenVector_rdict.pcm

TCling::LoadPCM       INFO In-memory ROOT PCM candidate /cvmfs/sw-nightlies.hsf.org/key4hep/releases/2025-12-21/x86_64-almalinux9-gcc14.2.0-opt/root/6.38.00-2jf5cm/lib/root/libGenetic_rdict.pcm

TCling::LoadPCM       INFO In-memory ROOT PCM candidate /cvmfs/sw-nightlies.hsf.org/key4hep/releases/2025-12-21/x86_64-almalinux9-gcc14.2.0-opt/root/6.38.00-2jf5cm/lib/root/libGeomChecker_rdict.pcm

TCling::LoadPCM       INFO In-memory ROOT PCM candidate /cvmfs/sw-nightlies.hsf.org/key4hep/releases/2025-12-21/x86_64-almalinux9-gcc14.2.0-opt/root/6.38.00-2jf5cm/lib/root/libGeomPainter_rdict.pcm

TCling::LoadPCM       INFO In-memory ROOT PCM candidate /cvmfs/sw-nightlies.hsf.org/key4hep/releases/2025-12-21/x86_64-almalinux9-gcc14.2.0-opt/root/6.38.00-2jf5cm/lib/root/libGeom_rdict.pcm

TCling::LoadPCM       INFO In-memory ROOT PCM candidate /cvmfs/sw-nightlies.hsf.org/key4hep/releases/2025-12-21/x86_64-almalinux9-gcc14.2.0-opt/root/6.38.00-2jf5cm/lib/root/libGpad_rdict.pcm

TCling::LoadPCM       INFO In-memory ROOT PCM candidate /cvmfs/sw-nightlies.hsf.org/key4hep/releases/2025-12-21/x86_64-almalinux9-gcc14.2.0-opt/root/6.38.00-2jf5cm/lib/root/libGraf3d_rdict.pcm

TCling::LoadPCM       INFO In-memory ROOT PCM candidate /cvmfs/sw-nightlies.hsf.org/key4hep/releases/2025-12-21/x86_64-almalinux9-gcc14.2.0-opt/root/6.38.00-2jf5cm/lib/root/libGraf_rdict.pcm

TCling::LoadPCM       INFO In-memory ROOT PCM candidate /cvmfs/sw-nightlies.hsf.org/key4hep/releases/2025-12-21/x86_64-almalinux9-gcc14.2.0-opt/root/6.38.00-2jf5cm/lib/root/libGuiBld_rdict.pcm

TCling::LoadPCM       INFO In-memory ROOT PCM candidate /cvmfs/sw-nightlies.hsf.org/key4hep/releases/2025-12-21/x86_64-almalinux9-gcc14.2.0-opt/root/6.38.00-2jf5cm/lib/root/libGuiHtml_rdict.pcm

TCling::LoadPCM       INFO In-memory ROOT PCM candidate /cvmfs/sw-nightlies.hsf.org/key4hep/releases/2025-12-21/x86_64-almalinux9-gcc14.2.0-opt/root/6.38.00-2jf5cm/lib/root/libGui_rdict.pcm

TCling::LoadPCM       INFO In-memory ROOT PCM candidate /cvmfs/sw-nightlies.hsf.org/key4hep/releases/2025-12-21/x86_64-almalinux9-gcc14.2.0-opt/root/6.38.00-2jf5cm/lib/root/libGviz3d_rdict.pcm

TCling::LoadPCM       INFO In-memory ROOT PCM candidate /cvmfs/sw-nightlies.hsf.org/key4hep/releases/2025-12-21/x86_64-almalinux9-gcc14.2.0-opt/root/6.38.00-2jf5cm/lib/root/libHistFactory_rdict.pcm

TCling::LoadPCM       INFO In-memory ROOT PCM candidate /cvmfs/sw-nightlies.hsf.org/key4hep/releases/2025-12-21/x86_64-almalinux9-gcc14.2.0-opt/root/6.38.00-2jf5cm/lib/root/libHistPainter_rdict.pcm

TCling::LoadPCM       INFO In-memory ROOT PCM candidate /cvmfs/sw-nightlies.hsf.org/key4hep/releases/2025-12-21/x86_64-almalinux9-gcc14.2.0-opt/root/6.38.00-2jf5cm/lib/root/libHist_rdict.pcm

TCling::LoadPCM       INFO In-memory ROOT PCM candidate /cvmfs/sw-nightlies.hsf.org/key4hep/releases/2025-12-21/x86_64-almalinux9-gcc14.2.0-opt/root/6.38.00-2jf5cm/lib/root/libMLP_rdict.pcm

TCling::LoadPCM       INFO In-memory ROOT PCM candidate /cvmfs/sw-nightlies.hsf.org/key4hep/releases/2025-12-21/x86_64-almalinux9-gcc14.2.0-opt/root/6.38.00-2jf5cm/lib/root/libMathCore_rdict.pcm

TCling::LoadPCM       INFO In-memory ROOT PCM candidate /cvmfs/sw-nightlies.hsf.org/key4hep/releases/2025-12-21/x86_64-almalinux9-gcc14.2.0-opt/root/6.38.00-2jf5cm/lib/root/libMathMore_rdict.pcm

TCling::LoadPCM       INFO In-memory ROOT PCM candidate /cvmfs/sw-nightlies.hsf.org/key4hep/releases/2025-12-21/x86_64-almalinux9-gcc14.2.0-opt/root/6.38.00-2jf5cm/lib/root/libMatrix_rdict.pcm

TCling::LoadPCM       INFO In-memory ROOT PCM candidate /cvmfs/sw-nightlies.hsf.org/key4hep/releases/2025-12-21/x86_64-almalinux9-gcc14.2.0-opt/root/6.38.00-2jf5cm/lib/root/libMinuit2_rdict.pcm

TCling::LoadPCM       INFO In-memory ROOT PCM candidate /cvmfs/sw-nightlies.hsf.org/key4hep/releases/2025-12-21/x86_64-almalinux9-gcc14.2.0-opt/root/6.38.00-2jf5cm/lib/root/libMinuit_rdict.pcm

TCling::LoadPCM       INFO In-memory ROOT PCM candidate /cvmfs/sw-nightlies.hsf.org/key4hep/releases/2025-12-21/x86_64-almalinux9-gcc14.2.0-opt/root/6.38.00-2jf5cm/lib/root/libNet_rdict.pcm

TCling::LoadPCM       INFO In-memory ROOT PCM candidate /cvmfs/sw-nightlies.hsf.org/key4hep/releases/2025-12-21/x86_64-almalinux9-gcc14.2.0-opt/root/6.38.00-2jf5cm/lib/root/libNetxNG_rdict.pcm

TCling::LoadPCM       INFO In-memory ROOT PCM candidate /cvmfs/sw-nightlies.hsf.org/key4hep/releases/2025-12-21/x86_64-almalinux9-gcc14.2.0-opt/root/6.38.00-2jf5cm/lib/root/libPhysics_rdict.pcm

TCling::LoadPCM       INFO In-memory ROOT PCM candidate /cvmfs/sw-nightlies.hsf.org/key4hep/releases/2025-12-21/x86_64-almalinux9-gcc14.2.0-opt/root/6.38.00-2jf5cm/lib/root/libPostscript_rdict.pcm

TCling::LoadPCM       INFO In-memory ROOT PCM candidate /cvmfs/sw-nightlies.hsf.org/key4hep/releases/2025-12-21/x86_64-almalinux9-gcc14.2.0-opt/root/6.38.00-2jf5cm/lib/root/libQuadp_rdict.pcm

TCling::LoadPCM       INFO In-memory ROOT PCM candidate /cvmfs/sw-nightlies.hsf.org/key4hep/releases/2025-12-21/x86_64-almalinux9-gcc14.2.0-opt/root/6.38.00-2jf5cm/lib/root/libRCsg_rdict.pcm

TCling::LoadPCM       INFO In-memory ROOT PCM candidate /cvmfs/sw-nightlies.hsf.org/key4hep/releases/2025-12-21/x86_64-almalinux9-gcc14.2.0-opt/root/6.38.00-2jf5cm/lib/root/libRDAVIX_rdict.pcm

TCling::LoadPCM       INFO In-memory ROOT PCM candidate /cvmfs/sw-nightlies.hsf.org/key4hep/releases/2025-12-21/x86_64-almalinux9-gcc14.2.0-opt/root/6.38.00-2jf5cm/lib/root/libRGL_rdict.pcm

TCling::LoadPCM       INFO In-memory ROOT PCM candidate /cvmfs/sw-nightlies.hsf.org/key4hep/releases/2025-12-21/x86_64-almalinux9-gcc14.2.0-opt/root/6.38.00-2jf5cm/lib/root/libRHTTPSniff_rdict.pcm

TCling::LoadPCM       INFO In-memory ROOT PCM candidate /cvmfs/sw-nightlies.hsf.org/key4hep/releases/2025-12-21/x86_64-almalinux9-gcc14.2.0-opt/root/6.38.00-2jf5cm/lib/root/libRHTTP_rdict.pcm

TCling::LoadPCM       INFO In-memory ROOT PCM candidate /cvmfs/sw-nightlies.hsf.org/key4hep/releases/2025-12-21/x86_64-almalinux9-gcc14.2.0-opt/root/6.38.00-2jf5cm/lib/root/libROOTBrowsable_rdict.pcm

TCling::LoadPCM       INFO In-memory ROOT PCM candidate /cvmfs/sw-nightlies.hsf.org/key4hep/releases/2025-12-21/x86_64-almalinux9-gcc14.2.0-opt/root/6.38.00-2jf5cm/lib/root/libROOTBrowserv7_rdict.pcm

TCling::LoadPCM       INFO In-memory ROOT PCM candidate /cvmfs/sw-nightlies.hsf.org/key4hep/releases/2025-12-21/x86_64-almalinux9-gcc14.2.0-opt/root/6.38.00-2jf5cm/lib/root/libROOTDataFrame_rdict.pcm

TCling::LoadPCM       INFO In-memory ROOT PCM candidate /cvmfs/sw-nightlies.hsf.org/key4hep/releases/2025-12-21/x86_64-almalinux9-gcc14.2.0-opt/root/6.38.00-2jf5cm/lib/root/libROOTEve_rdict.pcm

TCling::LoadPCM       INFO In-memory ROOT PCM candidate /cvmfs/sw-nightlies.hsf.org/key4hep/releases/2025-12-21/x86_64-almalinux9-gcc14.2.0-opt/root/6.38.00-2jf5cm/lib/root/libROOTFitPanelv7_rdict.pcm

TCling::LoadPCM       INFO In-memory ROOT PCM candidate /cvmfs/sw-nightlies.hsf.org/key4hep/releases/2025-12-21/x86_64-almalinux9-gcc14.2.0-opt/root/6.38.00-2jf5cm/lib/root/libROOTGeomViewer_rdict.pcm

TCling::LoadPCM       INFO In-memory ROOT PCM candidate /cvmfs/sw-nightlies.hsf.org/key4hep/releases/2025-12-21/x86_64-almalinux9-gcc14.2.0-opt/root/6.38.00-2jf5cm/lib/root/libROOTGpadv7_rdict.pcm

TCling::LoadPCM       INFO In-memory ROOT PCM candidate /cvmfs/sw-nightlies.hsf.org/key4hep/releases/2025-12-21/x86_64-almalinux9-gcc14.2.0-opt/root/6.38.00-2jf5cm/lib/root/libROOTGraphicsPrimitives_rdict.pcm

TCling::LoadPCM       INFO In-memory ROOT PCM candidate /cvmfs/sw-nightlies.hsf.org/key4hep/releases/2025-12-21/x86_64-almalinux9-gcc14.2.0-opt/root/6.38.00-2jf5cm/lib/root/libROOTHist_rdict.pcm

TCling::LoadPCM       INFO In-memory ROOT PCM candidate /cvmfs/sw-nightlies.hsf.org/key4hep/releases/2025-12-21/x86_64-almalinux9-gcc14.2.0-opt/root/6.38.00-2jf5cm/lib/root/libROOTNTupleBrowse_rdict.pcm

TCling::LoadPCM       INFO In-memory ROOT PCM candidate /cvmfs/sw-nightlies.hsf.org/key4hep/releases/2025-12-21/x86_64-almalinux9-gcc14.2.0-opt/root/6.38.00-2jf5cm/lib/root/libROOTNTupleUtil_rdict.pcm

TCling::LoadPCM       INFO In-memory ROOT PCM candidate /cvmfs/sw-nightlies.hsf.org/key4hep/releases/2025-12-21/x86_64-almalinux9-gcc14.2.0-opt/root/6.38.00-2jf5cm/lib/root/libROOTNTuple_rdict.pcm

TCling::LoadPCM       INFO In-memory ROOT PCM candidate /cvmfs/sw-nightlies.hsf.org/key4hep/releases/2025-12-21/x86_64-almalinux9-gcc14.2.0-opt/root/6.38.00-2jf5cm/lib/root/libROOTTMVASofie_rdict.pcm

TCling::LoadPCM       INFO In-memory ROOT PCM candidate /cvmfs/sw-nightlies.hsf.org/key4hep/releases/2025-12-21/x86_64-almalinux9-gcc14.2.0-opt/root/6.38.00-2jf5cm/lib/root/libROOTTPython_rdict.pcm

TCling::LoadPCM       INFO In-memory ROOT PCM candidate /cvmfs/sw-nightlies.hsf.org/key4hep/releases/2025-12-21/x86_64-almalinux9-gcc14.2.0-opt/root/6.38.00-2jf5cm/lib/root/libROOTTreeMap_rdict.pcm

TCling::LoadPCM       INFO In-memory ROOT PCM candidate /cvmfs/sw-nightlies.hsf.org/key4hep/releases/2025-12-21/x86_64-almalinux9-gcc14.2.0-opt/root/6.38.00-2jf5cm/lib/root/libROOTTreeViewer_rdict.pcm

TCling::LoadPCM       INFO In-memory ROOT PCM candidate /cvmfs/sw-nightlies.hsf.org/key4hep/releases/2025-12-21/x86_64-almalinux9-gcc14.2.0-opt/root/6.38.00-2jf5cm/lib/root/libROOTVecOps_rdict.pcm

TCling::LoadPCM       INFO In-memory ROOT PCM candidate /cvmfs/sw-nightlies.hsf.org/key4hep/releases/2025-12-21/x86_64-almalinux9-gcc14.2.0-opt/root/6.38.00-2jf5cm/lib/root/libROOTWebDisplay_rdict.pcm

TCling::LoadPCM       INFO In-memory ROOT PCM candidate /cvmfs/sw-nightlies.hsf.org/key4hep/releases/2025-12-21/x86_64-almalinux9-gcc14.2.0-opt/root/6.38.00-2jf5cm/lib/root/libRSQLite_rdict.pcm

TCling::LoadPCM       INFO In-memory ROOT PCM candidate /cvmfs/sw-nightlies.hsf.org/key4hep/releases/2025-12-21/x86_64-almalinux9-gcc14.2.0-opt/root/6.38.00-2jf5cm/lib/root/libRecorder_rdict.pcm

TCling::LoadPCM       INFO In-memory ROOT PCM candidate /cvmfs/sw-nightlies.hsf.org/key4hep/releases/2025-12-21/x86_64-almalinux9-gcc14.2.0-opt/root/6.38.00-2jf5cm/lib/root/libRooFitCodegen_rdict.pcm

TCling::LoadPCM       INFO In-memory ROOT PCM candidate /cvmfs/sw-nightlies.hsf.org/key4hep/releases/2025-12-21/x86_64-almalinux9-gcc14.2.0-opt/root/6.38.00-2jf5cm/lib/root/libRooFitCore_rdict.pcm

TCling::LoadPCM       INFO In-memory ROOT PCM candidate /cvmfs/sw-nightlies.hsf.org/key4hep/releases/2025-12-21/x86_64-almalinux9-gcc14.2.0-opt/root/6.38.00-2jf5cm/lib/root/libRooFitHS3_rdict.pcm

TCling::LoadPCM       INFO In-memory ROOT PCM candidate /cvmfs/sw-nightlies.hsf.org/key4hep/releases/2025-12-21/x86_64-almalinux9-gcc14.2.0-opt/root/6.38.00-2jf5cm/lib/root/libRooFitJSONInterface_rdict.pcm

TCling::LoadPCM       INFO In-memory ROOT PCM candidate /cvmfs/sw-nightlies.hsf.org/key4hep/releases/2025-12-21/x86_64-almalinux9-gcc14.2.0-opt/root/6.38.00-2jf5cm/lib/root/libRooFitMore_rdict.pcm

TCling::LoadPCM       INFO In-memory ROOT PCM candidate /cvmfs/sw-nightlies.hsf.org/key4hep/releases/2025-12-21/x86_64-almalinux9-gcc14.2.0-opt/root/6.38.00-2jf5cm/lib/root/libRooFitXRooFit_rdict.pcm

TCling::LoadPCM       INFO In-memory ROOT PCM candidate /cvmfs/sw-nightlies.hsf.org/key4hep/releases/2025-12-21/x86_64-almalinux9-gcc14.2.0-opt/root/6.38.00-2jf5cm/lib/root/libRooFit_rdict.pcm

TCling::LoadPCM       INFO In-memory ROOT PCM candidate /cvmfs/sw-nightlies.hsf.org/key4hep/releases/2025-12-21/x86_64-almalinux9-gcc14.2.0-opt/root/6.38.00-2jf5cm/lib/root/libRooStats_rdict.pcm

TCling::LoadPCM       INFO In-memory ROOT PCM candidate /cvmfs/sw-nightlies.hsf.org/key4hep/releases/2025-12-21/x86_64-almalinux9-gcc14.2.0-opt/root/6.38.00-2jf5cm/lib/root/libRootAuth_rdict.pcm

TCling::LoadPCM       INFO In-memory ROOT PCM candidate /cvmfs/sw-nightlies.hsf.org/key4hep/releases/2025-12-21/x86_64-almalinux9-gcc14.2.0-opt/root/6.38.00-2jf5cm/lib/root/libSPlot_rdict.pcm

TCling::LoadPCM       INFO In-memory ROOT PCM candidate /cvmfs/sw-nightlies.hsf.org/key4hep/releases/2025-12-21/x86_64-almalinux9-gcc14.2.0-opt/root/6.38.00-2jf5cm/lib/root/libSQLIO_rdict.pcm

TCling::LoadPCM       INFO In-memory ROOT PCM candidate /cvmfs/sw-nightlies.hsf.org/key4hep/releases/2025-12-21/x86_64-almalinux9-gcc14.2.0-opt/root/6.38.00-2jf5cm/lib/root/libSmatrix_G__Smatrix32_rdict.pcm

TCling::LoadPCM       INFO In-memory ROOT PCM candidate /cvmfs/sw-nightlies.hsf.org/key4hep/releases/2025-12-21/x86_64-almalinux9-gcc14.2.0-opt/root/6.38.00-2jf5cm/lib/root/libSmatrix_rdict.pcm

TCling::LoadPCM       INFO In-memory ROOT PCM candidate /cvmfs/sw-nightlies.hsf.org/key4hep/releases/2025-12-21/x86_64-almalinux9-gcc14.2.0-opt/root/6.38.00-2jf5cm/lib/root/libSpectrumPainter_rdict.pcm

TCling::LoadPCM       INFO In-memory ROOT PCM candidate /cvmfs/sw-nightlies.hsf.org/key4hep/releases/2025-12-21/x86_64-almalinux9-gcc14.2.0-opt/root/6.38.00-2jf5cm/lib/root/libSpectrum_rdict.pcm

TCling::LoadPCM       INFO In-memory ROOT PCM candidate /cvmfs/sw-nightlies.hsf.org/key4hep/releases/2025-12-21/x86_64-almalinux9-gcc14.2.0-opt/root/6.38.00-2jf5cm/lib/root/libTMVAGui_rdict.pcm

TCling::LoadPCM       INFO In-memory ROOT PCM candidate /cvmfs/sw-nightlies.hsf.org/key4hep/releases/2025-12-21/x86_64-almalinux9-gcc14.2.0-opt/root/6.38.00-2jf5cm/lib/root/libTMVAUtils_rdict.pcm

TCling::LoadPCM       INFO In-memory ROOT PCM candidate /cvmfs/sw-nightlies.hsf.org/key4hep/releases/2025-12-21/x86_64-almalinux9-gcc14.2.0-opt/root/6.38.00-2jf5cm/lib/root/libTMVA_rdict.pcm

TCling::LoadPCM       INFO In-memory ROOT PCM candidate /cvmfs/sw-nightlies.hsf.org/key4hep/releases/2025-12-21/x86_64-almalinux9-gcc14.2.0-opt/root/6.38.00-2jf5cm/lib/root/libTreePlayer_rdict.pcm

TCling::LoadPCM       INFO In-memory ROOT PCM candidate /cvmfs/sw-nightlies.hsf.org/key4hep/releases/2025-12-21/x86_64-almalinux9-gcc14.2.0-opt/root/6.38.00-2jf5cm/lib/root/libTreeViewer_rdict.pcm

TCling::LoadPCM       INFO In-memory ROOT PCM candidate /cvmfs/sw-nightlies.hsf.org/key4hep/releases/2025-12-21/x86_64-almalinux9-gcc14.2.0-opt/root/6.38.00-2jf5cm/lib/root/libTree_rdict.pcm

TCling::LoadPCM       INFO In-memory ROOT PCM candidate /cvmfs/sw-nightlies.hsf.org/key4hep/releases/2025-12-21/x86_64-almalinux9-gcc14.2.0-opt/root/6.38.00-2jf5cm/lib/root/libUnuran_rdict.pcm

TCling::LoadPCM       INFO In-memory ROOT PCM candidate /cvmfs/sw-nightlies.hsf.org/key4hep/releases/2025-12-21/x86_64-almalinux9-gcc14.2.0-opt/root/6.38.00-2jf5cm/lib/root/libWebGui6_rdict.pcm

TCling::LoadPCM       INFO In-memory ROOT PCM candidate /cvmfs/sw-nightlies.hsf.org/key4hep/releases/2025-12-21/x86_64-almalinux9-gcc14.2.0-opt/root/6.38.00-2jf5cm/lib/root/libX3d_rdict.pcm

TCling::LoadPCM       INFO In-memory ROOT PCM candidate /cvmfs/sw-nightlies.hsf.org/key4hep/releases/2025-12-21/x86_64-almalinux9-gcc14.2.0-opt/root/6.38.00-2jf5cm/lib/root/libXMLIO_rdict.pcm

TCling::LoadPCM       INFO In-memory ROOT PCM candidate /cvmfs/sw-nightlies.hsf.org/key4hep/releases/2025-12-21/x86_64-almalinux9-gcc14.2.0-opt/root/6.38.00-2jf5cm/lib/root/libXMLParser_rdict.pcm

TCling::LoadPCM      ERROR ROOT PCM /cvmfs/sw-nightlies.hsf.org/key4hep/releases/2025-12-21/x86_64-almalinux9-gcc14.2.0-opt/genfit/02-00-05-uvuy5c/lib64/libcoreRootDict_rdict.pcm file does not exist
TCling::LoadPCM       INFO In-memory ROOT PCM candidate /cvmfs/sw-nightlies.hsf.org/key4hep/releases/2025-12-21/x86_64-almalinux9-gcc14.2.0-opt/root/6.38.00-2jf5cm/lib/root/libASImageGui_rdict.pcm

TCling::LoadPCM       INFO In-memory ROOT PCM candidate /cvmfs/sw-nightlies.hsf.org/key4hep/releases/2025-12-21/x86_64-almalinux9-gcc14.2.0-opt/root/6.38.00-2jf5cm/lib/root/libASImage_rdict.pcm

TCling::LoadPCM       INFO In-memory ROOT PCM candidate /cvmfs/sw-nightlies.hsf.org/key4hep/releases/2025-12-21/x86_64-almalinux9-gcc14.2.0-opt/root/6.38.00-2jf5cm/lib/root/libEG_rdict.pcm

TCling::LoadPCM       INFO In-memory ROOT PCM candidate /cvmfs/sw-nightlies.hsf.org/key4hep/releases/2025-12-21/x86_64-almalinux9-gcc14.2.0-opt/root/6.38.00-2jf5cm/lib/root/libEve_rdict.pcm

TCling::LoadPCM       INFO In-memory ROOT PCM candidate /cvmfs/sw-nightlies.hsf.org/key4hep/releases/2025-12-21/x86_64-almalinux9-gcc14.2.0-opt/root/6.38.00-2jf5cm/lib/root/libFFTW_rdict.pcm

TCling::LoadPCM       INFO In-memory ROOT PCM candidate /cvmfs/sw-nightlies.hsf.org/key4hep/releases/2025-12-21/x86_64-almalinux9-gcc14.2.0-opt/root/6.38.00-2jf5cm/lib/root/libFitPanel_rdict.pcm

TCling::LoadPCM       INFO In-memory ROOT PCM candidate /cvmfs/sw-nightlies.hsf.org/key4hep/releases/2025-12-21/x86_64-almalinux9-gcc14.2.0-opt/root/6.38.00-2jf5cm/lib/root/libFoam_rdict.pcm

TCling::LoadPCM       INFO In-memory ROOT PCM candidate /cvmfs/sw-nightlies.hsf.org/key4hep/releases/2025-12-21/x86_64-almalinux9-gcc14.2.0-opt/root/6.38.00-2jf5cm/lib/root/libFumili_rdict.pcm

TCling::LoadPCM       INFO In-memory ROOT PCM candidate /cvmfs/sw-nightlies.hsf.org/key4hep/releases/2025-12-21/x86_64-almalinux9-gcc14.2.0-opt/root/6.38.00-2jf5cm/lib/root/libGX11TTF_rdict.pcm

TCling::LoadPCM       INFO In-memory ROOT PCM candidate /cvmfs/sw-nightlies.hsf.org/key4hep/releases/2025-12-21/x86_64-almalinux9-gcc14.2.0-opt/root/6.38.00-2jf5cm/lib/root/libGX11_rdict.pcm

TCling::LoadPCM       INFO In-memory ROOT PCM candidate /cvmfs/sw-nightlies.hsf.org/key4hep/releases/2025-12-21/x86_64-almalinux9-gcc14.2.0-opt/root/6.38.00-2jf5cm/lib/root/libGdml_rdict.pcm

TCling::LoadPCM       INFO In-memory ROOT PCM candidate /cvmfs/sw-nightlies.hsf.org/key4hep/releases/2025-12-21/x86_64-almalinux9-gcc14.2.0-opt/root/6.38.00-2jf5cm/lib/root/libGed_rdict.pcm

TCling::LoadPCM       INFO In-memory ROOT PCM candidate /cvmfs/sw-nightlies.hsf.org/key4hep/releases/2025-12-21/x86_64-almalinux9-gcc14.2.0-opt/root/6.38.00-2jf5cm/lib/root/libGenVector_G__GenVector32_rdict.pcm

TCling::LoadPCM       INFO In-memory ROOT PCM candidate /cvmfs/sw-nightlies.hsf.org/key4hep/releases/2025-12-21/x86_64-almalinux9-gcc14.2.0-opt/root/6.38.00-2jf5cm/lib/root/libGenVector_rdict.pcm

TCling::LoadPCM       INFO In-memory ROOT PCM candidate /cvmfs/sw-nightlies.hsf.org/key4hep/releases/2025-12-21/x86_64-almalinux9-gcc14.2.0-opt/root/6.38.00-2jf5cm/lib/root/libGenetic_rdict.pcm

TCling::LoadPCM       INFO In-memory ROOT PCM candidate /cvmfs/sw-nightlies.hsf.org/key4hep/releases/2025-12-21/x86_64-almalinux9-gcc14.2.0-opt/root/6.38.00-2jf5cm/lib/root/libGeomChecker_rdict.pcm

TCling::LoadPCM       INFO In-memory ROOT PCM candidate /cvmfs/sw-nightlies.hsf.org/key4hep/releases/2025-12-21/x86_64-almalinux9-gcc14.2.0-opt/root/6.38.00-2jf5cm/lib/root/libGeomPainter_rdict.pcm

TCling::LoadPCM       INFO In-memory ROOT PCM candidate /cvmfs/sw-nightlies.hsf.org/key4hep/releases/2025-12-21/x86_64-almalinux9-gcc14.2.0-opt/root/6.38.00-2jf5cm/lib/root/libGeom_rdict.pcm

TCling::LoadPCM       INFO In-memory ROOT PCM candidate /cvmfs/sw-nightlies.hsf.org/key4hep/releases/2025-12-21/x86_64-almalinux9-gcc14.2.0-opt/root/6.38.00-2jf5cm/lib/root/libGpad_rdict.pcm

TCling::LoadPCM       INFO In-memory ROOT PCM candidate /cvmfs/sw-nightlies.hsf.org/key4hep/releases/2025-12-21/x86_64-almalinux9-gcc14.2.0-opt/root/6.38.00-2jf5cm/lib/root/libGraf3d_rdict.pcm

TCling::LoadPCM       INFO In-memory ROOT PCM candidate /cvmfs/sw-nightlies.hsf.org/key4hep/releases/2025-12-21/x86_64-almalinux9-gcc14.2.0-opt/root/6.38.00-2jf5cm/lib/root/libGraf_rdict.pcm

TCling::LoadPCM       INFO In-memory ROOT PCM candidate /cvmfs/sw-nightlies.hsf.org/key4hep/releases/2025-12-21/x86_64-almalinux9-gcc14.2.0-opt/root/6.38.00-2jf5cm/lib/root/libGuiBld_rdict.pcm

TCling::LoadPCM       INFO In-memory ROOT PCM candidate /cvmfs/sw-nightlies.hsf.org/key4hep/releases/2025-12-21/x86_64-almalinux9-gcc14.2.0-opt/root/6.38.00-2jf5cm/lib/root/libGuiHtml_rdict.pcm

TCling::LoadPCM       INFO In-memory ROOT PCM candidate /cvmfs/sw-nightlies.hsf.org/key4hep/releases/2025-12-21/x86_64-almalinux9-gcc14.2.0-opt/root/6.38.00-2jf5cm/lib/root/libGui_rdict.pcm

TCling::LoadPCM       INFO In-memory ROOT PCM candidate /cvmfs/sw-nightlies.hsf.org/key4hep/releases/2025-12-21/x86_64-almalinux9-gcc14.2.0-opt/root/6.38.00-2jf5cm/lib/root/libGviz3d_rdict.pcm

TCling::LoadPCM       INFO In-memory ROOT PCM candidate /cvmfs/sw-nightlies.hsf.org/key4hep/releases/2025-12-21/x86_64-almalinux9-gcc14.2.0-opt/root/6.38.00-2jf5cm/lib/root/libHistFactory_rdict.pcm

TCling::LoadPCM       INFO In-memory ROOT PCM candidate /cvmfs/sw-nightlies.hsf.org/key4hep/releases/2025-12-21/x86_64-almalinux9-gcc14.2.0-opt/root/6.38.00-2jf5cm/lib/root/libHistPainter_rdict.pcm

TCling::LoadPCM       INFO In-memory ROOT PCM candidate /cvmfs/sw-nightlies.hsf.org/key4hep/releases/2025-12-21/x86_64-almalinux9-gcc14.2.0-opt/root/6.38.00-2jf5cm/lib/root/libHist_rdict.pcm

TCling::LoadPCM       INFO In-memory ROOT PCM candidate /cvmfs/sw-nightlies.hsf.org/key4hep/releases/2025-12-21/x86_64-almalinux9-gcc14.2.0-opt/root/6.38.00-2jf5cm/lib/root/libMLP_rdict.pcm

TCling::LoadPCM       INFO In-memory ROOT PCM candidate /cvmfs/sw-nightlies.hsf.org/key4hep/releases/2025-12-21/x86_64-almalinux9-gcc14.2.0-opt/root/6.38.00-2jf5cm/lib/root/libMathCore_rdict.pcm

TCling::LoadPCM       INFO In-memory ROOT PCM candidate /cvmfs/sw-nightlies.hsf.org/key4hep/releases/2025-12-21/x86_64-almalinux9-gcc14.2.0-opt/root/6.38.00-2jf5cm/lib/root/libMathMore_rdict.pcm

TCling::LoadPCM       INFO In-memory ROOT PCM candidate /cvmfs/sw-nightlies.hsf.org/key4hep/releases/2025-12-21/x86_64-almalinux9-gcc14.2.0-opt/root/6.38.00-2jf5cm/lib/root/libMatrix_rdict.pcm

TCling::LoadPCM       INFO In-memory ROOT PCM candidate /cvmfs/sw-nightlies.hsf.org/key4hep/releases/2025-12-21/x86_64-almalinux9-gcc14.2.0-opt/root/6.38.00-2jf5cm/lib/root/libMinuit2_rdict.pcm

TCling::LoadPCM       INFO In-memory ROOT PCM candidate /cvmfs/sw-nightlies.hsf.org/key4hep/releases/2025-12-21/x86_64-almalinux9-gcc14.2.0-opt/root/6.38.00-2jf5cm/lib/root/libMinuit_rdict.pcm

TCling::LoadPCM       INFO In-memory ROOT PCM candidate /cvmfs/sw-nightlies.hsf.org/key4hep/releases/2025-12-21/x86_64-almalinux9-gcc14.2.0-opt/root/6.38.00-2jf5cm/lib/root/libNet_rdict.pcm

TCling::LoadPCM       INFO In-memory ROOT PCM candidate /cvmfs/sw-nightlies.hsf.org/key4hep/releases/2025-12-21/x86_64-almalinux9-gcc14.2.0-opt/root/6.38.00-2jf5cm/lib/root/libNetxNG_rdict.pcm

TCling::LoadPCM       INFO In-memory ROOT PCM candidate /cvmfs/sw-nightlies.hsf.org/key4hep/releases/2025-12-21/x86_64-almalinux9-gcc14.2.0-opt/root/6.38.00-2jf5cm/lib/root/libPhysics_rdict.pcm

TCling::LoadPCM       INFO In-memory ROOT PCM candidate /cvmfs/sw-nightlies.hsf.org/key4hep/releases/2025-12-21/x86_64-almalinux9-gcc14.2.0-opt/root/6.38.00-2jf5cm/lib/root/libPostscript_rdict.pcm

TCling::LoadPCM       INFO In-memory ROOT PCM candidate /cvmfs/sw-nightlies.hsf.org/key4hep/releases/2025-12-21/x86_64-almalinux9-gcc14.2.0-opt/root/6.38.00-2jf5cm/lib/root/libQuadp_rdict.pcm

TCling::LoadPCM       INFO In-memory ROOT PCM candidate /cvmfs/sw-nightlies.hsf.org/key4hep/releases/2025-12-21/x86_64-almalinux9-gcc14.2.0-opt/root/6.38.00-2jf5cm/lib/root/libRCsg_rdict.pcm

TCling::LoadPCM       INFO In-memory ROOT PCM candidate /cvmfs/sw-nightlies.hsf.org/key4hep/releases/2025-12-21/x86_64-almalinux9-gcc14.2.0-opt/root/6.38.00-2jf5cm/lib/root/libRDAVIX_rdict.pcm

TCling::LoadPCM       INFO In-memory ROOT PCM candidate /cvmfs/sw-nightlies.hsf.org/key4hep/releases/2025-12-21/x86_64-almalinux9-gcc14.2.0-opt/root/6.38.00-2jf5cm/lib/root/libRGL_rdict.pcm

TCling::LoadPCM       INFO In-memory ROOT PCM candidate /cvmfs/sw-nightlies.hsf.org/key4hep/releases/2025-12-21/x86_64-almalinux9-gcc14.2.0-opt/root/6.38.00-2jf5cm/lib/root/libRHTTPSniff_rdict.pcm

TCling::LoadPCM       INFO In-memory ROOT PCM candidate /cvmfs/sw-nightlies.hsf.org/key4hep/releases/2025-12-21/x86_64-almalinux9-gcc14.2.0-opt/root/6.38.00-2jf5cm/lib/root/libRHTTP_rdict.pcm

TCling::LoadPCM       INFO In-memory ROOT PCM candidate /cvmfs/sw-nightlies.hsf.org/key4hep/releases/2025-12-21/x86_64-almalinux9-gcc14.2.0-opt/root/6.38.00-2jf5cm/lib/root/libROOTBrowsable_rdict.pcm

TCling::LoadPCM       INFO In-memory ROOT PCM candidate /cvmfs/sw-nightlies.hsf.org/key4hep/releases/2025-12-21/x86_64-almalinux9-gcc14.2.0-opt/root/6.38.00-2jf5cm/lib/root/libROOTBrowserv7_rdict.pcm

TCling::LoadPCM       INFO In-memory ROOT PCM candidate /cvmfs/sw-nightlies.hsf.org/key4hep/releases/2025-12-21/x86_64-almalinux9-gcc14.2.0-opt/root/6.38.00-2jf5cm/lib/root/libROOTDataFrame_rdict.pcm

TCling::LoadPCM       INFO In-memory ROOT PCM candidate /cvmfs/sw-nightlies.hsf.org/key4hep/releases/2025-12-21/x86_64-almalinux9-gcc14.2.0-opt/root/6.38.00-2jf5cm/lib/root/libROOTEve_rdict.pcm

TCling::LoadPCM       INFO In-memory ROOT PCM candidate /cvmfs/sw-nightlies.hsf.org/key4hep/releases/2025-12-21/x86_64-almalinux9-gcc14.2.0-opt/root/6.38.00-2jf5cm/lib/root/libROOTFitPanelv7_rdict.pcm

TCling::LoadPCM       INFO In-memory ROOT PCM candidate /cvmfs/sw-nightlies.hsf.org/key4hep/releases/2025-12-21/x86_64-almalinux9-gcc14.2.0-opt/root/6.38.00-2jf5cm/lib/root/libROOTGeomViewer_rdict.pcm

TCling::LoadPCM       INFO In-memory ROOT PCM candidate /cvmfs/sw-nightlies.hsf.org/key4hep/releases/2025-12-21/x86_64-almalinux9-gcc14.2.0-opt/root/6.38.00-2jf5cm/lib/root/libROOTGpadv7_rdict.pcm

TCling::LoadPCM       INFO In-memory ROOT PCM candidate /cvmfs/sw-nightlies.hsf.org/key4hep/releases/2025-12-21/x86_64-almalinux9-gcc14.2.0-opt/root/6.38.00-2jf5cm/lib/root/libROOTGraphicsPrimitives_rdict.pcm

TCling::LoadPCM       INFO In-memory ROOT PCM candidate /cvmfs/sw-nightlies.hsf.org/key4hep/releases/2025-12-21/x86_64-almalinux9-gcc14.2.0-opt/root/6.38.00-2jf5cm/lib/root/libROOTHist_rdict.pcm

TCling::LoadPCM       INFO In-memory ROOT PCM candidate /cvmfs/sw-nightlies.hsf.org/key4hep/releases/2025-12-21/x86_64-almalinux9-gcc14.2.0-opt/root/6.38.00-2jf5cm/lib/root/libROOTNTupleBrowse_rdict.pcm

TCling::LoadPCM       INFO In-memory ROOT PCM candidate /cvmfs/sw-nightlies.hsf.org/key4hep/releases/2025-12-21/x86_64-almalinux9-gcc14.2.0-opt/root/6.38.00-2jf5cm/lib/root/libROOTNTupleUtil_rdict.pcm

TCling::LoadPCM       INFO In-memory ROOT PCM candidate /cvmfs/sw-nightlies.hsf.org/key4hep/releases/2025-12-21/x86_64-almalinux9-gcc14.2.0-opt/root/6.38.00-2jf5cm/lib/root/libROOTNTuple_rdict.pcm

TCling::LoadPCM       INFO In-memory ROOT PCM candidate /cvmfs/sw-nightlies.hsf.org/key4hep/releases/2025-12-21/x86_64-almalinux9-gcc14.2.0-opt/root/6.38.00-2jf5cm/lib/root/libROOTTMVASofie_rdict.pcm

TCling::LoadPCM       INFO In-memory ROOT PCM candidate /cvmfs/sw-nightlies.hsf.org/key4hep/releases/2025-12-21/x86_64-almalinux9-gcc14.2.0-opt/root/6.38.00-2jf5cm/lib/root/libROOTTPython_rdict.pcm

TCling::LoadPCM       INFO In-memory ROOT PCM candidate /cvmfs/sw-nightlies.hsf.org/key4hep/releases/2025-12-21/x86_64-almalinux9-gcc14.2.0-opt/root/6.38.00-2jf5cm/lib/root/libROOTTreeMap_rdict.pcm

TCling::LoadPCM       INFO In-memory ROOT PCM candidate /cvmfs/sw-nightlies.hsf.org/key4hep/releases/2025-12-21/x86_64-almalinux9-gcc14.2.0-opt/root/6.38.00-2jf5cm/lib/root/libROOTTreeViewer_rdict.pcm

TCling::LoadPCM       INFO In-memory ROOT PCM candidate /cvmfs/sw-nightlies.hsf.org/key4hep/releases/2025-12-21/x86_64-almalinux9-gcc14.2.0-opt/root/6.38.00-2jf5cm/lib/root/libROOTVecOps_rdict.pcm

TCling::LoadPCM       INFO In-memory ROOT PCM candidate /cvmfs/sw-nightlies.hsf.org/key4hep/releases/2025-12-21/x86_64-almalinux9-gcc14.2.0-opt/root/6.38.00-2jf5cm/lib/root/libROOTWebDisplay_rdict.pcm

TCling::LoadPCM       INFO In-memory ROOT PCM candidate /cvmfs/sw-nightlies.hsf.org/key4hep/releases/2025-12-21/x86_64-almalinux9-gcc14.2.0-opt/root/6.38.00-2jf5cm/lib/root/libRSQLite_rdict.pcm

TCling::LoadPCM       INFO In-memory ROOT PCM candidate /cvmfs/sw-nightlies.hsf.org/key4hep/releases/2025-12-21/x86_64-almalinux9-gcc14.2.0-opt/root/6.38.00-2jf5cm/lib/root/libRecorder_rdict.pcm

TCling::LoadPCM       INFO In-memory ROOT PCM candidate /cvmfs/sw-nightlies.hsf.org/key4hep/releases/2025-12-21/x86_64-almalinux9-gcc14.2.0-opt/root/6.38.00-2jf5cm/lib/root/libRooFitCodegen_rdict.pcm

TCling::LoadPCM       INFO In-memory ROOT PCM candidate /cvmfs/sw-nightlies.hsf.org/key4hep/releases/2025-12-21/x86_64-almalinux9-gcc14.2.0-opt/root/6.38.00-2jf5cm/lib/root/libRooFitCore_rdict.pcm

TCling::LoadPCM       INFO In-memory ROOT PCM candidate /cvmfs/sw-nightlies.hsf.org/key4hep/releases/2025-12-21/x86_64-almalinux9-gcc14.2.0-opt/root/6.38.00-2jf5cm/lib/root/libRooFitHS3_rdict.pcm

TCling::LoadPCM       INFO In-memory ROOT PCM candidate /cvmfs/sw-nightlies.hsf.org/key4hep/releases/2025-12-21/x86_64-almalinux9-gcc14.2.0-opt/root/6.38.00-2jf5cm/lib/root/libRooFitJSONInterface_rdict.pcm

TCling::LoadPCM       INFO In-memory ROOT PCM candidate /cvmfs/sw-nightlies.hsf.org/key4hep/releases/2025-12-21/x86_64-almalinux9-gcc14.2.0-opt/root/6.38.00-2jf5cm/lib/root/libRooFitMore_rdict.pcm

TCling::LoadPCM       INFO In-memory ROOT PCM candidate /cvmfs/sw-nightlies.hsf.org/key4hep/releases/2025-12-21/x86_64-almalinux9-gcc14.2.0-opt/root/6.38.00-2jf5cm/lib/root/libRooFitXRooFit_rdict.pcm

TCling::LoadPCM       INFO In-memory ROOT PCM candidate /cvmfs/sw-nightlies.hsf.org/key4hep/releases/2025-12-21/x86_64-almalinux9-gcc14.2.0-opt/root/6.38.00-2jf5cm/lib/root/libRooFit_rdict.pcm

TCling::LoadPCM       INFO In-memory ROOT PCM candidate /cvmfs/sw-nightlies.hsf.org/key4hep/releases/2025-12-21/x86_64-almalinux9-gcc14.2.0-opt/root/6.38.00-2jf5cm/lib/root/libRooStats_rdict.pcm

TCling::LoadPCM       INFO In-memory ROOT PCM candidate /cvmfs/sw-nightlies.hsf.org/key4hep/releases/2025-12-21/x86_64-almalinux9-gcc14.2.0-opt/root/6.38.00-2jf5cm/lib/root/libRootAuth_rdict.pcm

TCling::LoadPCM       INFO In-memory ROOT PCM candidate /cvmfs/sw-nightlies.hsf.org/key4hep/releases/2025-12-21/x86_64-almalinux9-gcc14.2.0-opt/root/6.38.00-2jf5cm/lib/root/libSPlot_rdict.pcm

TCling::LoadPCM       INFO In-memory ROOT PCM candidate /cvmfs/sw-nightlies.hsf.org/key4hep/releases/2025-12-21/x86_64-almalinux9-gcc14.2.0-opt/root/6.38.00-2jf5cm/lib/root/libSQLIO_rdict.pcm

TCling::LoadPCM       INFO In-memory ROOT PCM candidate /cvmfs/sw-nightlies.hsf.org/key4hep/releases/2025-12-21/x86_64-almalinux9-gcc14.2.0-opt/root/6.38.00-2jf5cm/lib/root/libSmatrix_G__Smatrix32_rdict.pcm

TCling::LoadPCM       INFO In-memory ROOT PCM candidate /cvmfs/sw-nightlies.hsf.org/key4hep/releases/2025-12-21/x86_64-almalinux9-gcc14.2.0-opt/root/6.38.00-2jf5cm/lib/root/libSmatrix_rdict.pcm

TCling::LoadPCM       INFO In-memory ROOT PCM candidate /cvmfs/sw-nightlies.hsf.org/key4hep/releases/2025-12-21/x86_64-almalinux9-gcc14.2.0-opt/root/6.38.00-2jf5cm/lib/root/libSpectrumPainter_rdict.pcm

TCling::LoadPCM       INFO In-memory ROOT PCM candidate /cvmfs/sw-nightlies.hsf.org/key4hep/releases/2025-12-21/x86_64-almalinux9-gcc14.2.0-opt/root/6.38.00-2jf5cm/lib/root/libSpectrum_rdict.pcm

TCling::LoadPCM       INFO In-memory ROOT PCM candidate /cvmfs/sw-nightlies.hsf.org/key4hep/releases/2025-12-21/x86_64-almalinux9-gcc14.2.0-opt/root/6.38.00-2jf5cm/lib/root/libTMVAGui_rdict.pcm

TCling::LoadPCM       INFO In-memory ROOT PCM candidate /cvmfs/sw-nightlies.hsf.org/key4hep/releases/2025-12-21/x86_64-almalinux9-gcc14.2.0-opt/root/6.38.00-2jf5cm/lib/root/libTMVAUtils_rdict.pcm

TCling::LoadPCM       INFO In-memory ROOT PCM candidate /cvmfs/sw-nightlies.hsf.org/key4hep/releases/2025-12-21/x86_64-almalinux9-gcc14.2.0-opt/root/6.38.00-2jf5cm/lib/root/libTMVA_rdict.pcm

TCling::LoadPCM       INFO In-memory ROOT PCM candidate /cvmfs/sw-nightlies.hsf.org/key4hep/releases/2025-12-21/x86_64-almalinux9-gcc14.2.0-opt/root/6.38.00-2jf5cm/lib/root/libTreePlayer_rdict.pcm

TCling::LoadPCM       INFO In-memory ROOT PCM candidate /cvmfs/sw-nightlies.hsf.org/key4hep/releases/2025-12-21/x86_64-almalinux9-gcc14.2.0-opt/root/6.38.00-2jf5cm/lib/root/libTreeViewer_rdict.pcm

TCling::LoadPCM       INFO In-memory ROOT PCM candidate /cvmfs/sw-nightlies.hsf.org/key4hep/releases/2025-12-21/x86_64-almalinux9-gcc14.2.0-opt/root/6.38.00-2jf5cm/lib/root/libTree_rdict.pcm

TCling::LoadPCM       INFO In-memory ROOT PCM candidate /cvmfs/sw-nightlies.hsf.org/key4hep/releases/2025-12-21/x86_64-almalinux9-gcc14.2.0-opt/root/6.38.00-2jf5cm/lib/root/libUnuran_rdict.pcm

TCling::LoadPCM       INFO In-memory ROOT PCM candidate /cvmfs/sw-nightlies.hsf.org/key4hep/releases/2025-12-21/x86_64-almalinux9-gcc14.2.0-opt/root/6.38.00-2jf5cm/lib/root/libWebGui6_rdict.pcm

TCling::LoadPCM       INFO In-memory ROOT PCM candidate /cvmfs/sw-nightlies.hsf.org/key4hep/releases/2025-12-21/x86_64-almalinux9-gcc14.2.0-opt/root/6.38.00-2jf5cm/lib/root/libX3d_rdict.pcm

TCling::LoadPCM       INFO In-memory ROOT PCM candidate /cvmfs/sw-nightlies.hsf.org/key4hep/releases/2025-12-21/x86_64-almalinux9-gcc14.2.0-opt/root/6.38.00-2jf5cm/lib/root/libXMLIO_rdict.pcm

TCling::LoadPCM       INFO In-memory ROOT PCM candidate /cvmfs/sw-nightlies.hsf.org/key4hep/releases/2025-12-21/x86_64-almalinux9-gcc14.2.0-opt/root/6.38.00-2jf5cm/lib/root/libXMLParser_rdict.pcm

IOSvc                 INFO Setting metadata frame
 ---reading of---/work/omunkombwe/k4RecTracker/Tracking/test/testTrackFinder/DataAlgFORGEANT.root
DCHdigi               INFO DCHdigi will use the following components:
	Geometry Service: GeoSvc
	UID Service: uidSvc
	Detector name: DCH_v2
		|--Volume bitfield: system:0:5,superlayer:5:5,layer:10:4,nphi:14:11,stereosign:25:-2
		|--Number of layers: 112
	Cluster distributions taken from: /work/omunkombwe/k4RecTracker/Tracking/test/testTrackFinder/DataAlgFORGEANT.root
	Resolution along the wire (mm): 30
	Resolution perp. to the wire (mm): 0.1
	Create debug histograms: false

SurfaceManager   INFO  --------  SurfaceManager contains the following maps : --------- 
  key: BeBeampipe 	 number of surfaces : 8
  key: BeamPipe 	 number of surfaces : 5
  key: BeamPipeShield 	 number of surfaces : 0
  key: BeamPipeShield_noRot 	 number of surfaces : 0
  key: CompSol 	 number of surfaces : 0
  key: DCH_v2 	 number of surfaces : 0
  key: DRcalo 	 number of surfaces : 0
  key: EndPlateAbsorber_negative 	 number of surfaces : 0
  key: EndPlateAbsorber_positive 	 number of surfaces : 0
  key: LumiCal 	 number of surfaces : 0
  key: LumiCalBackShield 	 number of surfaces : 0
  key: LumiCalCooling 	 number of surfaces : 0
  key: LumiCalInstrumentation 	 number of surfaces : 0
  key: Muon-System 	 number of surfaces : 7208
  key: Preshower 	 number of surfaces : 672
  key: ScreenSol 	 number of surfaces : 0
  key: SiWrB 	 number of surfaces : 302
  key: SiWrD 	 number of surfaces : 5056
  key: Solenoid 	 number of surfaces : 0
  key: SolenoidBarrel 	 number of surfaces : 0
  key: SolenoidEndcaps 	 number of surfaces : 0
  key: SynchRadMask 	 number of surfaces : 0
  key: Vertex 	 number of surfaces : 10534
  key: VertexBarrel 	 number of surfaces : 4870
  key: VertexDisks 	 number of surfaces : 5664
  key: VertexDisks_support 	 number of surfaces : 0
  key: VertexInnerBarrel_tube 	 number of surfaces : 0
  key: compound 	 number of surfaces : 10534
  key: passive 	 number of surfaces : 13
  key: tracker 	 number of surfaces : 23772
  key: world 	 number of surfaces : 34319
---------------------------------------------------------------- 

ApplicationMgr        INFO Application Manager Initialized successfully
ApplicationMgr        INFO Application Manager Started successfully
GGTF_tracking         INFO Processing event number: 0
GGTF_tracking         INFO Processing event number: 1
GGTF_tracking         INFO Processing event number: 2
EventLoopMgr       SUCCESS Terminating event processing loop due to scheduled stop
ApplicationMgr        INFO Application Manager Stopped successfully
GGTF_tracking         INFO Run report:
GGTF_tracking         INFO Number of analysed events: 3
GGTF_tracking         INFO ----------------

ApplicationMgr        INFO Application Manager Finalized successfully
ApplicationMgr        INFO Application Manager Terminated successfully with a user requested ScheduledStop
[k4run - INFO] k4run.main: --> GenfitTrackFitter
[k4run - INFO] k4run.main: Option name: IOSvc.OutputLevel 0
[k4run - INFO] k4run.main: Option name: IOSvc.CollectionNames []
[k4run - INFO] k4run.main: Option name: IOSvc.Input ['/ceph/omunkombwe/idea_o1_v03_gun/digi_mu_P50-120GeV_theta60deg_seed103_nev3.root']
[k4run - INFO] k4run.main: Option name: IOSvc.Output /ceph/omunkombwe/idea_o1_v03_gun/fit_mu_P50-120GeV_theta60deg_seed103_nev3.root
[k4run - INFO] k4run.main: Option name: IOSvc.outputCommands ['keep *']
[k4run - INFO] k4run.main: Option name: IOSvc.OutputType default
[k4run - INFO] k4run.main: Option name: IOSvc.ImportedFromk4FWCore True
[k4run - INFO] k4run.main: Option name: IOSvc.FirstEventEntry 0
[k4run - INFO] k4run.main: Option name: GenfitTrackFitter.OutputLevel 2
[k4run - INFO] k4run.main: Option name: GenfitTrackFitter.Asynchronous False
[k4run - INFO] k4run.main: Option name: GenfitTrackFitter.tracks_input ['CDCHTracks']
[k4run - INFO] k4run.main: Option name: GenfitTrackFitter.Fitted_tracks_electron ['Fitted_tracks_electron']
[k4run - INFO] k4run.main: Option name: GenfitTrackFitter.Fitted_tracks_muon ['Fitted_tracks_muon']
[k4run - INFO] k4run.main: Option name: GenfitTrackFitter.Fitted_tracks_pion ['Fitted_tracks_pion']
[k4run - INFO] k4run.main: Option name: GenfitTrackFitter.Fitted_tracks_kaon ['Fitted_tracks_kaon']
[k4run - INFO] k4run.main: Option name: GenfitTrackFitter.Fitted_tracks_proton ['Fitted_tracks_proton']
[k4run - INFO] k4run.main: Option name: GenfitTrackFitter.Beta_init 100.0
[k4run - INFO] k4run.main: Option name: GenfitTrackFitter.Beta_final 0.1
[k4run - INFO] k4run.main: Option name: GenfitTrackFitter.Beta_steps 10
[k4run - INFO] k4run.main: Option name: GenfitTrackFitter.debug_lvl 0
[k4run - INFO] k4run.main: Option name: MetadataSvc.OutputLevel 0
[k4run - INFO] k4run.main: Option name: AuditorSvc.OutputLevel 0
[k4run - INFO] k4run.main: Option name: GeoSvc.OutputLevel 3
[k4run - INFO] k4run.main: Option name: GeoSvc.detectors ['/cvmfs/sw-nightlies.hsf.org/key4hep/releases/2025-12-21/x86_64-almalinux9-gcc14.2.0-opt/k4geo/b0087c8cbda29cc8c69172581b6df033c644d0cf_develop-pv6ukr/share/k4geo/FCCee/IDEA/compact/IDEA_o1_v03/IDEA_o1_v03.xml']
[k4run - INFO] k4run.main: Option name: GeoSvc.sensitiveTypes {'calorimeter': 'SimpleCalorimeterSD', 'tracker': 'SimpleTrackerSD'}
[k4run - INFO] k4run.main: Option name: GeoSvc.EnableGeant4Geo False
[k4run - INFO] k4run.main: Option name: EventDataSvc.OutputLevel 0
[k4run - INFO] k4run.main: Option name: EventDataSvc.InhibitPaths []
[k4run - INFO] k4run.main: Option name: ChronoAuditor.OutputLevel 0
ApplicationMgr     SUCCESS 
====================================================================================================================================
                                                   Welcome to ApplicationMgr (GaudiCoreSvc v40r2)
                                          running on omunkombwe-3637361.2-ms03.etp.kit.edu on Wed Jan 28 14:20:27 2026
====================================================================================================================================
ApplicationMgr        INFO Application Manager Configured successfully
PersistencyIO    INFO  +++ Set Streamer to dd4hep::OpaqueDataBlock
GeoSvc                INFO Detector geometry will be loaded from the following file(s):
GeoSvc                INFO   - /cvmfs/sw-nightlies.hsf.org/key4hep/releases/2025-12-21/x86_64-almalinux9-gcc14.2.0-opt/k4geo/b0087c8cbda29cc8c69172581b6df033c644d0cf_develop-pv6ukr/share/k4geo/FCCee/IDEA/compact/IDEA_o1_v03/IDEA_o1_v03.xml
GeoSvc                INFO Loading geometry from file: /cvmfs/sw-nightlies.hsf.org/key4hep/releases/2025-12-21/x86_64-almalinux9-gcc14.2.0-opt/k4geo/b0087c8cbda29cc8c69172581b6df033c644d0cf_develop-pv6ukr/share/k4geo/FCCee/IDEA/compact/IDEA_o1_v03/IDEA_o1_v03.xml
DD4hep           WARN  ++ STD conditions NOT defined by client. NTP defaults taken.
Detector         INFO  *********** Created World volume with size: 2500 2500 2500
Compact          WARN  ++ Overwriting/updating Header structure is very dangerous. Try to avoid this.
Compact          WARN  ++     Header definition in: file:///cvmfs/sw-nightlies.hsf.org/key4hep/releases/2025-12-21/x86_64-almalinux9-gcc14.2.0-opt/k4geo/b0087c8cbda29cc8c69172581b6df033c644d0cf_develop-pv6ukr/share/k4geo/FCCee/IDEA/compact/IDEA_o1_v03/DectDimensions_IDEA_o1_v03.xml
VisAttr          INFO  +++ VXDVis Allocated a Color: r:19 g:7F b:7F, this will not save to a ROOT file
VisAttr          INFO  +++ HCALVis Allocated a Color: r:13 g:02 b:95, this will not save to a ROOT file
VisAttr          INFO  +++ LCALVis Allocated a Color: r:3F g:E0 b:CE, this will not save to a ROOT file
VisAttr          INFO  +++ QD0CoilOVis Allocated a Color: r:FF g:3F b:00, this will not save to a ROOT file
VisAttr          INFO  +++ CompSolVis Allocated a Color: r:7F g:7F b:00, this will not save to a ROOT file
VisAttr          INFO  +++ ColliVis Allocated a Color: r:B2 g:7F b:FF, this will not save to a ROOT file
VisAttr          INFO  +++ TantalumVis Allocated a Color: r:FF g:7F b:7F, this will not save to a ROOT file
VisAttr          INFO  +++ AirVis Allocated a Color: r:19 g:19 b:FF, this will not save to a ROOT file
VisAttr          INFO  +++ DRCTowerVis Allocated a Color: r:B2 g:66 b:19, this will not save to a ROOT file
VisAttr          INFO  +++ DRCCerenVis Allocated a Color: r:4C g:99 b:E5, this will not save to a ROOT file
VisAttr          INFO  +++ DRCScintVis Allocated a Color: r:FF g:CC b:19, this will not save to a ROOT file
VisAttr          INFO  +++ DRCCladVis Allocated a Color: r:00 g:7F b:7F, this will not save to a ROOT file
VisAttr          INFO  +++ DRCGlassVis Allocated a Color: r:00 g:19 b:E5, this will not save to a ROOT file
VisAttr          INFO  +++ DRCWaferVis Allocated a Color: r:00 g:E5 b:33, this will not save to a ROOT file
VisAttr          INFO  +++ DRCWorldVis Allocated a Color: r:E5 g:CC b:19, this will not save to a ROOT file
VisAttr          INFO  +++ Cu_vis Allocated a Color: r:CC g:7F b:33, this will not save to a ROOT file
VisAttr          INFO  +++ LCALInstrVis Allocated a Color: r:59 g:00 b:77, this will not save to a ROOT file
Compact          WARN  ++ Overwriting/updating Header structure is very dangerous. Try to avoid this.
Compact          WARN  ++     Header definition in: file:///cvmfs/sw-nightlies.hsf.org/key4hep/releases/2025-12-21/x86_64-almalinux9-gcc14.2.0-opt/k4geo/b0087c8cbda29cc8c69172581b6df033c644d0cf_develop-pv6ukr/share/k4geo/FCCee/MDI/compact/MDI_o1_v00/Beampipe_o4_v05.xml
VisAttr          INFO  +++ TubeVis Allocated a Color: r:FF g:B2 b:7F, this will not save to a ROOT file
Utilities        INFO  +++ setDetectorTypeFlags for detector: BeBeampipe not set.
DD4hep_Beampipe  INFO         0      90      10      10   10.35   10.35    0.35       0                tube_VertexInnerAlb     AlBeMet162
DD4hep_Beampipe  INFO         0      90   10.35   10.35   11.35   11.35       1       0                tube_VertexParaffin  LiquidNDecane
DD4hep_Beampipe  INFO         0      90   11.35   11.35    11.7    11.7    0.35       0                tube_VertexOuterAlb     AlBeMet162
DD4hep_Beampipe  INFO        90    1190      10    28.9      12    30.9       2       0                    tube_AlBeMet162     AlBeMet162
Compact          INFO  ++ Converted subdetector:BeBeampipe of type DD4hep_Beampipe_o1_v01 
Utilities        INFO  +++ setDetectorTypeFlags for detector: BeamPipe not set.
DD4hep_Beampipe  INFO         0      90   9.994   9.994   9.999   9.999   0.005       0               tube_VertexInnerGold           Gold
DD4hep_Beampipe  INFO        90    1190   9.994  28.894   9.999  28.899   0.005       0            tube_ConicalChamberGold           Gold
DD4hep_Beampipe  INFO      1190    1193      15      15    30.9    30.9    15.9       3              tube_SplitVacChambers         Copper
DD4hep_Beampipe  INFO      1193    6000      15      15      16      16       1       7          tube_DownStreamBeamPipe_1         Copper
DD4hep_Beampipe  INFO      1193    2070      15      15      16      16       1       6            tube_UpStreamBeamPipe_1         Copper
DD4hep_Beampipe  INFO      2070    2090      15      10      16   10.01       1       1            tube_UpStreamBeamPipe_2         Copper
DD4hep_Beampipe  INFO      2090    2110      10      10   10.01   10.01    0.01       1            tube_UpStreamBeamPipe_3         Copper
DD4hep_Beampipe  INFO      2110    2130      10      15   10.01      16    0.01       1            tube_UpStreamBeamPipe_4         Copper
DD4hep_Beampipe  INFO      2130    6000      15      15      16      16       1       1            tube_UpStreamBeamPipe_5         Copper
Compact          INFO  ++ Converted subdetector:BeamPipe of type DD4hep_Beampipe_o1_v01 
DD4hep_Mask      INFO      2070    2090  16.001  10.011  16.002  16.002   0.001       1     tube_UpStreamBeamPipe_SRmask_1       Tungsten       0 6.28319    none
DD4hep_Mask      INFO      2090    2110  10.011  10.011  16.002  16.002   5.991       1     tube_UpStreamBeamPipe_SRmask_2       Tungsten       0 6.28319    none
DD4hep_Mask      INFO      2110    2130  10.011  16.001  16.002  16.002   5.991       1     tube_UpStreamBeamPipe_SRmask_3       Tungsten       0 6.28319    none
Compact          INFO  ++ Converted subdetector:SynchRadMask of type DD4hep_Mask_o1_v01 
DD4hep_Mask      INFO      1195    2180    16.8    16.8  49.725    64.5  32.925       3                      tube_TaShield       Tungsten       0 6.28319    none
Compact          INFO  ++ Converted subdetector:BeamPipeShield of type DD4hep_Mask_o1_v01 
DD4hep_Mask      INFO       500  1191.4   19.89 33.0266   27.89 48.0266       8       0               tube_TaShieldTopPart       Tungsten 5.689770.593412    none
DD4hep_Mask      INFO       330     500   16.66   19.89   16.76   27.89     0.1       0              tube_TaShieldTopPart2       Tungsten 5.689770.593412    none
DD4hep_Mask      INFO       600  1191.4   21.79 33.0266   28.79 48.0266       7       0               tube_TaShieldFiller1       Tungsten0.593412 1.22173    none
DD4hep_Mask      INFO       600  1191.4   21.79 33.0266   28.79 48.0266       7       0               tube_TaShieldFiller2       Tungsten 5.07891 5.68977    none
Compact          INFO  ++ Converted subdetector:BeamPipeShield_noRot of type DD4hep_Mask_o1_v01 
Compact          WARN  ++ Overwriting/updating Header structure is very dangerous. Try to avoid this.
Compact          WARN  ++     Header definition in: file:///cvmfs/sw-nightlies.hsf.org/key4hep/releases/2025-12-21/x86_64-almalinux9-gcc14.2.0-opt/k4geo/b0087c8cbda29cc8c69172581b6df033c644d0cf_develop-pv6ukr/share/k4geo/FCCee/MDI/compact/MDI_o1_v00/BeamInstrumentation_o1_v01.xml
DD4hep_Mask      INFO      1230    2000     103     180     123     200      20       0                       tube_CompSolSolenoidMixture       0 6.28319    none
Compact          INFO  ++ Converted subdetector:CompSol of type DD4hep_Mask_o1_v01 
DD4hep_Mask      INFO      2000    2050      66      66     200     200     134       0                       tube_CompSolSolenoidMixture       0 6.28319    none
DD4hep_Mask      INFO      2050    5200     180     180     200     200      20       0                       tube_CompSolSolenoidMixture       0 6.28319    none
Compact          INFO  ++ Converted subdetector:ScreenSol of type DD4hep_Mask_o1_v01 
Compact          WARN  ++ Overwriting/updating Header structure is very dangerous. Try to avoid this.
Compact          WARN  ++     Header definition in: file:///cvmfs/sw-nightlies.hsf.org/key4hep/releases/2025-12-21/x86_64-almalinux9-gcc14.2.0-opt/k4geo/b0087c8cbda29cc8c69172581b6df033c644d0cf_develop-pv6ukr/share/k4geo/FCCee/IDEA/compact/IDEA_o1_v03/LumiCal_o1_v01.xml
dd4hep::Ref_t create_detector(dd4hep::Detector&, xml_h, dd4hep::SensitiveDetector)
Here is my LumiCal
 and this is the sensitive detector: 0x7ffdf7f0a6b8
 The crossing angle is: 0.03 radian
Total Length 11.25 cm
Layer Thickness 0.45 cm
Compact          INFO  ++ Converted subdetector:LumiCal of type LumiCal_o1_v01 [calorimeter]
dd4hep::Ref_t create_detector(dd4hep::Detector&, xml_h, dd4hep::SensitiveDetector)
Here is my LumiCal
 and this is the sensitive detector: 0x7ffdf7f0a6b8
 The crossing angle is: 0.03 radian
Total Length 11.25 cm
Layer Thickness 0.45 cm
Compact          INFO  ++ Converted subdetector:LumiCalInstrumentation of type LumiCal_o1_v01 [calorimeter]
dd4hep::Ref_t create_detector(dd4hep::Detector&, xml_h, dd4hep::SensitiveDetector)
Here is my LumiCal
 and this is the sensitive detector: 0x7ffdf7f0a6b8
 The crossing angle is: 0.03 radian
Total Length 11.25 cm
Layer Thickness 0.45 cm
Compact          INFO  ++ Converted subdetector:LumiCalCooling of type LumiCal_o1_v01 [calorimeter]
dd4hep::Ref_t create_detector(dd4hep::Detector&, xml_h, dd4hep::SensitiveDetector)
Here is my LumiCal
 and this is the sensitive detector: 0x7ffdf7f0a6b8
 The crossing angle is: 0.03 radian
Total Length 0.35 cm
Layer Thickness 0.35 cm
Compact          INFO  ++ Converted subdetector:LumiCalBackShield of type LumiCal_o1_v01 [calorimeter]
Compact          WARN  ++ Overwriting/updating Header structure is very dangerous. Try to avoid this.
Compact          WARN  ++     Header definition in: file:///cvmfs/sw-nightlies.hsf.org/key4hep/releases/2025-12-21/x86_64-almalinux9-gcc14.2.0-opt/k4geo/b0087c8cbda29cc8c69172581b6df033c644d0cf_develop-pv6ukr/share/k4geo/FCCee/IDEA/compact/IDEA_o1_v03/VertexComplete_IDEA_o1_v03.xml
VisAttr          INFO  +++ VTXGlueVis Allocated a Color: r:FF g:BF b:C9, this will not save to a ROOT file
VisAttr          INFO  +++ VTXIBTube Allocated a Color: r:3F g:3F b:33, this will not save to a ROOT file
Utilities        INFO  +++ setDetectorTypeFlags for detector: Vertex not set.
Compact          INFO  ++ Converted subdetector:Vertex of type DD4hep_SubdetectorAssembly 
VertexBarrel     INFO  Building of detector ...
VertexBarrel     INFO  Building of detector successfully completed
Compact          INFO  ++ Converted subdetector:VertexBarrel of type VertexBarrel_detailed_o1_v02 [tracker]
Utilities        INFO  +++ setDetectorTypeFlags for detector: VertexInnerBarrel_tube not set.
VertexInnerBarrel_tube INFO  Building of detector ...
VertexInnerBarrel_tube INFO  Building of detector successfully completed
Compact          INFO  ++ Converted subdetector:VertexInnerBarrel_tube of type VertexBarrel_detailed_o1_v02 [tracker]
VertexDisks      INFO  Building of detector ...
VertexDisks      INFO  Building of detector successfully completed.
Compact          INFO  ++ Converted subdetector:VertexDisks of type VertexEndcap_detailed_o1_v02 [tracker]
Utilities        INFO  +++ setDetectorTypeFlags for detector: VertexDisks_support not set.
VertexDisks_support INFO  Building of detector ...
VertexDisks_support INFO  Building of detector successfully completed
Compact          INFO  ++ Converted subdetector:VertexDisks_support of type VertexBarrel_detailed_o1_v02 [tracker]
VertexDisks      INFO  +++ Processing SurfaceInstaller for subdetector: 'VertexDisks'
DD4hep_GenericSurfaceInstallerPlugin: argument[1] = dimension = 2
DD4hep_GenericSurfaceInstallerPlugin: argument[2] = u_x = -1
DD4hep_GenericSurfaceInstallerPlugin: argument[3] = v_y = 1
DD4hep_GenericSurfaceInstallerPlugin: argument[4] = n_z = -1
DD4hep_GenericSurfaceInstallerPlugin: vectors: u( -1 , 0 , 0) v( 0 , 1 , 0) n( 0 , 0 , -1) o( 0 , 0 , 0) 
VisAttr          INFO  +++ dch_gas_vis Allocated a Color: r:E2 g:EE b:D8, this will not save to a ROOT file
VisAttr          INFO  +++ dch_vessel_vis Allocated a Color: r:F3 g:B0 b:83, this will not save to a ROOT file
VisAttr          INFO  +++ dch_cooling_vis Allocated a Color: r:FD g:E5 b:96, this will not save to a ROOT file
VisAttr          INFO  +++ dch_layer_vis1 Allocated a Color: r:7F g:E5 b:98, this will not save to a ROOT file
VisAttr          INFO  +++ dch_layer_vis3 Allocated a Color: r:7F g:7F b:FF, this will not save to a ROOT file
VisAttr          INFO  +++ dch_layer_vis4 Allocated a Color: r:00 g:7F b:FF, this will not save to a ROOT file
VisAttr          INFO  +++ dch_layer_vis7 Allocated a Color: r:FF g:7F b:FF, this will not save to a ROOT file
VisAttr          INFO  +++ dch_layer_vis10 Allocated a Color: r:7F g:FF b:7F, this will not save to a ROOT file
VisAttr          INFO  +++ dch_layer_vis16 Allocated a Color: r:00 g:7F b:36, this will not save to a ROOT file
VisAttr          INFO  +++ dch_layer_vis18 Allocated a Color: r:36 g:7F b:7F, this will not save to a ROOT file
VisAttr          INFO  +++ dch_vessel_bulk_vis Allocated a Color: r:EB g:00 b:00, this will not save to a ROOT file
	+ Total size of DCH database = 112
Compact          INFO  ++ Converted subdetector:DCH_v2 of type DriftChamber_o1_v02_T [tracker]
Compact          WARN  ++ Overwriting/updating Header structure is very dangerous. Try to avoid this.
Compact          WARN  ++     Header definition in: file:///cvmfs/sw-nightlies.hsf.org/key4hep/releases/2025-12-21/x86_64-almalinux9-gcc14.2.0-opt/k4geo/b0087c8cbda29cc8c69172581b6df033c644d0cf_develop-pv6ukr/share/k4geo/FCCee/IDEA/compact/IDEA_o1_v03/SiliconWrapper_o1_v03.xml
SiWrB            INFO  Building of detector ...
SiWrB            INFO  Building of detector successfully completed
Compact          INFO  ++ Converted subdetector:SiWrB of type VertexBarrel_detailed_o1_v02 [tracker]
SiWrD            INFO  Building of detector ...
SiWrD            INFO  Building of detector successfully completed.
Compact          INFO  ++ Converted subdetector:SiWrD of type VertexEndcap_detailed_o1_v02 [tracker]
SiWrD            INFO  +++ Processing SurfaceInstaller for subdetector: 'SiWrD'
DD4hep_GenericSurfaceInstallerPlugin: argument[1] = dimension = 2
DD4hep_GenericSurfaceInstallerPlugin: argument[2] = u_x = -1
DD4hep_GenericSurfaceInstallerPlugin: argument[3] = v_y = 1
DD4hep_GenericSurfaceInstallerPlugin: argument[4] = n_z = -1
DD4hep_GenericSurfaceInstallerPlugin: vectors: u( -1 , 0 , 0) v( 0 , 1 , 0) n( 0 , 0 , -1) o( 0 , 0 , 0) 
Compact          WARN  ++ Overwriting/updating Header structure is very dangerous. Try to avoid this.
Compact          WARN  ++     Header definition in: file:///cvmfs/sw-nightlies.hsf.org/key4hep/releases/2025-12-21/x86_64-almalinux9-gcc14.2.0-opt/k4geo/b0087c8cbda29cc8c69172581b6df033c644d0cf_develop-pv6ukr/share/k4geo/FCCee/IDEA/compact/IDEA_o1_v03/Solenoid_o1_v01.xml
VisAttr          INFO  +++ SolenoidBarrelLayerVis Allocated a Color: r:00 g:4C b:4C, this will not save to a ROOT file
VisAttr          INFO  +++ SolenoidCoilEndsVis Allocated a Color: r:00 g:E5 b:E5, this will not save to a ROOT file
Utilities        INFO  +++ setDetectorTypeFlags for detector: Solenoid not set.
Compact          INFO  ++ Converted subdetector:Solenoid of type DD4hep_SubdetectorAssembly 
Compact          INFO  ++ Converted subdetector:SolenoidBarrel of type DD4hep_Solenoid_o1_v01 
Compact          INFO  ++ Converted subdetector:SolenoidEndcaps of type DD4hep_DiskTracker 
Compact          WARN  ++ Overwriting/updating Header structure is very dangerous. Try to avoid this.
Compact          WARN  ++     Header definition in: file:///cvmfs/sw-nightlies.hsf.org/key4hep/releases/2025-12-21/x86_64-almalinux9-gcc14.2.0-opt/k4geo/b0087c8cbda29cc8c69172581b6df033c644d0cf_develop-pv6ukr/share/k4geo/FCCee/IDEA/compact/IDEA_o1_v03/EndPlateAbsorber_o1_v01.xml
Compact          INFO  ++ Converted subdetector:EndPlateAbsorber_positive of type SimpleCylinder_o1_v01 
Compact          INFO  ++ Converted subdetector:EndPlateAbsorber_negative of type SimpleCylinder_o1_v01 
Compact          WARN  ++ Overwriting/updating Header structure is very dangerous. Try to avoid this.
Compact          WARN  ++     Header definition in: file:///cvmfs/sw-nightlies.hsf.org/key4hep/releases/2025-12-21/x86_64-almalinux9-gcc14.2.0-opt/k4geo/b0087c8cbda29cc8c69172581b6df033c644d0cf_develop-pv6ukr/share/k4geo/FCCee/IDEA/compact/IDEA_o1_v03/Preshower_o1_v01.xml
Compact          INFO  ++ Converted subdetector:Preshower of type muonSystemMuRWELL_o1_v01 [tracker]
Preshower        INFO  +++ Processing SurfaceInstaller for subdetector: 'Preshower'
DD4hep_GenericSurfaceInstallerPlugin: argument[1] = dimension = 2
DD4hep_GenericSurfaceInstallerPlugin: argument[2] = u_y = 1
DD4hep_GenericSurfaceInstallerPlugin: argument[3] = v_z = 1
DD4hep_GenericSurfaceInstallerPlugin: argument[4] = n_x = 1
DD4hep_GenericSurfaceInstallerPlugin: vectors: u( 0 , 1 , 0) v( 0 , 0 , 1) n( 1 , 0 , 0) o( 0 , 0 , 0) 
Compact          WARN  ++ Overwriting/updating Header structure is very dangerous. Try to avoid this.
Compact          WARN  ++     Header definition in: file:///cvmfs/sw-nightlies.hsf.org/key4hep/releases/2025-12-21/x86_64-almalinux9-gcc14.2.0-opt/k4geo/b0087c8cbda29cc8c69172581b6df033c644d0cf_develop-pv6ukr/share/k4geo/FCCee/IDEA/compact/IDEA_o1_v03/FiberDualReadoutCalo_o1_v01.xml
Compact          INFO  ++ Converted subdetector:DRcalo of type FiberDualReadoutCalo_o1_v01 [DRcaloSiPMSD]
Compact          WARN  ++ Overwriting/updating Header structure is very dangerous. Try to avoid this.
Compact          WARN  ++     Header definition in: file:///cvmfs/sw-nightlies.hsf.org/key4hep/releases/2025-12-21/x86_64-almalinux9-gcc14.2.0-opt/k4geo/b0087c8cbda29cc8c69172581b6df033c644d0cf_develop-pv6ukr/share/k4geo/FCCee/IDEA/compact/IDEA_o1_v03/MuonSystem_o1_v01.xml
Compact          INFO  ++ Converted subdetector:Muon-System of type muonSystemMuRWELL_o1_v01 [tracker]
Muon-System      INFO  +++ Processing SurfaceInstaller for subdetector: 'Muon-System'
DD4hep_GenericSurfaceInstallerPlugin: argument[1] = dimension = 2
DD4hep_GenericSurfaceInstallerPlugin: argument[2] = u_y = 1
DD4hep_GenericSurfaceInstallerPlugin: argument[3] = v_z = 1
DD4hep_GenericSurfaceInstallerPlugin: argument[4] = n_x = 1
DD4hep_GenericSurfaceInstallerPlugin: vectors: u( 0 , 1 , 0) v( 0 , 0 , 1) n( 1 , 0 , 0) o( 0 , 0 , 0) 
Compact          INFO  ++ Converted field: Successfully created field GlobalSolenoid [solenoid]
Detector         INFO  +++ Patching names of anonymous shapes....
DD4hepVolumeManager INFO  **** running plugin DD4hepVolumeManager ! 
VolumeManager    INFO   - populating volume ids - be patient ...
VolumeManager    INFO   - populating volume ids - done. 80402 nodes.
VolumeManager    INFO  +++ Volume manager populated and loaded.
InstallSurfaceManager INFO  **** running plugin InstallSurfaceManager ! 
InstallSurfaceManager INFO  **** the map of surfaces will be created on first access ! 
GeoSvc                INFO DD4hep geometry SUCCESSFULLY built.
TCling::LoadPCM      ERROR ROOT PCM /cvmfs/sw-nightlies.hsf.org/key4hep/releases/2025-12-21/x86_64-almalinux9-gcc14.2.0-opt/genfit/02-00-05-uvuy5c/lib64/libutilitiesRootDict_rdict.pcm file does not exist
TCling::LoadPCM       INFO In-memory ROOT PCM candidate /cvmfs/sw-nightlies.hsf.org/key4hep/releases/2025-12-21/x86_64-almalinux9-gcc14.2.0-opt/root/6.38.00-2jf5cm/lib/root/libASImageGui_rdict.pcm

TCling::LoadPCM       INFO In-memory ROOT PCM candidate /cvmfs/sw-nightlies.hsf.org/key4hep/releases/2025-12-21/x86_64-almalinux9-gcc14.2.0-opt/root/6.38.00-2jf5cm/lib/root/libASImage_rdict.pcm

TCling::LoadPCM       INFO In-memory ROOT PCM candidate /cvmfs/sw-nightlies.hsf.org/key4hep/releases/2025-12-21/x86_64-almalinux9-gcc14.2.0-opt/root/6.38.00-2jf5cm/lib/root/libEG_rdict.pcm

TCling::LoadPCM       INFO In-memory ROOT PCM candidate /cvmfs/sw-nightlies.hsf.org/key4hep/releases/2025-12-21/x86_64-almalinux9-gcc14.2.0-opt/root/6.38.00-2jf5cm/lib/root/libEve_rdict.pcm

TCling::LoadPCM       INFO In-memory ROOT PCM candidate /cvmfs/sw-nightlies.hsf.org/key4hep/releases/2025-12-21/x86_64-almalinux9-gcc14.2.0-opt/root/6.38.00-2jf5cm/lib/root/libFFTW_rdict.pcm

TCling::LoadPCM       INFO In-memory ROOT PCM candidate /cvmfs/sw-nightlies.hsf.org/key4hep/releases/2025-12-21/x86_64-almalinux9-gcc14.2.0-opt/root/6.38.00-2jf5cm/lib/root/libFitPanel_rdict.pcm

TCling::LoadPCM       INFO In-memory ROOT PCM candidate /cvmfs/sw-nightlies.hsf.org/key4hep/releases/2025-12-21/x86_64-almalinux9-gcc14.2.0-opt/root/6.38.00-2jf5cm/lib/root/libFoam_rdict.pcm

TCling::LoadPCM       INFO In-memory ROOT PCM candidate /cvmfs/sw-nightlies.hsf.org/key4hep/releases/2025-12-21/x86_64-almalinux9-gcc14.2.0-opt/root/6.38.00-2jf5cm/lib/root/libFumili_rdict.pcm

TCling::LoadPCM       INFO In-memory ROOT PCM candidate /cvmfs/sw-nightlies.hsf.org/key4hep/releases/2025-12-21/x86_64-almalinux9-gcc14.2.0-opt/root/6.38.00-2jf5cm/lib/root/libGX11TTF_rdict.pcm

TCling::LoadPCM       INFO In-memory ROOT PCM candidate /cvmfs/sw-nightlies.hsf.org/key4hep/releases/2025-12-21/x86_64-almalinux9-gcc14.2.0-opt/root/6.38.00-2jf5cm/lib/root/libGX11_rdict.pcm

TCling::LoadPCM       INFO In-memory ROOT PCM candidate /cvmfs/sw-nightlies.hsf.org/key4hep/releases/2025-12-21/x86_64-almalinux9-gcc14.2.0-opt/root/6.38.00-2jf5cm/lib/root/libGdml_rdict.pcm

TCling::LoadPCM       INFO In-memory ROOT PCM candidate /cvmfs/sw-nightlies.hsf.org/key4hep/releases/2025-12-21/x86_64-almalinux9-gcc14.2.0-opt/root/6.38.00-2jf5cm/lib/root/libGed_rdict.pcm

TCling::LoadPCM       INFO In-memory ROOT PCM candidate /cvmfs/sw-nightlies.hsf.org/key4hep/releases/2025-12-21/x86_64-almalinux9-gcc14.2.0-opt/root/6.38.00-2jf5cm/lib/root/libGenVector_G__GenVector32_rdict.pcm

TCling::LoadPCM       INFO In-memory ROOT PCM candidate /cvmfs/sw-nightlies.hsf.org/key4hep/releases/2025-12-21/x86_64-almalinux9-gcc14.2.0-opt/root/6.38.00-2jf5cm/lib/root/libGenVector_rdict.pcm

TCling::LoadPCM       INFO In-memory ROOT PCM candidate /cvmfs/sw-nightlies.hsf.org/key4hep/releases/2025-12-21/x86_64-almalinux9-gcc14.2.0-opt/root/6.38.00-2jf5cm/lib/root/libGenetic_rdict.pcm

TCling::LoadPCM       INFO In-memory ROOT PCM candidate /cvmfs/sw-nightlies.hsf.org/key4hep/releases/2025-12-21/x86_64-almalinux9-gcc14.2.0-opt/root/6.38.00-2jf5cm/lib/root/libGeomChecker_rdict.pcm

TCling::LoadPCM       INFO In-memory ROOT PCM candidate /cvmfs/sw-nightlies.hsf.org/key4hep/releases/2025-12-21/x86_64-almalinux9-gcc14.2.0-opt/root/6.38.00-2jf5cm/lib/root/libGeomPainter_rdict.pcm

TCling::LoadPCM       INFO In-memory ROOT PCM candidate /cvmfs/sw-nightlies.hsf.org/key4hep/releases/2025-12-21/x86_64-almalinux9-gcc14.2.0-opt/root/6.38.00-2jf5cm/lib/root/libGeom_rdict.pcm

TCling::LoadPCM       INFO In-memory ROOT PCM candidate /cvmfs/sw-nightlies.hsf.org/key4hep/releases/2025-12-21/x86_64-almalinux9-gcc14.2.0-opt/root/6.38.00-2jf5cm/lib/root/libGpad_rdict.pcm

TCling::LoadPCM       INFO In-memory ROOT PCM candidate /cvmfs/sw-nightlies.hsf.org/key4hep/releases/2025-12-21/x86_64-almalinux9-gcc14.2.0-opt/root/6.38.00-2jf5cm/lib/root/libGraf3d_rdict.pcm

TCling::LoadPCM       INFO In-memory ROOT PCM candidate /cvmfs/sw-nightlies.hsf.org/key4hep/releases/2025-12-21/x86_64-almalinux9-gcc14.2.0-opt/root/6.38.00-2jf5cm/lib/root/libGraf_rdict.pcm

TCling::LoadPCM       INFO In-memory ROOT PCM candidate /cvmfs/sw-nightlies.hsf.org/key4hep/releases/2025-12-21/x86_64-almalinux9-gcc14.2.0-opt/root/6.38.00-2jf5cm/lib/root/libGuiBld_rdict.pcm

TCling::LoadPCM       INFO In-memory ROOT PCM candidate /cvmfs/sw-nightlies.hsf.org/key4hep/releases/2025-12-21/x86_64-almalinux9-gcc14.2.0-opt/root/6.38.00-2jf5cm/lib/root/libGuiHtml_rdict.pcm

TCling::LoadPCM       INFO In-memory ROOT PCM candidate /cvmfs/sw-nightlies.hsf.org/key4hep/releases/2025-12-21/x86_64-almalinux9-gcc14.2.0-opt/root/6.38.00-2jf5cm/lib/root/libGui_rdict.pcm

TCling::LoadPCM       INFO In-memory ROOT PCM candidate /cvmfs/sw-nightlies.hsf.org/key4hep/releases/2025-12-21/x86_64-almalinux9-gcc14.2.0-opt/root/6.38.00-2jf5cm/lib/root/libGviz3d_rdict.pcm

TCling::LoadPCM       INFO In-memory ROOT PCM candidate /cvmfs/sw-nightlies.hsf.org/key4hep/releases/2025-12-21/x86_64-almalinux9-gcc14.2.0-opt/root/6.38.00-2jf5cm/lib/root/libHistFactory_rdict.pcm

TCling::LoadPCM       INFO In-memory ROOT PCM candidate /cvmfs/sw-nightlies.hsf.org/key4hep/releases/2025-12-21/x86_64-almalinux9-gcc14.2.0-opt/root/6.38.00-2jf5cm/lib/root/libHistPainter_rdict.pcm

TCling::LoadPCM       INFO In-memory ROOT PCM candidate /cvmfs/sw-nightlies.hsf.org/key4hep/releases/2025-12-21/x86_64-almalinux9-gcc14.2.0-opt/root/6.38.00-2jf5cm/lib/root/libHist_rdict.pcm

TCling::LoadPCM       INFO In-memory ROOT PCM candidate /cvmfs/sw-nightlies.hsf.org/key4hep/releases/2025-12-21/x86_64-almalinux9-gcc14.2.0-opt/root/6.38.00-2jf5cm/lib/root/libMLP_rdict.pcm

TCling::LoadPCM       INFO In-memory ROOT PCM candidate /cvmfs/sw-nightlies.hsf.org/key4hep/releases/2025-12-21/x86_64-almalinux9-gcc14.2.0-opt/root/6.38.00-2jf5cm/lib/root/libMathCore_rdict.pcm

TCling::LoadPCM       INFO In-memory ROOT PCM candidate /cvmfs/sw-nightlies.hsf.org/key4hep/releases/2025-12-21/x86_64-almalinux9-gcc14.2.0-opt/root/6.38.00-2jf5cm/lib/root/libMathMore_rdict.pcm

TCling::LoadPCM       INFO In-memory ROOT PCM candidate /cvmfs/sw-nightlies.hsf.org/key4hep/releases/2025-12-21/x86_64-almalinux9-gcc14.2.0-opt/root/6.38.00-2jf5cm/lib/root/libMatrix_rdict.pcm

TCling::LoadPCM       INFO In-memory ROOT PCM candidate /cvmfs/sw-nightlies.hsf.org/key4hep/releases/2025-12-21/x86_64-almalinux9-gcc14.2.0-opt/root/6.38.00-2jf5cm/lib/root/libMinuit2_rdict.pcm

TCling::LoadPCM       INFO In-memory ROOT PCM candidate /cvmfs/sw-nightlies.hsf.org/key4hep/releases/2025-12-21/x86_64-almalinux9-gcc14.2.0-opt/root/6.38.00-2jf5cm/lib/root/libMinuit_rdict.pcm

TCling::LoadPCM       INFO In-memory ROOT PCM candidate /cvmfs/sw-nightlies.hsf.org/key4hep/releases/2025-12-21/x86_64-almalinux9-gcc14.2.0-opt/root/6.38.00-2jf5cm/lib/root/libNet_rdict.pcm

TCling::LoadPCM       INFO In-memory ROOT PCM candidate /cvmfs/sw-nightlies.hsf.org/key4hep/releases/2025-12-21/x86_64-almalinux9-gcc14.2.0-opt/root/6.38.00-2jf5cm/lib/root/libNetxNG_rdict.pcm

TCling::LoadPCM       INFO In-memory ROOT PCM candidate /cvmfs/sw-nightlies.hsf.org/key4hep/releases/2025-12-21/x86_64-almalinux9-gcc14.2.0-opt/root/6.38.00-2jf5cm/lib/root/libPhysics_rdict.pcm

TCling::LoadPCM       INFO In-memory ROOT PCM candidate /cvmfs/sw-nightlies.hsf.org/key4hep/releases/2025-12-21/x86_64-almalinux9-gcc14.2.0-opt/root/6.38.00-2jf5cm/lib/root/libPostscript_rdict.pcm

TCling::LoadPCM       INFO In-memory ROOT PCM candidate /cvmfs/sw-nightlies.hsf.org/key4hep/releases/2025-12-21/x86_64-almalinux9-gcc14.2.0-opt/root/6.38.00-2jf5cm/lib/root/libQuadp_rdict.pcm

TCling::LoadPCM       INFO In-memory ROOT PCM candidate /cvmfs/sw-nightlies.hsf.org/key4hep/releases/2025-12-21/x86_64-almalinux9-gcc14.2.0-opt/root/6.38.00-2jf5cm/lib/root/libRCsg_rdict.pcm

TCling::LoadPCM       INFO In-memory ROOT PCM candidate /cvmfs/sw-nightlies.hsf.org/key4hep/releases/2025-12-21/x86_64-almalinux9-gcc14.2.0-opt/root/6.38.00-2jf5cm/lib/root/libRDAVIX_rdict.pcm

TCling::LoadPCM       INFO In-memory ROOT PCM candidate /cvmfs/sw-nightlies.hsf.org/key4hep/releases/2025-12-21/x86_64-almalinux9-gcc14.2.0-opt/root/6.38.00-2jf5cm/lib/root/libRGL_rdict.pcm

TCling::LoadPCM       INFO In-memory ROOT PCM candidate /cvmfs/sw-nightlies.hsf.org/key4hep/releases/2025-12-21/x86_64-almalinux9-gcc14.2.0-opt/root/6.38.00-2jf5cm/lib/root/libRHTTPSniff_rdict.pcm

TCling::LoadPCM       INFO In-memory ROOT PCM candidate /cvmfs/sw-nightlies.hsf.org/key4hep/releases/2025-12-21/x86_64-almalinux9-gcc14.2.0-opt/root/6.38.00-2jf5cm/lib/root/libRHTTP_rdict.pcm

TCling::LoadPCM       INFO In-memory ROOT PCM candidate /cvmfs/sw-nightlies.hsf.org/key4hep/releases/2025-12-21/x86_64-almalinux9-gcc14.2.0-opt/root/6.38.00-2jf5cm/lib/root/libROOTBrowsable_rdict.pcm

TCling::LoadPCM       INFO In-memory ROOT PCM candidate /cvmfs/sw-nightlies.hsf.org/key4hep/releases/2025-12-21/x86_64-almalinux9-gcc14.2.0-opt/root/6.38.00-2jf5cm/lib/root/libROOTBrowserv7_rdict.pcm

TCling::LoadPCM       INFO In-memory ROOT PCM candidate /cvmfs/sw-nightlies.hsf.org/key4hep/releases/2025-12-21/x86_64-almalinux9-gcc14.2.0-opt/root/6.38.00-2jf5cm/lib/root/libROOTDataFrame_rdict.pcm

TCling::LoadPCM       INFO In-memory ROOT PCM candidate /cvmfs/sw-nightlies.hsf.org/key4hep/releases/2025-12-21/x86_64-almalinux9-gcc14.2.0-opt/root/6.38.00-2jf5cm/lib/root/libROOTEve_rdict.pcm

TCling::LoadPCM       INFO In-memory ROOT PCM candidate /cvmfs/sw-nightlies.hsf.org/key4hep/releases/2025-12-21/x86_64-almalinux9-gcc14.2.0-opt/root/6.38.00-2jf5cm/lib/root/libROOTFitPanelv7_rdict.pcm

TCling::LoadPCM       INFO In-memory ROOT PCM candidate /cvmfs/sw-nightlies.hsf.org/key4hep/releases/2025-12-21/x86_64-almalinux9-gcc14.2.0-opt/root/6.38.00-2jf5cm/lib/root/libROOTGeomViewer_rdict.pcm

TCling::LoadPCM       INFO In-memory ROOT PCM candidate /cvmfs/sw-nightlies.hsf.org/key4hep/releases/2025-12-21/x86_64-almalinux9-gcc14.2.0-opt/root/6.38.00-2jf5cm/lib/root/libROOTGpadv7_rdict.pcm

TCling::LoadPCM       INFO In-memory ROOT PCM candidate /cvmfs/sw-nightlies.hsf.org/key4hep/releases/2025-12-21/x86_64-almalinux9-gcc14.2.0-opt/root/6.38.00-2jf5cm/lib/root/libROOTGraphicsPrimitives_rdict.pcm

TCling::LoadPCM       INFO In-memory ROOT PCM candidate /cvmfs/sw-nightlies.hsf.org/key4hep/releases/2025-12-21/x86_64-almalinux9-gcc14.2.0-opt/root/6.38.00-2jf5cm/lib/root/libROOTHist_rdict.pcm

TCling::LoadPCM       INFO In-memory ROOT PCM candidate /cvmfs/sw-nightlies.hsf.org/key4hep/releases/2025-12-21/x86_64-almalinux9-gcc14.2.0-opt/root/6.38.00-2jf5cm/lib/root/libROOTNTupleBrowse_rdict.pcm

TCling::LoadPCM       INFO In-memory ROOT PCM candidate /cvmfs/sw-nightlies.hsf.org/key4hep/releases/2025-12-21/x86_64-almalinux9-gcc14.2.0-opt/root/6.38.00-2jf5cm/lib/root/libROOTNTupleUtil_rdict.pcm

TCling::LoadPCM       INFO In-memory ROOT PCM candidate /cvmfs/sw-nightlies.hsf.org/key4hep/releases/2025-12-21/x86_64-almalinux9-gcc14.2.0-opt/root/6.38.00-2jf5cm/lib/root/libROOTNTuple_rdict.pcm

TCling::LoadPCM       INFO In-memory ROOT PCM candidate /cvmfs/sw-nightlies.hsf.org/key4hep/releases/2025-12-21/x86_64-almalinux9-gcc14.2.0-opt/root/6.38.00-2jf5cm/lib/root/libROOTTMVASofie_rdict.pcm

TCling::LoadPCM       INFO In-memory ROOT PCM candidate /cvmfs/sw-nightlies.hsf.org/key4hep/releases/2025-12-21/x86_64-almalinux9-gcc14.2.0-opt/root/6.38.00-2jf5cm/lib/root/libROOTTPython_rdict.pcm

TCling::LoadPCM       INFO In-memory ROOT PCM candidate /cvmfs/sw-nightlies.hsf.org/key4hep/releases/2025-12-21/x86_64-almalinux9-gcc14.2.0-opt/root/6.38.00-2jf5cm/lib/root/libROOTTreeMap_rdict.pcm

TCling::LoadPCM       INFO In-memory ROOT PCM candidate /cvmfs/sw-nightlies.hsf.org/key4hep/releases/2025-12-21/x86_64-almalinux9-gcc14.2.0-opt/root/6.38.00-2jf5cm/lib/root/libROOTTreeViewer_rdict.pcm

TCling::LoadPCM       INFO In-memory ROOT PCM candidate /cvmfs/sw-nightlies.hsf.org/key4hep/releases/2025-12-21/x86_64-almalinux9-gcc14.2.0-opt/root/6.38.00-2jf5cm/lib/root/libROOTVecOps_rdict.pcm

TCling::LoadPCM       INFO In-memory ROOT PCM candidate /cvmfs/sw-nightlies.hsf.org/key4hep/releases/2025-12-21/x86_64-almalinux9-gcc14.2.0-opt/root/6.38.00-2jf5cm/lib/root/libROOTWebDisplay_rdict.pcm

TCling::LoadPCM       INFO In-memory ROOT PCM candidate /cvmfs/sw-nightlies.hsf.org/key4hep/releases/2025-12-21/x86_64-almalinux9-gcc14.2.0-opt/root/6.38.00-2jf5cm/lib/root/libRSQLite_rdict.pcm

TCling::LoadPCM       INFO In-memory ROOT PCM candidate /cvmfs/sw-nightlies.hsf.org/key4hep/releases/2025-12-21/x86_64-almalinux9-gcc14.2.0-opt/root/6.38.00-2jf5cm/lib/root/libRecorder_rdict.pcm

TCling::LoadPCM       INFO In-memory ROOT PCM candidate /cvmfs/sw-nightlies.hsf.org/key4hep/releases/2025-12-21/x86_64-almalinux9-gcc14.2.0-opt/root/6.38.00-2jf5cm/lib/root/libRooFitCodegen_rdict.pcm

TCling::LoadPCM       INFO In-memory ROOT PCM candidate /cvmfs/sw-nightlies.hsf.org/key4hep/releases/2025-12-21/x86_64-almalinux9-gcc14.2.0-opt/root/6.38.00-2jf5cm/lib/root/libRooFitCore_rdict.pcm

TCling::LoadPCM       INFO In-memory ROOT PCM candidate /cvmfs/sw-nightlies.hsf.org/key4hep/releases/2025-12-21/x86_64-almalinux9-gcc14.2.0-opt/root/6.38.00-2jf5cm/lib/root/libRooFitHS3_rdict.pcm

TCling::LoadPCM       INFO In-memory ROOT PCM candidate /cvmfs/sw-nightlies.hsf.org/key4hep/releases/2025-12-21/x86_64-almalinux9-gcc14.2.0-opt/root/6.38.00-2jf5cm/lib/root/libRooFitJSONInterface_rdict.pcm

TCling::LoadPCM       INFO In-memory ROOT PCM candidate /cvmfs/sw-nightlies.hsf.org/key4hep/releases/2025-12-21/x86_64-almalinux9-gcc14.2.0-opt/root/6.38.00-2jf5cm/lib/root/libRooFitMore_rdict.pcm

TCling::LoadPCM       INFO In-memory ROOT PCM candidate /cvmfs/sw-nightlies.hsf.org/key4hep/releases/2025-12-21/x86_64-almalinux9-gcc14.2.0-opt/root/6.38.00-2jf5cm/lib/root/libRooFitXRooFit_rdict.pcm

TCling::LoadPCM       INFO In-memory ROOT PCM candidate /cvmfs/sw-nightlies.hsf.org/key4hep/releases/2025-12-21/x86_64-almalinux9-gcc14.2.0-opt/root/6.38.00-2jf5cm/lib/root/libRooFit_rdict.pcm

TCling::LoadPCM       INFO In-memory ROOT PCM candidate /cvmfs/sw-nightlies.hsf.org/key4hep/releases/2025-12-21/x86_64-almalinux9-gcc14.2.0-opt/root/6.38.00-2jf5cm/lib/root/libRooStats_rdict.pcm

TCling::LoadPCM       INFO In-memory ROOT PCM candidate /cvmfs/sw-nightlies.hsf.org/key4hep/releases/2025-12-21/x86_64-almalinux9-gcc14.2.0-opt/root/6.38.00-2jf5cm/lib/root/libRootAuth_rdict.pcm

TCling::LoadPCM       INFO In-memory ROOT PCM candidate /cvmfs/sw-nightlies.hsf.org/key4hep/releases/2025-12-21/x86_64-almalinux9-gcc14.2.0-opt/root/6.38.00-2jf5cm/lib/root/libSPlot_rdict.pcm

TCling::LoadPCM       INFO In-memory ROOT PCM candidate /cvmfs/sw-nightlies.hsf.org/key4hep/releases/2025-12-21/x86_64-almalinux9-gcc14.2.0-opt/root/6.38.00-2jf5cm/lib/root/libSQLIO_rdict.pcm

TCling::LoadPCM       INFO In-memory ROOT PCM candidate /cvmfs/sw-nightlies.hsf.org/key4hep/releases/2025-12-21/x86_64-almalinux9-gcc14.2.0-opt/root/6.38.00-2jf5cm/lib/root/libSmatrix_G__Smatrix32_rdict.pcm

TCling::LoadPCM       INFO In-memory ROOT PCM candidate /cvmfs/sw-nightlies.hsf.org/key4hep/releases/2025-12-21/x86_64-almalinux9-gcc14.2.0-opt/root/6.38.00-2jf5cm/lib/root/libSmatrix_rdict.pcm

TCling::LoadPCM       INFO In-memory ROOT PCM candidate /cvmfs/sw-nightlies.hsf.org/key4hep/releases/2025-12-21/x86_64-almalinux9-gcc14.2.0-opt/root/6.38.00-2jf5cm/lib/root/libSpectrumPainter_rdict.pcm

TCling::LoadPCM       INFO In-memory ROOT PCM candidate /cvmfs/sw-nightlies.hsf.org/key4hep/releases/2025-12-21/x86_64-almalinux9-gcc14.2.0-opt/root/6.38.00-2jf5cm/lib/root/libSpectrum_rdict.pcm

TCling::LoadPCM       INFO In-memory ROOT PCM candidate /cvmfs/sw-nightlies.hsf.org/key4hep/releases/2025-12-21/x86_64-almalinux9-gcc14.2.0-opt/root/6.38.00-2jf5cm/lib/root/libTMVAGui_rdict.pcm

TCling::LoadPCM       INFO In-memory ROOT PCM candidate /cvmfs/sw-nightlies.hsf.org/key4hep/releases/2025-12-21/x86_64-almalinux9-gcc14.2.0-opt/root/6.38.00-2jf5cm/lib/root/libTMVAUtils_rdict.pcm

TCling::LoadPCM       INFO In-memory ROOT PCM candidate /cvmfs/sw-nightlies.hsf.org/key4hep/releases/2025-12-21/x86_64-almalinux9-gcc14.2.0-opt/root/6.38.00-2jf5cm/lib/root/libTMVA_rdict.pcm

TCling::LoadPCM       INFO In-memory ROOT PCM candidate /cvmfs/sw-nightlies.hsf.org/key4hep/releases/2025-12-21/x86_64-almalinux9-gcc14.2.0-opt/root/6.38.00-2jf5cm/lib/root/libTreePlayer_rdict.pcm

TCling::LoadPCM       INFO In-memory ROOT PCM candidate /cvmfs/sw-nightlies.hsf.org/key4hep/releases/2025-12-21/x86_64-almalinux9-gcc14.2.0-opt/root/6.38.00-2jf5cm/lib/root/libTreeViewer_rdict.pcm

TCling::LoadPCM       INFO In-memory ROOT PCM candidate /cvmfs/sw-nightlies.hsf.org/key4hep/releases/2025-12-21/x86_64-almalinux9-gcc14.2.0-opt/root/6.38.00-2jf5cm/lib/root/libTree_rdict.pcm

TCling::LoadPCM       INFO In-memory ROOT PCM candidate /cvmfs/sw-nightlies.hsf.org/key4hep/releases/2025-12-21/x86_64-almalinux9-gcc14.2.0-opt/root/6.38.00-2jf5cm/lib/root/libUnuran_rdict.pcm

TCling::LoadPCM       INFO In-memory ROOT PCM candidate /cvmfs/sw-nightlies.hsf.org/key4hep/releases/2025-12-21/x86_64-almalinux9-gcc14.2.0-opt/root/6.38.00-2jf5cm/lib/root/libWebGui6_rdict.pcm

TCling::LoadPCM       INFO In-memory ROOT PCM candidate /cvmfs/sw-nightlies.hsf.org/key4hep/releases/2025-12-21/x86_64-almalinux9-gcc14.2.0-opt/root/6.38.00-2jf5cm/lib/root/libX3d_rdict.pcm

TCling::LoadPCM       INFO In-memory ROOT PCM candidate /cvmfs/sw-nightlies.hsf.org/key4hep/releases/2025-12-21/x86_64-almalinux9-gcc14.2.0-opt/root/6.38.00-2jf5cm/lib/root/libXMLIO_rdict.pcm

TCling::LoadPCM       INFO In-memory ROOT PCM candidate /cvmfs/sw-nightlies.hsf.org/key4hep/releases/2025-12-21/x86_64-almalinux9-gcc14.2.0-opt/root/6.38.00-2jf5cm/lib/root/libXMLParser_rdict.pcm

TCling::LoadPCM      ERROR ROOT PCM /cvmfs/sw-nightlies.hsf.org/key4hep/releases/2025-12-21/x86_64-almalinux9-gcc14.2.0-opt/genfit/02-00-05-uvuy5c/lib64/libtrackRepsRootDict_rdict.pcm file does not exist
TCling::LoadPCM       INFO In-memory ROOT PCM candidate /cvmfs/sw-nightlies.hsf.org/key4hep/releases/2025-12-21/x86_64-almalinux9-gcc14.2.0-opt/root/6.38.00-2jf5cm/lib/root/libASImageGui_rdict.pcm

TCling::LoadPCM       INFO In-memory ROOT PCM candidate /cvmfs/sw-nightlies.hsf.org/key4hep/releases/2025-12-21/x86_64-almalinux9-gcc14.2.0-opt/root/6.38.00-2jf5cm/lib/root/libASImage_rdict.pcm

TCling::LoadPCM       INFO In-memory ROOT PCM candidate /cvmfs/sw-nightlies.hsf.org/key4hep/releases/2025-12-21/x86_64-almalinux9-gcc14.2.0-opt/root/6.38.00-2jf5cm/lib/root/libEG_rdict.pcm

TCling::LoadPCM       INFO In-memory ROOT PCM candidate /cvmfs/sw-nightlies.hsf.org/key4hep/releases/2025-12-21/x86_64-almalinux9-gcc14.2.0-opt/root/6.38.00-2jf5cm/lib/root/libEve_rdict.pcm

TCling::LoadPCM       INFO In-memory ROOT PCM candidate /cvmfs/sw-nightlies.hsf.org/key4hep/releases/2025-12-21/x86_64-almalinux9-gcc14.2.0-opt/root/6.38.00-2jf5cm/lib/root/libFFTW_rdict.pcm

TCling::LoadPCM       INFO In-memory ROOT PCM candidate /cvmfs/sw-nightlies.hsf.org/key4hep/releases/2025-12-21/x86_64-almalinux9-gcc14.2.0-opt/root/6.38.00-2jf5cm/lib/root/libFitPanel_rdict.pcm

TCling::LoadPCM       INFO In-memory ROOT PCM candidate /cvmfs/sw-nightlies.hsf.org/key4hep/releases/2025-12-21/x86_64-almalinux9-gcc14.2.0-opt/root/6.38.00-2jf5cm/lib/root/libFoam_rdict.pcm

TCling::LoadPCM       INFO In-memory ROOT PCM candidate /cvmfs/sw-nightlies.hsf.org/key4hep/releases/2025-12-21/x86_64-almalinux9-gcc14.2.0-opt/root/6.38.00-2jf5cm/lib/root/libFumili_rdict.pcm

TCling::LoadPCM       INFO In-memory ROOT PCM candidate /cvmfs/sw-nightlies.hsf.org/key4hep/releases/2025-12-21/x86_64-almalinux9-gcc14.2.0-opt/root/6.38.00-2jf5cm/lib/root/libGX11TTF_rdict.pcm

TCling::LoadPCM       INFO In-memory ROOT PCM candidate /cvmfs/sw-nightlies.hsf.org/key4hep/releases/2025-12-21/x86_64-almalinux9-gcc14.2.0-opt/root/6.38.00-2jf5cm/lib/root/libGX11_rdict.pcm

TCling::LoadPCM       INFO In-memory ROOT PCM candidate /cvmfs/sw-nightlies.hsf.org/key4hep/releases/2025-12-21/x86_64-almalinux9-gcc14.2.0-opt/root/6.38.00-2jf5cm/lib/root/libGdml_rdict.pcm

TCling::LoadPCM       INFO In-memory ROOT PCM candidate /cvmfs/sw-nightlies.hsf.org/key4hep/releases/2025-12-21/x86_64-almalinux9-gcc14.2.0-opt/root/6.38.00-2jf5cm/lib/root/libGed_rdict.pcm

TCling::LoadPCM       INFO In-memory ROOT PCM candidate /cvmfs/sw-nightlies.hsf.org/key4hep/releases/2025-12-21/x86_64-almalinux9-gcc14.2.0-opt/root/6.38.00-2jf5cm/lib/root/libGenVector_G__GenVector32_rdict.pcm

TCling::LoadPCM       INFO In-memory ROOT PCM candidate /cvmfs/sw-nightlies.hsf.org/key4hep/releases/2025-12-21/x86_64-almalinux9-gcc14.2.0-opt/root/6.38.00-2jf5cm/lib/root/libGenVector_rdict.pcm

TCling::LoadPCM       INFO In-memory ROOT PCM candidate /cvmfs/sw-nightlies.hsf.org/key4hep/releases/2025-12-21/x86_64-almalinux9-gcc14.2.0-opt/root/6.38.00-2jf5cm/lib/root/libGenetic_rdict.pcm

TCling::LoadPCM       INFO In-memory ROOT PCM candidate /cvmfs/sw-nightlies.hsf.org/key4hep/releases/2025-12-21/x86_64-almalinux9-gcc14.2.0-opt/root/6.38.00-2jf5cm/lib/root/libGeomChecker_rdict.pcm

TCling::LoadPCM       INFO In-memory ROOT PCM candidate /cvmfs/sw-nightlies.hsf.org/key4hep/releases/2025-12-21/x86_64-almalinux9-gcc14.2.0-opt/root/6.38.00-2jf5cm/lib/root/libGeomPainter_rdict.pcm

TCling::LoadPCM       INFO In-memory ROOT PCM candidate /cvmfs/sw-nightlies.hsf.org/key4hep/releases/2025-12-21/x86_64-almalinux9-gcc14.2.0-opt/root/6.38.00-2jf5cm/lib/root/libGeom_rdict.pcm

TCling::LoadPCM       INFO In-memory ROOT PCM candidate /cvmfs/sw-nightlies.hsf.org/key4hep/releases/2025-12-21/x86_64-almalinux9-gcc14.2.0-opt/root/6.38.00-2jf5cm/lib/root/libGpad_rdict.pcm

TCling::LoadPCM       INFO In-memory ROOT PCM candidate /cvmfs/sw-nightlies.hsf.org/key4hep/releases/2025-12-21/x86_64-almalinux9-gcc14.2.0-opt/root/6.38.00-2jf5cm/lib/root/libGraf3d_rdict.pcm

TCling::LoadPCM       INFO In-memory ROOT PCM candidate /cvmfs/sw-nightlies.hsf.org/key4hep/releases/2025-12-21/x86_64-almalinux9-gcc14.2.0-opt/root/6.38.00-2jf5cm/lib/root/libGraf_rdict.pcm

TCling::LoadPCM       INFO In-memory ROOT PCM candidate /cvmfs/sw-nightlies.hsf.org/key4hep/releases/2025-12-21/x86_64-almalinux9-gcc14.2.0-opt/root/6.38.00-2jf5cm/lib/root/libGuiBld_rdict.pcm

TCling::LoadPCM       INFO In-memory ROOT PCM candidate /cvmfs/sw-nightlies.hsf.org/key4hep/releases/2025-12-21/x86_64-almalinux9-gcc14.2.0-opt/root/6.38.00-2jf5cm/lib/root/libGuiHtml_rdict.pcm

TCling::LoadPCM       INFO In-memory ROOT PCM candidate /cvmfs/sw-nightlies.hsf.org/key4hep/releases/2025-12-21/x86_64-almalinux9-gcc14.2.0-opt/root/6.38.00-2jf5cm/lib/root/libGui_rdict.pcm

TCling::LoadPCM       INFO In-memory ROOT PCM candidate /cvmfs/sw-nightlies.hsf.org/key4hep/releases/2025-12-21/x86_64-almalinux9-gcc14.2.0-opt/root/6.38.00-2jf5cm/lib/root/libGviz3d_rdict.pcm

TCling::LoadPCM       INFO In-memory ROOT PCM candidate /cvmfs/sw-nightlies.hsf.org/key4hep/releases/2025-12-21/x86_64-almalinux9-gcc14.2.0-opt/root/6.38.00-2jf5cm/lib/root/libHistFactory_rdict.pcm

TCling::LoadPCM       INFO In-memory ROOT PCM candidate /cvmfs/sw-nightlies.hsf.org/key4hep/releases/2025-12-21/x86_64-almalinux9-gcc14.2.0-opt/root/6.38.00-2jf5cm/lib/root/libHistPainter_rdict.pcm

TCling::LoadPCM       INFO In-memory ROOT PCM candidate /cvmfs/sw-nightlies.hsf.org/key4hep/releases/2025-12-21/x86_64-almalinux9-gcc14.2.0-opt/root/6.38.00-2jf5cm/lib/root/libHist_rdict.pcm

TCling::LoadPCM       INFO In-memory ROOT PCM candidate /cvmfs/sw-nightlies.hsf.org/key4hep/releases/2025-12-21/x86_64-almalinux9-gcc14.2.0-opt/root/6.38.00-2jf5cm/lib/root/libMLP_rdict.pcm

TCling::LoadPCM       INFO In-memory ROOT PCM candidate /cvmfs/sw-nightlies.hsf.org/key4hep/releases/2025-12-21/x86_64-almalinux9-gcc14.2.0-opt/root/6.38.00-2jf5cm/lib/root/libMathCore_rdict.pcm

TCling::LoadPCM       INFO In-memory ROOT PCM candidate /cvmfs/sw-nightlies.hsf.org/key4hep/releases/2025-12-21/x86_64-almalinux9-gcc14.2.0-opt/root/6.38.00-2jf5cm/lib/root/libMathMore_rdict.pcm

TCling::LoadPCM       INFO In-memory ROOT PCM candidate /cvmfs/sw-nightlies.hsf.org/key4hep/releases/2025-12-21/x86_64-almalinux9-gcc14.2.0-opt/root/6.38.00-2jf5cm/lib/root/libMatrix_rdict.pcm

TCling::LoadPCM       INFO In-memory ROOT PCM candidate /cvmfs/sw-nightlies.hsf.org/key4hep/releases/2025-12-21/x86_64-almalinux9-gcc14.2.0-opt/root/6.38.00-2jf5cm/lib/root/libMinuit2_rdict.pcm

TCling::LoadPCM       INFO In-memory ROOT PCM candidate /cvmfs/sw-nightlies.hsf.org/key4hep/releases/2025-12-21/x86_64-almalinux9-gcc14.2.0-opt/root/6.38.00-2jf5cm/lib/root/libMinuit_rdict.pcm

TCling::LoadPCM       INFO In-memory ROOT PCM candidate /cvmfs/sw-nightlies.hsf.org/key4hep/releases/2025-12-21/x86_64-almalinux9-gcc14.2.0-opt/root/6.38.00-2jf5cm/lib/root/libNet_rdict.pcm

TCling::LoadPCM       INFO In-memory ROOT PCM candidate /cvmfs/sw-nightlies.hsf.org/key4hep/releases/2025-12-21/x86_64-almalinux9-gcc14.2.0-opt/root/6.38.00-2jf5cm/lib/root/libNetxNG_rdict.pcm

TCling::LoadPCM       INFO In-memory ROOT PCM candidate /cvmfs/sw-nightlies.hsf.org/key4hep/releases/2025-12-21/x86_64-almalinux9-gcc14.2.0-opt/root/6.38.00-2jf5cm/lib/root/libPhysics_rdict.pcm

TCling::LoadPCM       INFO In-memory ROOT PCM candidate /cvmfs/sw-nightlies.hsf.org/key4hep/releases/2025-12-21/x86_64-almalinux9-gcc14.2.0-opt/root/6.38.00-2jf5cm/lib/root/libPostscript_rdict.pcm

TCling::LoadPCM       INFO In-memory ROOT PCM candidate /cvmfs/sw-nightlies.hsf.org/key4hep/releases/2025-12-21/x86_64-almalinux9-gcc14.2.0-opt/root/6.38.00-2jf5cm/lib/root/libQuadp_rdict.pcm

TCling::LoadPCM       INFO In-memory ROOT PCM candidate /cvmfs/sw-nightlies.hsf.org/key4hep/releases/2025-12-21/x86_64-almalinux9-gcc14.2.0-opt/root/6.38.00-2jf5cm/lib/root/libRCsg_rdict.pcm

TCling::LoadPCM       INFO In-memory ROOT PCM candidate /cvmfs/sw-nightlies.hsf.org/key4hep/releases/2025-12-21/x86_64-almalinux9-gcc14.2.0-opt/root/6.38.00-2jf5cm/lib/root/libRDAVIX_rdict.pcm

TCling::LoadPCM       INFO In-memory ROOT PCM candidate /cvmfs/sw-nightlies.hsf.org/key4hep/releases/2025-12-21/x86_64-almalinux9-gcc14.2.0-opt/root/6.38.00-2jf5cm/lib/root/libRGL_rdict.pcm

TCling::LoadPCM       INFO In-memory ROOT PCM candidate /cvmfs/sw-nightlies.hsf.org/key4hep/releases/2025-12-21/x86_64-almalinux9-gcc14.2.0-opt/root/6.38.00-2jf5cm/lib/root/libRHTTPSniff_rdict.pcm

TCling::LoadPCM       INFO In-memory ROOT PCM candidate /cvmfs/sw-nightlies.hsf.org/key4hep/releases/2025-12-21/x86_64-almalinux9-gcc14.2.0-opt/root/6.38.00-2jf5cm/lib/root/libRHTTP_rdict.pcm

TCling::LoadPCM       INFO In-memory ROOT PCM candidate /cvmfs/sw-nightlies.hsf.org/key4hep/releases/2025-12-21/x86_64-almalinux9-gcc14.2.0-opt/root/6.38.00-2jf5cm/lib/root/libROOTBrowsable_rdict.pcm

TCling::LoadPCM       INFO In-memory ROOT PCM candidate /cvmfs/sw-nightlies.hsf.org/key4hep/releases/2025-12-21/x86_64-almalinux9-gcc14.2.0-opt/root/6.38.00-2jf5cm/lib/root/libROOTBrowserv7_rdict.pcm

TCling::LoadPCM       INFO In-memory ROOT PCM candidate /cvmfs/sw-nightlies.hsf.org/key4hep/releases/2025-12-21/x86_64-almalinux9-gcc14.2.0-opt/root/6.38.00-2jf5cm/lib/root/libROOTDataFrame_rdict.pcm

TCling::LoadPCM       INFO In-memory ROOT PCM candidate /cvmfs/sw-nightlies.hsf.org/key4hep/releases/2025-12-21/x86_64-almalinux9-gcc14.2.0-opt/root/6.38.00-2jf5cm/lib/root/libROOTEve_rdict.pcm

TCling::LoadPCM       INFO In-memory ROOT PCM candidate /cvmfs/sw-nightlies.hsf.org/key4hep/releases/2025-12-21/x86_64-almalinux9-gcc14.2.0-opt/root/6.38.00-2jf5cm/lib/root/libROOTFitPanelv7_rdict.pcm

TCling::LoadPCM       INFO In-memory ROOT PCM candidate /cvmfs/sw-nightlies.hsf.org/key4hep/releases/2025-12-21/x86_64-almalinux9-gcc14.2.0-opt/root/6.38.00-2jf5cm/lib/root/libROOTGeomViewer_rdict.pcm

TCling::LoadPCM       INFO In-memory ROOT PCM candidate /cvmfs/sw-nightlies.hsf.org/key4hep/releases/2025-12-21/x86_64-almalinux9-gcc14.2.0-opt/root/6.38.00-2jf5cm/lib/root/libROOTGpadv7_rdict.pcm

TCling::LoadPCM       INFO In-memory ROOT PCM candidate /cvmfs/sw-nightlies.hsf.org/key4hep/releases/2025-12-21/x86_64-almalinux9-gcc14.2.0-opt/root/6.38.00-2jf5cm/lib/root/libROOTGraphicsPrimitives_rdict.pcm

TCling::LoadPCM       INFO In-memory ROOT PCM candidate /cvmfs/sw-nightlies.hsf.org/key4hep/releases/2025-12-21/x86_64-almalinux9-gcc14.2.0-opt/root/6.38.00-2jf5cm/lib/root/libROOTHist_rdict.pcm

TCling::LoadPCM       INFO In-memory ROOT PCM candidate /cvmfs/sw-nightlies.hsf.org/key4hep/releases/2025-12-21/x86_64-almalinux9-gcc14.2.0-opt/root/6.38.00-2jf5cm/lib/root/libROOTNTupleBrowse_rdict.pcm

TCling::LoadPCM       INFO In-memory ROOT PCM candidate /cvmfs/sw-nightlies.hsf.org/key4hep/releases/2025-12-21/x86_64-almalinux9-gcc14.2.0-opt/root/6.38.00-2jf5cm/lib/root/libROOTNTupleUtil_rdict.pcm

TCling::LoadPCM       INFO In-memory ROOT PCM candidate /cvmfs/sw-nightlies.hsf.org/key4hep/releases/2025-12-21/x86_64-almalinux9-gcc14.2.0-opt/root/6.38.00-2jf5cm/lib/root/libROOTNTuple_rdict.pcm

TCling::LoadPCM       INFO In-memory ROOT PCM candidate /cvmfs/sw-nightlies.hsf.org/key4hep/releases/2025-12-21/x86_64-almalinux9-gcc14.2.0-opt/root/6.38.00-2jf5cm/lib/root/libROOTTMVASofie_rdict.pcm

TCling::LoadPCM       INFO In-memory ROOT PCM candidate /cvmfs/sw-nightlies.hsf.org/key4hep/releases/2025-12-21/x86_64-almalinux9-gcc14.2.0-opt/root/6.38.00-2jf5cm/lib/root/libROOTTPython_rdict.pcm

TCling::LoadPCM       INFO In-memory ROOT PCM candidate /cvmfs/sw-nightlies.hsf.org/key4hep/releases/2025-12-21/x86_64-almalinux9-gcc14.2.0-opt/root/6.38.00-2jf5cm/lib/root/libROOTTreeMap_rdict.pcm

TCling::LoadPCM       INFO In-memory ROOT PCM candidate /cvmfs/sw-nightlies.hsf.org/key4hep/releases/2025-12-21/x86_64-almalinux9-gcc14.2.0-opt/root/6.38.00-2jf5cm/lib/root/libROOTTreeViewer_rdict.pcm

TCling::LoadPCM       INFO In-memory ROOT PCM candidate /cvmfs/sw-nightlies.hsf.org/key4hep/releases/2025-12-21/x86_64-almalinux9-gcc14.2.0-opt/root/6.38.00-2jf5cm/lib/root/libROOTVecOps_rdict.pcm

TCling::LoadPCM       INFO In-memory ROOT PCM candidate /cvmfs/sw-nightlies.hsf.org/key4hep/releases/2025-12-21/x86_64-almalinux9-gcc14.2.0-opt/root/6.38.00-2jf5cm/lib/root/libROOTWebDisplay_rdict.pcm

TCling::LoadPCM       INFO In-memory ROOT PCM candidate /cvmfs/sw-nightlies.hsf.org/key4hep/releases/2025-12-21/x86_64-almalinux9-gcc14.2.0-opt/root/6.38.00-2jf5cm/lib/root/libRSQLite_rdict.pcm

TCling::LoadPCM       INFO In-memory ROOT PCM candidate /cvmfs/sw-nightlies.hsf.org/key4hep/releases/2025-12-21/x86_64-almalinux9-gcc14.2.0-opt/root/6.38.00-2jf5cm/lib/root/libRecorder_rdict.pcm

TCling::LoadPCM       INFO In-memory ROOT PCM candidate /cvmfs/sw-nightlies.hsf.org/key4hep/releases/2025-12-21/x86_64-almalinux9-gcc14.2.0-opt/root/6.38.00-2jf5cm/lib/root/libRooFitCodegen_rdict.pcm

TCling::LoadPCM       INFO In-memory ROOT PCM candidate /cvmfs/sw-nightlies.hsf.org/key4hep/releases/2025-12-21/x86_64-almalinux9-gcc14.2.0-opt/root/6.38.00-2jf5cm/lib/root/libRooFitCore_rdict.pcm

TCling::LoadPCM       INFO In-memory ROOT PCM candidate /cvmfs/sw-nightlies.hsf.org/key4hep/releases/2025-12-21/x86_64-almalinux9-gcc14.2.0-opt/root/6.38.00-2jf5cm/lib/root/libRooFitHS3_rdict.pcm

TCling::LoadPCM       INFO In-memory ROOT PCM candidate /cvmfs/sw-nightlies.hsf.org/key4hep/releases/2025-12-21/x86_64-almalinux9-gcc14.2.0-opt/root/6.38.00-2jf5cm/lib/root/libRooFitJSONInterface_rdict.pcm

TCling::LoadPCM       INFO In-memory ROOT PCM candidate /cvmfs/sw-nightlies.hsf.org/key4hep/releases/2025-12-21/x86_64-almalinux9-gcc14.2.0-opt/root/6.38.00-2jf5cm/lib/root/libRooFitMore_rdict.pcm

TCling::LoadPCM       INFO In-memory ROOT PCM candidate /cvmfs/sw-nightlies.hsf.org/key4hep/releases/2025-12-21/x86_64-almalinux9-gcc14.2.0-opt/root/6.38.00-2jf5cm/lib/root/libRooFitXRooFit_rdict.pcm

TCling::LoadPCM       INFO In-memory ROOT PCM candidate /cvmfs/sw-nightlies.hsf.org/key4hep/releases/2025-12-21/x86_64-almalinux9-gcc14.2.0-opt/root/6.38.00-2jf5cm/lib/root/libRooFit_rdict.pcm

TCling::LoadPCM       INFO In-memory ROOT PCM candidate /cvmfs/sw-nightlies.hsf.org/key4hep/releases/2025-12-21/x86_64-almalinux9-gcc14.2.0-opt/root/6.38.00-2jf5cm/lib/root/libRooStats_rdict.pcm

TCling::LoadPCM       INFO In-memory ROOT PCM candidate /cvmfs/sw-nightlies.hsf.org/key4hep/releases/2025-12-21/x86_64-almalinux9-gcc14.2.0-opt/root/6.38.00-2jf5cm/lib/root/libRootAuth_rdict.pcm

TCling::LoadPCM       INFO In-memory ROOT PCM candidate /cvmfs/sw-nightlies.hsf.org/key4hep/releases/2025-12-21/x86_64-almalinux9-gcc14.2.0-opt/root/6.38.00-2jf5cm/lib/root/libSPlot_rdict.pcm

TCling::LoadPCM       INFO In-memory ROOT PCM candidate /cvmfs/sw-nightlies.hsf.org/key4hep/releases/2025-12-21/x86_64-almalinux9-gcc14.2.0-opt/root/6.38.00-2jf5cm/lib/root/libSQLIO_rdict.pcm

TCling::LoadPCM       INFO In-memory ROOT PCM candidate /cvmfs/sw-nightlies.hsf.org/key4hep/releases/2025-12-21/x86_64-almalinux9-gcc14.2.0-opt/root/6.38.00-2jf5cm/lib/root/libSmatrix_G__Smatrix32_rdict.pcm

TCling::LoadPCM       INFO In-memory ROOT PCM candidate /cvmfs/sw-nightlies.hsf.org/key4hep/releases/2025-12-21/x86_64-almalinux9-gcc14.2.0-opt/root/6.38.00-2jf5cm/lib/root/libSmatrix_rdict.pcm

TCling::LoadPCM       INFO In-memory ROOT PCM candidate /cvmfs/sw-nightlies.hsf.org/key4hep/releases/2025-12-21/x86_64-almalinux9-gcc14.2.0-opt/root/6.38.00-2jf5cm/lib/root/libSpectrumPainter_rdict.pcm

TCling::LoadPCM       INFO In-memory ROOT PCM candidate /cvmfs/sw-nightlies.hsf.org/key4hep/releases/2025-12-21/x86_64-almalinux9-gcc14.2.0-opt/root/6.38.00-2jf5cm/lib/root/libSpectrum_rdict.pcm

TCling::LoadPCM       INFO In-memory ROOT PCM candidate /cvmfs/sw-nightlies.hsf.org/key4hep/releases/2025-12-21/x86_64-almalinux9-gcc14.2.0-opt/root/6.38.00-2jf5cm/lib/root/libTMVAGui_rdict.pcm

TCling::LoadPCM       INFO In-memory ROOT PCM candidate /cvmfs/sw-nightlies.hsf.org/key4hep/releases/2025-12-21/x86_64-almalinux9-gcc14.2.0-opt/root/6.38.00-2jf5cm/lib/root/libTMVAUtils_rdict.pcm

TCling::LoadPCM       INFO In-memory ROOT PCM candidate /cvmfs/sw-nightlies.hsf.org/key4hep/releases/2025-12-21/x86_64-almalinux9-gcc14.2.0-opt/root/6.38.00-2jf5cm/lib/root/libTMVA_rdict.pcm

TCling::LoadPCM       INFO In-memory ROOT PCM candidate /cvmfs/sw-nightlies.hsf.org/key4hep/releases/2025-12-21/x86_64-almalinux9-gcc14.2.0-opt/root/6.38.00-2jf5cm/lib/root/libTreePlayer_rdict.pcm

TCling::LoadPCM       INFO In-memory ROOT PCM candidate /cvmfs/sw-nightlies.hsf.org/key4hep/releases/2025-12-21/x86_64-almalinux9-gcc14.2.0-opt/root/6.38.00-2jf5cm/lib/root/libTreeViewer_rdict.pcm

TCling::LoadPCM       INFO In-memory ROOT PCM candidate /cvmfs/sw-nightlies.hsf.org/key4hep/releases/2025-12-21/x86_64-almalinux9-gcc14.2.0-opt/root/6.38.00-2jf5cm/lib/root/libTree_rdict.pcm

TCling::LoadPCM       INFO In-memory ROOT PCM candidate /cvmfs/sw-nightlies.hsf.org/key4hep/releases/2025-12-21/x86_64-almalinux9-gcc14.2.0-opt/root/6.38.00-2jf5cm/lib/root/libUnuran_rdict.pcm

TCling::LoadPCM       INFO In-memory ROOT PCM candidate /cvmfs/sw-nightlies.hsf.org/key4hep/releases/2025-12-21/x86_64-almalinux9-gcc14.2.0-opt/root/6.38.00-2jf5cm/lib/root/libWebGui6_rdict.pcm

TCling::LoadPCM       INFO In-memory ROOT PCM candidate /cvmfs/sw-nightlies.hsf.org/key4hep/releases/2025-12-21/x86_64-almalinux9-gcc14.2.0-opt/root/6.38.00-2jf5cm/lib/root/libX3d_rdict.pcm

TCling::LoadPCM       INFO In-memory ROOT PCM candidate /cvmfs/sw-nightlies.hsf.org/key4hep/releases/2025-12-21/x86_64-almalinux9-gcc14.2.0-opt/root/6.38.00-2jf5cm/lib/root/libXMLIO_rdict.pcm

TCling::LoadPCM       INFO In-memory ROOT PCM candidate /cvmfs/sw-nightlies.hsf.org/key4hep/releases/2025-12-21/x86_64-almalinux9-gcc14.2.0-opt/root/6.38.00-2jf5cm/lib/root/libXMLParser_rdict.pcm

TCling::LoadPCM      ERROR ROOT PCM /cvmfs/sw-nightlies.hsf.org/key4hep/releases/2025-12-21/x86_64-almalinux9-gcc14.2.0-opt/genfit/02-00-05-uvuy5c/lib64/libmeasurementsRootDict_rdict.pcm file does not exist
TCling::LoadPCM       INFO In-memory ROOT PCM candidate /cvmfs/sw-nightlies.hsf.org/key4hep/releases/2025-12-21/x86_64-almalinux9-gcc14.2.0-opt/root/6.38.00-2jf5cm/lib/root/libASImageGui_rdict.pcm

TCling::LoadPCM       INFO In-memory ROOT PCM candidate /cvmfs/sw-nightlies.hsf.org/key4hep/releases/2025-12-21/x86_64-almalinux9-gcc14.2.0-opt/root/6.38.00-2jf5cm/lib/root/libASImage_rdict.pcm

TCling::LoadPCM       INFO In-memory ROOT PCM candidate /cvmfs/sw-nightlies.hsf.org/key4hep/releases/2025-12-21/x86_64-almalinux9-gcc14.2.0-opt/root/6.38.00-2jf5cm/lib/root/libEG_rdict.pcm

TCling::LoadPCM       INFO In-memory ROOT PCM candidate /cvmfs/sw-nightlies.hsf.org/key4hep/releases/2025-12-21/x86_64-almalinux9-gcc14.2.0-opt/root/6.38.00-2jf5cm/lib/root/libEve_rdict.pcm

TCling::LoadPCM       INFO In-memory ROOT PCM candidate /cvmfs/sw-nightlies.hsf.org/key4hep/releases/2025-12-21/x86_64-almalinux9-gcc14.2.0-opt/root/6.38.00-2jf5cm/lib/root/libFFTW_rdict.pcm

TCling::LoadPCM       INFO In-memory ROOT PCM candidate /cvmfs/sw-nightlies.hsf.org/key4hep/releases/2025-12-21/x86_64-almalinux9-gcc14.2.0-opt/root/6.38.00-2jf5cm/lib/root/libFitPanel_rdict.pcm

TCling::LoadPCM       INFO In-memory ROOT PCM candidate /cvmfs/sw-nightlies.hsf.org/key4hep/releases/2025-12-21/x86_64-almalinux9-gcc14.2.0-opt/root/6.38.00-2jf5cm/lib/root/libFoam_rdict.pcm

TCling::LoadPCM       INFO In-memory ROOT PCM candidate /cvmfs/sw-nightlies.hsf.org/key4hep/releases/2025-12-21/x86_64-almalinux9-gcc14.2.0-opt/root/6.38.00-2jf5cm/lib/root/libFumili_rdict.pcm

TCling::LoadPCM       INFO In-memory ROOT PCM candidate /cvmfs/sw-nightlies.hsf.org/key4hep/releases/2025-12-21/x86_64-almalinux9-gcc14.2.0-opt/root/6.38.00-2jf5cm/lib/root/libGX11TTF_rdict.pcm

TCling::LoadPCM       INFO In-memory ROOT PCM candidate /cvmfs/sw-nightlies.hsf.org/key4hep/releases/2025-12-21/x86_64-almalinux9-gcc14.2.0-opt/root/6.38.00-2jf5cm/lib/root/libGX11_rdict.pcm

TCling::LoadPCM       INFO In-memory ROOT PCM candidate /cvmfs/sw-nightlies.hsf.org/key4hep/releases/2025-12-21/x86_64-almalinux9-gcc14.2.0-opt/root/6.38.00-2jf5cm/lib/root/libGdml_rdict.pcm

TCling::LoadPCM       INFO In-memory ROOT PCM candidate /cvmfs/sw-nightlies.hsf.org/key4hep/releases/2025-12-21/x86_64-almalinux9-gcc14.2.0-opt/root/6.38.00-2jf5cm/lib/root/libGed_rdict.pcm

TCling::LoadPCM       INFO In-memory ROOT PCM candidate /cvmfs/sw-nightlies.hsf.org/key4hep/releases/2025-12-21/x86_64-almalinux9-gcc14.2.0-opt/root/6.38.00-2jf5cm/lib/root/libGenVector_G__GenVector32_rdict.pcm

TCling::LoadPCM       INFO In-memory ROOT PCM candidate /cvmfs/sw-nightlies.hsf.org/key4hep/releases/2025-12-21/x86_64-almalinux9-gcc14.2.0-opt/root/6.38.00-2jf5cm/lib/root/libGenVector_rdict.pcm

TCling::LoadPCM       INFO In-memory ROOT PCM candidate /cvmfs/sw-nightlies.hsf.org/key4hep/releases/2025-12-21/x86_64-almalinux9-gcc14.2.0-opt/root/6.38.00-2jf5cm/lib/root/libGenetic_rdict.pcm

TCling::LoadPCM       INFO In-memory ROOT PCM candidate /cvmfs/sw-nightlies.hsf.org/key4hep/releases/2025-12-21/x86_64-almalinux9-gcc14.2.0-opt/root/6.38.00-2jf5cm/lib/root/libGeomChecker_rdict.pcm

TCling::LoadPCM       INFO In-memory ROOT PCM candidate /cvmfs/sw-nightlies.hsf.org/key4hep/releases/2025-12-21/x86_64-almalinux9-gcc14.2.0-opt/root/6.38.00-2jf5cm/lib/root/libGeomPainter_rdict.pcm

TCling::LoadPCM       INFO In-memory ROOT PCM candidate /cvmfs/sw-nightlies.hsf.org/key4hep/releases/2025-12-21/x86_64-almalinux9-gcc14.2.0-opt/root/6.38.00-2jf5cm/lib/root/libGeom_rdict.pcm

TCling::LoadPCM       INFO In-memory ROOT PCM candidate /cvmfs/sw-nightlies.hsf.org/key4hep/releases/2025-12-21/x86_64-almalinux9-gcc14.2.0-opt/root/6.38.00-2jf5cm/lib/root/libGpad_rdict.pcm

TCling::LoadPCM       INFO In-memory ROOT PCM candidate /cvmfs/sw-nightlies.hsf.org/key4hep/releases/2025-12-21/x86_64-almalinux9-gcc14.2.0-opt/root/6.38.00-2jf5cm/lib/root/libGraf3d_rdict.pcm

TCling::LoadPCM       INFO In-memory ROOT PCM candidate /cvmfs/sw-nightlies.hsf.org/key4hep/releases/2025-12-21/x86_64-almalinux9-gcc14.2.0-opt/root/6.38.00-2jf5cm/lib/root/libGraf_rdict.pcm

TCling::LoadPCM       INFO In-memory ROOT PCM candidate /cvmfs/sw-nightlies.hsf.org/key4hep/releases/2025-12-21/x86_64-almalinux9-gcc14.2.0-opt/root/6.38.00-2jf5cm/lib/root/libGuiBld_rdict.pcm

TCling::LoadPCM       INFO In-memory ROOT PCM candidate /cvmfs/sw-nightlies.hsf.org/key4hep/releases/2025-12-21/x86_64-almalinux9-gcc14.2.0-opt/root/6.38.00-2jf5cm/lib/root/libGuiHtml_rdict.pcm

TCling::LoadPCM       INFO In-memory ROOT PCM candidate /cvmfs/sw-nightlies.hsf.org/key4hep/releases/2025-12-21/x86_64-almalinux9-gcc14.2.0-opt/root/6.38.00-2jf5cm/lib/root/libGui_rdict.pcm

TCling::LoadPCM       INFO In-memory ROOT PCM candidate /cvmfs/sw-nightlies.hsf.org/key4hep/releases/2025-12-21/x86_64-almalinux9-gcc14.2.0-opt/root/6.38.00-2jf5cm/lib/root/libGviz3d_rdict.pcm

TCling::LoadPCM       INFO In-memory ROOT PCM candidate /cvmfs/sw-nightlies.hsf.org/key4hep/releases/2025-12-21/x86_64-almalinux9-gcc14.2.0-opt/root/6.38.00-2jf5cm/lib/root/libHistFactory_rdict.pcm

TCling::LoadPCM       INFO In-memory ROOT PCM candidate /cvmfs/sw-nightlies.hsf.org/key4hep/releases/2025-12-21/x86_64-almalinux9-gcc14.2.0-opt/root/6.38.00-2jf5cm/lib/root/libHistPainter_rdict.pcm

TCling::LoadPCM       INFO In-memory ROOT PCM candidate /cvmfs/sw-nightlies.hsf.org/key4hep/releases/2025-12-21/x86_64-almalinux9-gcc14.2.0-opt/root/6.38.00-2jf5cm/lib/root/libHist_rdict.pcm

TCling::LoadPCM       INFO In-memory ROOT PCM candidate /cvmfs/sw-nightlies.hsf.org/key4hep/releases/2025-12-21/x86_64-almalinux9-gcc14.2.0-opt/root/6.38.00-2jf5cm/lib/root/libMLP_rdict.pcm

TCling::LoadPCM       INFO In-memory ROOT PCM candidate /cvmfs/sw-nightlies.hsf.org/key4hep/releases/2025-12-21/x86_64-almalinux9-gcc14.2.0-opt/root/6.38.00-2jf5cm/lib/root/libMathCore_rdict.pcm

TCling::LoadPCM       INFO In-memory ROOT PCM candidate /cvmfs/sw-nightlies.hsf.org/key4hep/releases/2025-12-21/x86_64-almalinux9-gcc14.2.0-opt/root/6.38.00-2jf5cm/lib/root/libMathMore_rdict.pcm

TCling::LoadPCM       INFO In-memory ROOT PCM candidate /cvmfs/sw-nightlies.hsf.org/key4hep/releases/2025-12-21/x86_64-almalinux9-gcc14.2.0-opt/root/6.38.00-2jf5cm/lib/root/libMatrix_rdict.pcm

TCling::LoadPCM       INFO In-memory ROOT PCM candidate /cvmfs/sw-nightlies.hsf.org/key4hep/releases/2025-12-21/x86_64-almalinux9-gcc14.2.0-opt/root/6.38.00-2jf5cm/lib/root/libMinuit2_rdict.pcm

TCling::LoadPCM       INFO In-memory ROOT PCM candidate /cvmfs/sw-nightlies.hsf.org/key4hep/releases/2025-12-21/x86_64-almalinux9-gcc14.2.0-opt/root/6.38.00-2jf5cm/lib/root/libMinuit_rdict.pcm

TCling::LoadPCM       INFO In-memory ROOT PCM candidate /cvmfs/sw-nightlies.hsf.org/key4hep/releases/2025-12-21/x86_64-almalinux9-gcc14.2.0-opt/root/6.38.00-2jf5cm/lib/root/libNet_rdict.pcm

TCling::LoadPCM       INFO In-memory ROOT PCM candidate /cvmfs/sw-nightlies.hsf.org/key4hep/releases/2025-12-21/x86_64-almalinux9-gcc14.2.0-opt/root/6.38.00-2jf5cm/lib/root/libNetxNG_rdict.pcm

TCling::LoadPCM       INFO In-memory ROOT PCM candidate /cvmfs/sw-nightlies.hsf.org/key4hep/releases/2025-12-21/x86_64-almalinux9-gcc14.2.0-opt/root/6.38.00-2jf5cm/lib/root/libPhysics_rdict.pcm

TCling::LoadPCM       INFO In-memory ROOT PCM candidate /cvmfs/sw-nightlies.hsf.org/key4hep/releases/2025-12-21/x86_64-almalinux9-gcc14.2.0-opt/root/6.38.00-2jf5cm/lib/root/libPostscript_rdict.pcm

TCling::LoadPCM       INFO In-memory ROOT PCM candidate /cvmfs/sw-nightlies.hsf.org/key4hep/releases/2025-12-21/x86_64-almalinux9-gcc14.2.0-opt/root/6.38.00-2jf5cm/lib/root/libQuadp_rdict.pcm

TCling::LoadPCM       INFO In-memory ROOT PCM candidate /cvmfs/sw-nightlies.hsf.org/key4hep/releases/2025-12-21/x86_64-almalinux9-gcc14.2.0-opt/root/6.38.00-2jf5cm/lib/root/libRCsg_rdict.pcm

TCling::LoadPCM       INFO In-memory ROOT PCM candidate /cvmfs/sw-nightlies.hsf.org/key4hep/releases/2025-12-21/x86_64-almalinux9-gcc14.2.0-opt/root/6.38.00-2jf5cm/lib/root/libRDAVIX_rdict.pcm

TCling::LoadPCM       INFO In-memory ROOT PCM candidate /cvmfs/sw-nightlies.hsf.org/key4hep/releases/2025-12-21/x86_64-almalinux9-gcc14.2.0-opt/root/6.38.00-2jf5cm/lib/root/libRGL_rdict.pcm

TCling::LoadPCM       INFO In-memory ROOT PCM candidate /cvmfs/sw-nightlies.hsf.org/key4hep/releases/2025-12-21/x86_64-almalinux9-gcc14.2.0-opt/root/6.38.00-2jf5cm/lib/root/libRHTTPSniff_rdict.pcm

TCling::LoadPCM       INFO In-memory ROOT PCM candidate /cvmfs/sw-nightlies.hsf.org/key4hep/releases/2025-12-21/x86_64-almalinux9-gcc14.2.0-opt/root/6.38.00-2jf5cm/lib/root/libRHTTP_rdict.pcm

TCling::LoadPCM       INFO In-memory ROOT PCM candidate /cvmfs/sw-nightlies.hsf.org/key4hep/releases/2025-12-21/x86_64-almalinux9-gcc14.2.0-opt/root/6.38.00-2jf5cm/lib/root/libROOTBrowsable_rdict.pcm

TCling::LoadPCM       INFO In-memory ROOT PCM candidate /cvmfs/sw-nightlies.hsf.org/key4hep/releases/2025-12-21/x86_64-almalinux9-gcc14.2.0-opt/root/6.38.00-2jf5cm/lib/root/libROOTBrowserv7_rdict.pcm

TCling::LoadPCM       INFO In-memory ROOT PCM candidate /cvmfs/sw-nightlies.hsf.org/key4hep/releases/2025-12-21/x86_64-almalinux9-gcc14.2.0-opt/root/6.38.00-2jf5cm/lib/root/libROOTDataFrame_rdict.pcm

TCling::LoadPCM       INFO In-memory ROOT PCM candidate /cvmfs/sw-nightlies.hsf.org/key4hep/releases/2025-12-21/x86_64-almalinux9-gcc14.2.0-opt/root/6.38.00-2jf5cm/lib/root/libROOTEve_rdict.pcm

TCling::LoadPCM       INFO In-memory ROOT PCM candidate /cvmfs/sw-nightlies.hsf.org/key4hep/releases/2025-12-21/x86_64-almalinux9-gcc14.2.0-opt/root/6.38.00-2jf5cm/lib/root/libROOTFitPanelv7_rdict.pcm

TCling::LoadPCM       INFO In-memory ROOT PCM candidate /cvmfs/sw-nightlies.hsf.org/key4hep/releases/2025-12-21/x86_64-almalinux9-gcc14.2.0-opt/root/6.38.00-2jf5cm/lib/root/libROOTGeomViewer_rdict.pcm

TCling::LoadPCM       INFO In-memory ROOT PCM candidate /cvmfs/sw-nightlies.hsf.org/key4hep/releases/2025-12-21/x86_64-almalinux9-gcc14.2.0-opt/root/6.38.00-2jf5cm/lib/root/libROOTGpadv7_rdict.pcm

TCling::LoadPCM       INFO In-memory ROOT PCM candidate /cvmfs/sw-nightlies.hsf.org/key4hep/releases/2025-12-21/x86_64-almalinux9-gcc14.2.0-opt/root/6.38.00-2jf5cm/lib/root/libROOTGraphicsPrimitives_rdict.pcm

TCling::LoadPCM       INFO In-memory ROOT PCM candidate /cvmfs/sw-nightlies.hsf.org/key4hep/releases/2025-12-21/x86_64-almalinux9-gcc14.2.0-opt/root/6.38.00-2jf5cm/lib/root/libROOTHist_rdict.pcm

TCling::LoadPCM       INFO In-memory ROOT PCM candidate /cvmfs/sw-nightlies.hsf.org/key4hep/releases/2025-12-21/x86_64-almalinux9-gcc14.2.0-opt/root/6.38.00-2jf5cm/lib/root/libROOTNTupleBrowse_rdict.pcm

TCling::LoadPCM       INFO In-memory ROOT PCM candidate /cvmfs/sw-nightlies.hsf.org/key4hep/releases/2025-12-21/x86_64-almalinux9-gcc14.2.0-opt/root/6.38.00-2jf5cm/lib/root/libROOTNTupleUtil_rdict.pcm

TCling::LoadPCM       INFO In-memory ROOT PCM candidate /cvmfs/sw-nightlies.hsf.org/key4hep/releases/2025-12-21/x86_64-almalinux9-gcc14.2.0-opt/root/6.38.00-2jf5cm/lib/root/libROOTNTuple_rdict.pcm

TCling::LoadPCM       INFO In-memory ROOT PCM candidate /cvmfs/sw-nightlies.hsf.org/key4hep/releases/2025-12-21/x86_64-almalinux9-gcc14.2.0-opt/root/6.38.00-2jf5cm/lib/root/libROOTTMVASofie_rdict.pcm

TCling::LoadPCM       INFO In-memory ROOT PCM candidate /cvmfs/sw-nightlies.hsf.org/key4hep/releases/2025-12-21/x86_64-almalinux9-gcc14.2.0-opt/root/6.38.00-2jf5cm/lib/root/libROOTTPython_rdict.pcm

TCling::LoadPCM       INFO In-memory ROOT PCM candidate /cvmfs/sw-nightlies.hsf.org/key4hep/releases/2025-12-21/x86_64-almalinux9-gcc14.2.0-opt/root/6.38.00-2jf5cm/lib/root/libROOTTreeMap_rdict.pcm

TCling::LoadPCM       INFO In-memory ROOT PCM candidate /cvmfs/sw-nightlies.hsf.org/key4hep/releases/2025-12-21/x86_64-almalinux9-gcc14.2.0-opt/root/6.38.00-2jf5cm/lib/root/libROOTTreeViewer_rdict.pcm

TCling::LoadPCM       INFO In-memory ROOT PCM candidate /cvmfs/sw-nightlies.hsf.org/key4hep/releases/2025-12-21/x86_64-almalinux9-gcc14.2.0-opt/root/6.38.00-2jf5cm/lib/root/libROOTVecOps_rdict.pcm

TCling::LoadPCM       INFO In-memory ROOT PCM candidate /cvmfs/sw-nightlies.hsf.org/key4hep/releases/2025-12-21/x86_64-almalinux9-gcc14.2.0-opt/root/6.38.00-2jf5cm/lib/root/libROOTWebDisplay_rdict.pcm

TCling::LoadPCM       INFO In-memory ROOT PCM candidate /cvmfs/sw-nightlies.hsf.org/key4hep/releases/2025-12-21/x86_64-almalinux9-gcc14.2.0-opt/root/6.38.00-2jf5cm/lib/root/libRSQLite_rdict.pcm

TCling::LoadPCM       INFO In-memory ROOT PCM candidate /cvmfs/sw-nightlies.hsf.org/key4hep/releases/2025-12-21/x86_64-almalinux9-gcc14.2.0-opt/root/6.38.00-2jf5cm/lib/root/libRecorder_rdict.pcm

TCling::LoadPCM       INFO In-memory ROOT PCM candidate /cvmfs/sw-nightlies.hsf.org/key4hep/releases/2025-12-21/x86_64-almalinux9-gcc14.2.0-opt/root/6.38.00-2jf5cm/lib/root/libRooFitCodegen_rdict.pcm

TCling::LoadPCM       INFO In-memory ROOT PCM candidate /cvmfs/sw-nightlies.hsf.org/key4hep/releases/2025-12-21/x86_64-almalinux9-gcc14.2.0-opt/root/6.38.00-2jf5cm/lib/root/libRooFitCore_rdict.pcm

TCling::LoadPCM       INFO In-memory ROOT PCM candidate /cvmfs/sw-nightlies.hsf.org/key4hep/releases/2025-12-21/x86_64-almalinux9-gcc14.2.0-opt/root/6.38.00-2jf5cm/lib/root/libRooFitHS3_rdict.pcm

TCling::LoadPCM       INFO In-memory ROOT PCM candidate /cvmfs/sw-nightlies.hsf.org/key4hep/releases/2025-12-21/x86_64-almalinux9-gcc14.2.0-opt/root/6.38.00-2jf5cm/lib/root/libRooFitJSONInterface_rdict.pcm

TCling::LoadPCM       INFO In-memory ROOT PCM candidate /cvmfs/sw-nightlies.hsf.org/key4hep/releases/2025-12-21/x86_64-almalinux9-gcc14.2.0-opt/root/6.38.00-2jf5cm/lib/root/libRooFitMore_rdict.pcm

TCling::LoadPCM       INFO In-memory ROOT PCM candidate /cvmfs/sw-nightlies.hsf.org/key4hep/releases/2025-12-21/x86_64-almalinux9-gcc14.2.0-opt/root/6.38.00-2jf5cm/lib/root/libRooFitXRooFit_rdict.pcm

TCling::LoadPCM       INFO In-memory ROOT PCM candidate /cvmfs/sw-nightlies.hsf.org/key4hep/releases/2025-12-21/x86_64-almalinux9-gcc14.2.0-opt/root/6.38.00-2jf5cm/lib/root/libRooFit_rdict.pcm

TCling::LoadPCM       INFO In-memory ROOT PCM candidate /cvmfs/sw-nightlies.hsf.org/key4hep/releases/2025-12-21/x86_64-almalinux9-gcc14.2.0-opt/root/6.38.00-2jf5cm/lib/root/libRooStats_rdict.pcm

TCling::LoadPCM       INFO In-memory ROOT PCM candidate /cvmfs/sw-nightlies.hsf.org/key4hep/releases/2025-12-21/x86_64-almalinux9-gcc14.2.0-opt/root/6.38.00-2jf5cm/lib/root/libRootAuth_rdict.pcm

TCling::LoadPCM       INFO In-memory ROOT PCM candidate /cvmfs/sw-nightlies.hsf.org/key4hep/releases/2025-12-21/x86_64-almalinux9-gcc14.2.0-opt/root/6.38.00-2jf5cm/lib/root/libSPlot_rdict.pcm

TCling::LoadPCM       INFO In-memory ROOT PCM candidate /cvmfs/sw-nightlies.hsf.org/key4hep/releases/2025-12-21/x86_64-almalinux9-gcc14.2.0-opt/root/6.38.00-2jf5cm/lib/root/libSQLIO_rdict.pcm

TCling::LoadPCM       INFO In-memory ROOT PCM candidate /cvmfs/sw-nightlies.hsf.org/key4hep/releases/2025-12-21/x86_64-almalinux9-gcc14.2.0-opt/root/6.38.00-2jf5cm/lib/root/libSmatrix_G__Smatrix32_rdict.pcm

TCling::LoadPCM       INFO In-memory ROOT PCM candidate /cvmfs/sw-nightlies.hsf.org/key4hep/releases/2025-12-21/x86_64-almalinux9-gcc14.2.0-opt/root/6.38.00-2jf5cm/lib/root/libSmatrix_rdict.pcm

TCling::LoadPCM       INFO In-memory ROOT PCM candidate /cvmfs/sw-nightlies.hsf.org/key4hep/releases/2025-12-21/x86_64-almalinux9-gcc14.2.0-opt/root/6.38.00-2jf5cm/lib/root/libSpectrumPainter_rdict.pcm

TCling::LoadPCM       INFO In-memory ROOT PCM candidate /cvmfs/sw-nightlies.hsf.org/key4hep/releases/2025-12-21/x86_64-almalinux9-gcc14.2.0-opt/root/6.38.00-2jf5cm/lib/root/libSpectrum_rdict.pcm

TCling::LoadPCM       INFO In-memory ROOT PCM candidate /cvmfs/sw-nightlies.hsf.org/key4hep/releases/2025-12-21/x86_64-almalinux9-gcc14.2.0-opt/root/6.38.00-2jf5cm/lib/root/libTMVAGui_rdict.pcm

TCling::LoadPCM       INFO In-memory ROOT PCM candidate /cvmfs/sw-nightlies.hsf.org/key4hep/releases/2025-12-21/x86_64-almalinux9-gcc14.2.0-opt/root/6.38.00-2jf5cm/lib/root/libTMVAUtils_rdict.pcm

TCling::LoadPCM       INFO In-memory ROOT PCM candidate /cvmfs/sw-nightlies.hsf.org/key4hep/releases/2025-12-21/x86_64-almalinux9-gcc14.2.0-opt/root/6.38.00-2jf5cm/lib/root/libTMVA_rdict.pcm

TCling::LoadPCM       INFO In-memory ROOT PCM candidate /cvmfs/sw-nightlies.hsf.org/key4hep/releases/2025-12-21/x86_64-almalinux9-gcc14.2.0-opt/root/6.38.00-2jf5cm/lib/root/libTreePlayer_rdict.pcm

TCling::LoadPCM       INFO In-memory ROOT PCM candidate /cvmfs/sw-nightlies.hsf.org/key4hep/releases/2025-12-21/x86_64-almalinux9-gcc14.2.0-opt/root/6.38.00-2jf5cm/lib/root/libTreeViewer_rdict.pcm

TCling::LoadPCM       INFO In-memory ROOT PCM candidate /cvmfs/sw-nightlies.hsf.org/key4hep/releases/2025-12-21/x86_64-almalinux9-gcc14.2.0-opt/root/6.38.00-2jf5cm/lib/root/libTree_rdict.pcm

TCling::LoadPCM       INFO In-memory ROOT PCM candidate /cvmfs/sw-nightlies.hsf.org/key4hep/releases/2025-12-21/x86_64-almalinux9-gcc14.2.0-opt/root/6.38.00-2jf5cm/lib/root/libUnuran_rdict.pcm

TCling::LoadPCM       INFO In-memory ROOT PCM candidate /cvmfs/sw-nightlies.hsf.org/key4hep/releases/2025-12-21/x86_64-almalinux9-gcc14.2.0-opt/root/6.38.00-2jf5cm/lib/root/libWebGui6_rdict.pcm

TCling::LoadPCM       INFO In-memory ROOT PCM candidate /cvmfs/sw-nightlies.hsf.org/key4hep/releases/2025-12-21/x86_64-almalinux9-gcc14.2.0-opt/root/6.38.00-2jf5cm/lib/root/libX3d_rdict.pcm

TCling::LoadPCM       INFO In-memory ROOT PCM candidate /cvmfs/sw-nightlies.hsf.org/key4hep/releases/2025-12-21/x86_64-almalinux9-gcc14.2.0-opt/root/6.38.00-2jf5cm/lib/root/libXMLIO_rdict.pcm

TCling::LoadPCM       INFO In-memory ROOT PCM candidate /cvmfs/sw-nightlies.hsf.org/key4hep/releases/2025-12-21/x86_64-almalinux9-gcc14.2.0-opt/root/6.38.00-2jf5cm/lib/root/libXMLParser_rdict.pcm

TCling::LoadPCM      ERROR ROOT PCM /cvmfs/sw-nightlies.hsf.org/key4hep/releases/2025-12-21/x86_64-almalinux9-gcc14.2.0-opt/genfit/02-00-05-uvuy5c/lib64/libGBLRootDict_rdict.pcm file does not exist
TCling::LoadPCM       INFO In-memory ROOT PCM candidate /cvmfs/sw-nightlies.hsf.org/key4hep/releases/2025-12-21/x86_64-almalinux9-gcc14.2.0-opt/root/6.38.00-2jf5cm/lib/root/libASImageGui_rdict.pcm

TCling::LoadPCM       INFO In-memory ROOT PCM candidate /cvmfs/sw-nightlies.hsf.org/key4hep/releases/2025-12-21/x86_64-almalinux9-gcc14.2.0-opt/root/6.38.00-2jf5cm/lib/root/libASImage_rdict.pcm

TCling::LoadPCM       INFO In-memory ROOT PCM candidate /cvmfs/sw-nightlies.hsf.org/key4hep/releases/2025-12-21/x86_64-almalinux9-gcc14.2.0-opt/root/6.38.00-2jf5cm/lib/root/libEG_rdict.pcm

TCling::LoadPCM       INFO In-memory ROOT PCM candidate /cvmfs/sw-nightlies.hsf.org/key4hep/releases/2025-12-21/x86_64-almalinux9-gcc14.2.0-opt/root/6.38.00-2jf5cm/lib/root/libEve_rdict.pcm

TCling::LoadPCM       INFO In-memory ROOT PCM candidate /cvmfs/sw-nightlies.hsf.org/key4hep/releases/2025-12-21/x86_64-almalinux9-gcc14.2.0-opt/root/6.38.00-2jf5cm/lib/root/libFFTW_rdict.pcm

TCling::LoadPCM       INFO In-memory ROOT PCM candidate /cvmfs/sw-nightlies.hsf.org/key4hep/releases/2025-12-21/x86_64-almalinux9-gcc14.2.0-opt/root/6.38.00-2jf5cm/lib/root/libFitPanel_rdict.pcm

TCling::LoadPCM       INFO In-memory ROOT PCM candidate /cvmfs/sw-nightlies.hsf.org/key4hep/releases/2025-12-21/x86_64-almalinux9-gcc14.2.0-opt/root/6.38.00-2jf5cm/lib/root/libFoam_rdict.pcm

TCling::LoadPCM       INFO In-memory ROOT PCM candidate /cvmfs/sw-nightlies.hsf.org/key4hep/releases/2025-12-21/x86_64-almalinux9-gcc14.2.0-opt/root/6.38.00-2jf5cm/lib/root/libFumili_rdict.pcm

TCling::LoadPCM       INFO In-memory ROOT PCM candidate /cvmfs/sw-nightlies.hsf.org/key4hep/releases/2025-12-21/x86_64-almalinux9-gcc14.2.0-opt/root/6.38.00-2jf5cm/lib/root/libGX11TTF_rdict.pcm

TCling::LoadPCM       INFO In-memory ROOT PCM candidate /cvmfs/sw-nightlies.hsf.org/key4hep/releases/2025-12-21/x86_64-almalinux9-gcc14.2.0-opt/root/6.38.00-2jf5cm/lib/root/libGX11_rdict.pcm

TCling::LoadPCM       INFO In-memory ROOT PCM candidate /cvmfs/sw-nightlies.hsf.org/key4hep/releases/2025-12-21/x86_64-almalinux9-gcc14.2.0-opt/root/6.38.00-2jf5cm/lib/root/libGdml_rdict.pcm

TCling::LoadPCM       INFO In-memory ROOT PCM candidate /cvmfs/sw-nightlies.hsf.org/key4hep/releases/2025-12-21/x86_64-almalinux9-gcc14.2.0-opt/root/6.38.00-2jf5cm/lib/root/libGed_rdict.pcm

TCling::LoadPCM       INFO In-memory ROOT PCM candidate /cvmfs/sw-nightlies.hsf.org/key4hep/releases/2025-12-21/x86_64-almalinux9-gcc14.2.0-opt/root/6.38.00-2jf5cm/lib/root/libGenVector_G__GenVector32_rdict.pcm

TCling::LoadPCM       INFO In-memory ROOT PCM candidate /cvmfs/sw-nightlies.hsf.org/key4hep/releases/2025-12-21/x86_64-almalinux9-gcc14.2.0-opt/root/6.38.00-2jf5cm/lib/root/libGenVector_rdict.pcm

TCling::LoadPCM       INFO In-memory ROOT PCM candidate /cvmfs/sw-nightlies.hsf.org/key4hep/releases/2025-12-21/x86_64-almalinux9-gcc14.2.0-opt/root/6.38.00-2jf5cm/lib/root/libGenetic_rdict.pcm

TCling::LoadPCM       INFO In-memory ROOT PCM candidate /cvmfs/sw-nightlies.hsf.org/key4hep/releases/2025-12-21/x86_64-almalinux9-gcc14.2.0-opt/root/6.38.00-2jf5cm/lib/root/libGeomChecker_rdict.pcm

TCling::LoadPCM       INFO In-memory ROOT PCM candidate /cvmfs/sw-nightlies.hsf.org/key4hep/releases/2025-12-21/x86_64-almalinux9-gcc14.2.0-opt/root/6.38.00-2jf5cm/lib/root/libGeomPainter_rdict.pcm

TCling::LoadPCM       INFO In-memory ROOT PCM candidate /cvmfs/sw-nightlies.hsf.org/key4hep/releases/2025-12-21/x86_64-almalinux9-gcc14.2.0-opt/root/6.38.00-2jf5cm/lib/root/libGeom_rdict.pcm

TCling::LoadPCM       INFO In-memory ROOT PCM candidate /cvmfs/sw-nightlies.hsf.org/key4hep/releases/2025-12-21/x86_64-almalinux9-gcc14.2.0-opt/root/6.38.00-2jf5cm/lib/root/libGpad_rdict.pcm

TCling::LoadPCM       INFO In-memory ROOT PCM candidate /cvmfs/sw-nightlies.hsf.org/key4hep/releases/2025-12-21/x86_64-almalinux9-gcc14.2.0-opt/root/6.38.00-2jf5cm/lib/root/libGraf3d_rdict.pcm

TCling::LoadPCM       INFO In-memory ROOT PCM candidate /cvmfs/sw-nightlies.hsf.org/key4hep/releases/2025-12-21/x86_64-almalinux9-gcc14.2.0-opt/root/6.38.00-2jf5cm/lib/root/libGraf_rdict.pcm

TCling::LoadPCM       INFO In-memory ROOT PCM candidate /cvmfs/sw-nightlies.hsf.org/key4hep/releases/2025-12-21/x86_64-almalinux9-gcc14.2.0-opt/root/6.38.00-2jf5cm/lib/root/libGuiBld_rdict.pcm

TCling::LoadPCM       INFO In-memory ROOT PCM candidate /cvmfs/sw-nightlies.hsf.org/key4hep/releases/2025-12-21/x86_64-almalinux9-gcc14.2.0-opt/root/6.38.00-2jf5cm/lib/root/libGuiHtml_rdict.pcm

TCling::LoadPCM       INFO In-memory ROOT PCM candidate /cvmfs/sw-nightlies.hsf.org/key4hep/releases/2025-12-21/x86_64-almalinux9-gcc14.2.0-opt/root/6.38.00-2jf5cm/lib/root/libGui_rdict.pcm

TCling::LoadPCM       INFO In-memory ROOT PCM candidate /cvmfs/sw-nightlies.hsf.org/key4hep/releases/2025-12-21/x86_64-almalinux9-gcc14.2.0-opt/root/6.38.00-2jf5cm/lib/root/libGviz3d_rdict.pcm

TCling::LoadPCM       INFO In-memory ROOT PCM candidate /cvmfs/sw-nightlies.hsf.org/key4hep/releases/2025-12-21/x86_64-almalinux9-gcc14.2.0-opt/root/6.38.00-2jf5cm/lib/root/libHistFactory_rdict.pcm

TCling::LoadPCM       INFO In-memory ROOT PCM candidate /cvmfs/sw-nightlies.hsf.org/key4hep/releases/2025-12-21/x86_64-almalinux9-gcc14.2.0-opt/root/6.38.00-2jf5cm/lib/root/libHistPainter_rdict.pcm

TCling::LoadPCM       INFO In-memory ROOT PCM candidate /cvmfs/sw-nightlies.hsf.org/key4hep/releases/2025-12-21/x86_64-almalinux9-gcc14.2.0-opt/root/6.38.00-2jf5cm/lib/root/libHist_rdict.pcm

TCling::LoadPCM       INFO In-memory ROOT PCM candidate /cvmfs/sw-nightlies.hsf.org/key4hep/releases/2025-12-21/x86_64-almalinux9-gcc14.2.0-opt/root/6.38.00-2jf5cm/lib/root/libMLP_rdict.pcm

TCling::LoadPCM       INFO In-memory ROOT PCM candidate /cvmfs/sw-nightlies.hsf.org/key4hep/releases/2025-12-21/x86_64-almalinux9-gcc14.2.0-opt/root/6.38.00-2jf5cm/lib/root/libMathCore_rdict.pcm

TCling::LoadPCM       INFO In-memory ROOT PCM candidate /cvmfs/sw-nightlies.hsf.org/key4hep/releases/2025-12-21/x86_64-almalinux9-gcc14.2.0-opt/root/6.38.00-2jf5cm/lib/root/libMathMore_rdict.pcm

TCling::LoadPCM       INFO In-memory ROOT PCM candidate /cvmfs/sw-nightlies.hsf.org/key4hep/releases/2025-12-21/x86_64-almalinux9-gcc14.2.0-opt/root/6.38.00-2jf5cm/lib/root/libMatrix_rdict.pcm

TCling::LoadPCM       INFO In-memory ROOT PCM candidate /cvmfs/sw-nightlies.hsf.org/key4hep/releases/2025-12-21/x86_64-almalinux9-gcc14.2.0-opt/root/6.38.00-2jf5cm/lib/root/libMinuit2_rdict.pcm

TCling::LoadPCM       INFO In-memory ROOT PCM candidate /cvmfs/sw-nightlies.hsf.org/key4hep/releases/2025-12-21/x86_64-almalinux9-gcc14.2.0-opt/root/6.38.00-2jf5cm/lib/root/libMinuit_rdict.pcm

TCling::LoadPCM       INFO In-memory ROOT PCM candidate /cvmfs/sw-nightlies.hsf.org/key4hep/releases/2025-12-21/x86_64-almalinux9-gcc14.2.0-opt/root/6.38.00-2jf5cm/lib/root/libNet_rdict.pcm

TCling::LoadPCM       INFO In-memory ROOT PCM candidate /cvmfs/sw-nightlies.hsf.org/key4hep/releases/2025-12-21/x86_64-almalinux9-gcc14.2.0-opt/root/6.38.00-2jf5cm/lib/root/libNetxNG_rdict.pcm

TCling::LoadPCM       INFO In-memory ROOT PCM candidate /cvmfs/sw-nightlies.hsf.org/key4hep/releases/2025-12-21/x86_64-almalinux9-gcc14.2.0-opt/root/6.38.00-2jf5cm/lib/root/libPhysics_rdict.pcm

TCling::LoadPCM       INFO In-memory ROOT PCM candidate /cvmfs/sw-nightlies.hsf.org/key4hep/releases/2025-12-21/x86_64-almalinux9-gcc14.2.0-opt/root/6.38.00-2jf5cm/lib/root/libPostscript_rdict.pcm

TCling::LoadPCM       INFO In-memory ROOT PCM candidate /cvmfs/sw-nightlies.hsf.org/key4hep/releases/2025-12-21/x86_64-almalinux9-gcc14.2.0-opt/root/6.38.00-2jf5cm/lib/root/libQuadp_rdict.pcm

TCling::LoadPCM       INFO In-memory ROOT PCM candidate /cvmfs/sw-nightlies.hsf.org/key4hep/releases/2025-12-21/x86_64-almalinux9-gcc14.2.0-opt/root/6.38.00-2jf5cm/lib/root/libRCsg_rdict.pcm

TCling::LoadPCM       INFO In-memory ROOT PCM candidate /cvmfs/sw-nightlies.hsf.org/key4hep/releases/2025-12-21/x86_64-almalinux9-gcc14.2.0-opt/root/6.38.00-2jf5cm/lib/root/libRDAVIX_rdict.pcm

TCling::LoadPCM       INFO In-memory ROOT PCM candidate /cvmfs/sw-nightlies.hsf.org/key4hep/releases/2025-12-21/x86_64-almalinux9-gcc14.2.0-opt/root/6.38.00-2jf5cm/lib/root/libRGL_rdict.pcm

TCling::LoadPCM       INFO In-memory ROOT PCM candidate /cvmfs/sw-nightlies.hsf.org/key4hep/releases/2025-12-21/x86_64-almalinux9-gcc14.2.0-opt/root/6.38.00-2jf5cm/lib/root/libRHTTPSniff_rdict.pcm

TCling::LoadPCM       INFO In-memory ROOT PCM candidate /cvmfs/sw-nightlies.hsf.org/key4hep/releases/2025-12-21/x86_64-almalinux9-gcc14.2.0-opt/root/6.38.00-2jf5cm/lib/root/libRHTTP_rdict.pcm

TCling::LoadPCM       INFO In-memory ROOT PCM candidate /cvmfs/sw-nightlies.hsf.org/key4hep/releases/2025-12-21/x86_64-almalinux9-gcc14.2.0-opt/root/6.38.00-2jf5cm/lib/root/libROOTBrowsable_rdict.pcm

TCling::LoadPCM       INFO In-memory ROOT PCM candidate /cvmfs/sw-nightlies.hsf.org/key4hep/releases/2025-12-21/x86_64-almalinux9-gcc14.2.0-opt/root/6.38.00-2jf5cm/lib/root/libROOTBrowserv7_rdict.pcm

TCling::LoadPCM       INFO In-memory ROOT PCM candidate /cvmfs/sw-nightlies.hsf.org/key4hep/releases/2025-12-21/x86_64-almalinux9-gcc14.2.0-opt/root/6.38.00-2jf5cm/lib/root/libROOTDataFrame_rdict.pcm

TCling::LoadPCM       INFO In-memory ROOT PCM candidate /cvmfs/sw-nightlies.hsf.org/key4hep/releases/2025-12-21/x86_64-almalinux9-gcc14.2.0-opt/root/6.38.00-2jf5cm/lib/root/libROOTEve_rdict.pcm

TCling::LoadPCM       INFO In-memory ROOT PCM candidate /cvmfs/sw-nightlies.hsf.org/key4hep/releases/2025-12-21/x86_64-almalinux9-gcc14.2.0-opt/root/6.38.00-2jf5cm/lib/root/libROOTFitPanelv7_rdict.pcm

TCling::LoadPCM       INFO In-memory ROOT PCM candidate /cvmfs/sw-nightlies.hsf.org/key4hep/releases/2025-12-21/x86_64-almalinux9-gcc14.2.0-opt/root/6.38.00-2jf5cm/lib/root/libROOTGeomViewer_rdict.pcm

TCling::LoadPCM       INFO In-memory ROOT PCM candidate /cvmfs/sw-nightlies.hsf.org/key4hep/releases/2025-12-21/x86_64-almalinux9-gcc14.2.0-opt/root/6.38.00-2jf5cm/lib/root/libROOTGpadv7_rdict.pcm

TCling::LoadPCM       INFO In-memory ROOT PCM candidate /cvmfs/sw-nightlies.hsf.org/key4hep/releases/2025-12-21/x86_64-almalinux9-gcc14.2.0-opt/root/6.38.00-2jf5cm/lib/root/libROOTGraphicsPrimitives_rdict.pcm

TCling::LoadPCM       INFO In-memory ROOT PCM candidate /cvmfs/sw-nightlies.hsf.org/key4hep/releases/2025-12-21/x86_64-almalinux9-gcc14.2.0-opt/root/6.38.00-2jf5cm/lib/root/libROOTHist_rdict.pcm

TCling::LoadPCM       INFO In-memory ROOT PCM candidate /cvmfs/sw-nightlies.hsf.org/key4hep/releases/2025-12-21/x86_64-almalinux9-gcc14.2.0-opt/root/6.38.00-2jf5cm/lib/root/libROOTNTupleBrowse_rdict.pcm

TCling::LoadPCM       INFO In-memory ROOT PCM candidate /cvmfs/sw-nightlies.hsf.org/key4hep/releases/2025-12-21/x86_64-almalinux9-gcc14.2.0-opt/root/6.38.00-2jf5cm/lib/root/libROOTNTupleUtil_rdict.pcm

TCling::LoadPCM       INFO In-memory ROOT PCM candidate /cvmfs/sw-nightlies.hsf.org/key4hep/releases/2025-12-21/x86_64-almalinux9-gcc14.2.0-opt/root/6.38.00-2jf5cm/lib/root/libROOTNTuple_rdict.pcm

TCling::LoadPCM       INFO In-memory ROOT PCM candidate /cvmfs/sw-nightlies.hsf.org/key4hep/releases/2025-12-21/x86_64-almalinux9-gcc14.2.0-opt/root/6.38.00-2jf5cm/lib/root/libROOTTMVASofie_rdict.pcm

TCling::LoadPCM       INFO In-memory ROOT PCM candidate /cvmfs/sw-nightlies.hsf.org/key4hep/releases/2025-12-21/x86_64-almalinux9-gcc14.2.0-opt/root/6.38.00-2jf5cm/lib/root/libROOTTPython_rdict.pcm

TCling::LoadPCM       INFO In-memory ROOT PCM candidate /cvmfs/sw-nightlies.hsf.org/key4hep/releases/2025-12-21/x86_64-almalinux9-gcc14.2.0-opt/root/6.38.00-2jf5cm/lib/root/libROOTTreeMap_rdict.pcm

TCling::LoadPCM       INFO In-memory ROOT PCM candidate /cvmfs/sw-nightlies.hsf.org/key4hep/releases/2025-12-21/x86_64-almalinux9-gcc14.2.0-opt/root/6.38.00-2jf5cm/lib/root/libROOTTreeViewer_rdict.pcm

TCling::LoadPCM       INFO In-memory ROOT PCM candidate /cvmfs/sw-nightlies.hsf.org/key4hep/releases/2025-12-21/x86_64-almalinux9-gcc14.2.0-opt/root/6.38.00-2jf5cm/lib/root/libROOTVecOps_rdict.pcm

TCling::LoadPCM       INFO In-memory ROOT PCM candidate /cvmfs/sw-nightlies.hsf.org/key4hep/releases/2025-12-21/x86_64-almalinux9-gcc14.2.0-opt/root/6.38.00-2jf5cm/lib/root/libROOTWebDisplay_rdict.pcm

TCling::LoadPCM       INFO In-memory ROOT PCM candidate /cvmfs/sw-nightlies.hsf.org/key4hep/releases/2025-12-21/x86_64-almalinux9-gcc14.2.0-opt/root/6.38.00-2jf5cm/lib/root/libRSQLite_rdict.pcm

TCling::LoadPCM       INFO In-memory ROOT PCM candidate /cvmfs/sw-nightlies.hsf.org/key4hep/releases/2025-12-21/x86_64-almalinux9-gcc14.2.0-opt/root/6.38.00-2jf5cm/lib/root/libRecorder_rdict.pcm

TCling::LoadPCM       INFO In-memory ROOT PCM candidate /cvmfs/sw-nightlies.hsf.org/key4hep/releases/2025-12-21/x86_64-almalinux9-gcc14.2.0-opt/root/6.38.00-2jf5cm/lib/root/libRooFitCodegen_rdict.pcm

TCling::LoadPCM       INFO In-memory ROOT PCM candidate /cvmfs/sw-nightlies.hsf.org/key4hep/releases/2025-12-21/x86_64-almalinux9-gcc14.2.0-opt/root/6.38.00-2jf5cm/lib/root/libRooFitCore_rdict.pcm

TCling::LoadPCM       INFO In-memory ROOT PCM candidate /cvmfs/sw-nightlies.hsf.org/key4hep/releases/2025-12-21/x86_64-almalinux9-gcc14.2.0-opt/root/6.38.00-2jf5cm/lib/root/libRooFitHS3_rdict.pcm

TCling::LoadPCM       INFO In-memory ROOT PCM candidate /cvmfs/sw-nightlies.hsf.org/key4hep/releases/2025-12-21/x86_64-almalinux9-gcc14.2.0-opt/root/6.38.00-2jf5cm/lib/root/libRooFitJSONInterface_rdict.pcm

TCling::LoadPCM       INFO In-memory ROOT PCM candidate /cvmfs/sw-nightlies.hsf.org/key4hep/releases/2025-12-21/x86_64-almalinux9-gcc14.2.0-opt/root/6.38.00-2jf5cm/lib/root/libRooFitMore_rdict.pcm

TCling::LoadPCM       INFO In-memory ROOT PCM candidate /cvmfs/sw-nightlies.hsf.org/key4hep/releases/2025-12-21/x86_64-almalinux9-gcc14.2.0-opt/root/6.38.00-2jf5cm/lib/root/libRooFitXRooFit_rdict.pcm

TCling::LoadPCM       INFO In-memory ROOT PCM candidate /cvmfs/sw-nightlies.hsf.org/key4hep/releases/2025-12-21/x86_64-almalinux9-gcc14.2.0-opt/root/6.38.00-2jf5cm/lib/root/libRooFit_rdict.pcm

TCling::LoadPCM       INFO In-memory ROOT PCM candidate /cvmfs/sw-nightlies.hsf.org/key4hep/releases/2025-12-21/x86_64-almalinux9-gcc14.2.0-opt/root/6.38.00-2jf5cm/lib/root/libRooStats_rdict.pcm

TCling::LoadPCM       INFO In-memory ROOT PCM candidate /cvmfs/sw-nightlies.hsf.org/key4hep/releases/2025-12-21/x86_64-almalinux9-gcc14.2.0-opt/root/6.38.00-2jf5cm/lib/root/libRootAuth_rdict.pcm

TCling::LoadPCM       INFO In-memory ROOT PCM candidate /cvmfs/sw-nightlies.hsf.org/key4hep/releases/2025-12-21/x86_64-almalinux9-gcc14.2.0-opt/root/6.38.00-2jf5cm/lib/root/libSPlot_rdict.pcm

TCling::LoadPCM       INFO In-memory ROOT PCM candidate /cvmfs/sw-nightlies.hsf.org/key4hep/releases/2025-12-21/x86_64-almalinux9-gcc14.2.0-opt/root/6.38.00-2jf5cm/lib/root/libSQLIO_rdict.pcm

TCling::LoadPCM       INFO In-memory ROOT PCM candidate /cvmfs/sw-nightlies.hsf.org/key4hep/releases/2025-12-21/x86_64-almalinux9-gcc14.2.0-opt/root/6.38.00-2jf5cm/lib/root/libSmatrix_G__Smatrix32_rdict.pcm

TCling::LoadPCM       INFO In-memory ROOT PCM candidate /cvmfs/sw-nightlies.hsf.org/key4hep/releases/2025-12-21/x86_64-almalinux9-gcc14.2.0-opt/root/6.38.00-2jf5cm/lib/root/libSmatrix_rdict.pcm

TCling::LoadPCM       INFO In-memory ROOT PCM candidate /cvmfs/sw-nightlies.hsf.org/key4hep/releases/2025-12-21/x86_64-almalinux9-gcc14.2.0-opt/root/6.38.00-2jf5cm/lib/root/libSpectrumPainter_rdict.pcm

TCling::LoadPCM       INFO In-memory ROOT PCM candidate /cvmfs/sw-nightlies.hsf.org/key4hep/releases/2025-12-21/x86_64-almalinux9-gcc14.2.0-opt/root/6.38.00-2jf5cm/lib/root/libSpectrum_rdict.pcm

TCling::LoadPCM       INFO In-memory ROOT PCM candidate /cvmfs/sw-nightlies.hsf.org/key4hep/releases/2025-12-21/x86_64-almalinux9-gcc14.2.0-opt/root/6.38.00-2jf5cm/lib/root/libTMVAGui_rdict.pcm

TCling::LoadPCM       INFO In-memory ROOT PCM candidate /cvmfs/sw-nightlies.hsf.org/key4hep/releases/2025-12-21/x86_64-almalinux9-gcc14.2.0-opt/root/6.38.00-2jf5cm/lib/root/libTMVAUtils_rdict.pcm

TCling::LoadPCM       INFO In-memory ROOT PCM candidate /cvmfs/sw-nightlies.hsf.org/key4hep/releases/2025-12-21/x86_64-almalinux9-gcc14.2.0-opt/root/6.38.00-2jf5cm/lib/root/libTMVA_rdict.pcm

TCling::LoadPCM       INFO In-memory ROOT PCM candidate /cvmfs/sw-nightlies.hsf.org/key4hep/releases/2025-12-21/x86_64-almalinux9-gcc14.2.0-opt/root/6.38.00-2jf5cm/lib/root/libTreePlayer_rdict.pcm

TCling::LoadPCM       INFO In-memory ROOT PCM candidate /cvmfs/sw-nightlies.hsf.org/key4hep/releases/2025-12-21/x86_64-almalinux9-gcc14.2.0-opt/root/6.38.00-2jf5cm/lib/root/libTreeViewer_rdict.pcm

TCling::LoadPCM       INFO In-memory ROOT PCM candidate /cvmfs/sw-nightlies.hsf.org/key4hep/releases/2025-12-21/x86_64-almalinux9-gcc14.2.0-opt/root/6.38.00-2jf5cm/lib/root/libTree_rdict.pcm

TCling::LoadPCM       INFO In-memory ROOT PCM candidate /cvmfs/sw-nightlies.hsf.org/key4hep/releases/2025-12-21/x86_64-almalinux9-gcc14.2.0-opt/root/6.38.00-2jf5cm/lib/root/libUnuran_rdict.pcm

TCling::LoadPCM       INFO In-memory ROOT PCM candidate /cvmfs/sw-nightlies.hsf.org/key4hep/releases/2025-12-21/x86_64-almalinux9-gcc14.2.0-opt/root/6.38.00-2jf5cm/lib/root/libWebGui6_rdict.pcm

TCling::LoadPCM       INFO In-memory ROOT PCM candidate /cvmfs/sw-nightlies.hsf.org/key4hep/releases/2025-12-21/x86_64-almalinux9-gcc14.2.0-opt/root/6.38.00-2jf5cm/lib/root/libX3d_rdict.pcm

TCling::LoadPCM       INFO In-memory ROOT PCM candidate /cvmfs/sw-nightlies.hsf.org/key4hep/releases/2025-12-21/x86_64-almalinux9-gcc14.2.0-opt/root/6.38.00-2jf5cm/lib/root/libXMLIO_rdict.pcm

TCling::LoadPCM       INFO In-memory ROOT PCM candidate /cvmfs/sw-nightlies.hsf.org/key4hep/releases/2025-12-21/x86_64-almalinux9-gcc14.2.0-opt/root/6.38.00-2jf5cm/lib/root/libXMLParser_rdict.pcm

TCling::LoadPCM      ERROR ROOT PCM /cvmfs/sw-nightlies.hsf.org/key4hep/releases/2025-12-21/x86_64-almalinux9-gcc14.2.0-opt/genfit/02-00-05-uvuy5c/lib64/libfittersRootDict_rdict.pcm file does not exist
TCling::LoadPCM       INFO In-memory ROOT PCM candidate /cvmfs/sw-nightlies.hsf.org/key4hep/releases/2025-12-21/x86_64-almalinux9-gcc14.2.0-opt/root/6.38.00-2jf5cm/lib/root/libASImageGui_rdict.pcm

TCling::LoadPCM       INFO In-memory ROOT PCM candidate /cvmfs/sw-nightlies.hsf.org/key4hep/releases/2025-12-21/x86_64-almalinux9-gcc14.2.0-opt/root/6.38.00-2jf5cm/lib/root/libASImage_rdict.pcm

TCling::LoadPCM       INFO In-memory ROOT PCM candidate /cvmfs/sw-nightlies.hsf.org/key4hep/releases/2025-12-21/x86_64-almalinux9-gcc14.2.0-opt/root/6.38.00-2jf5cm/lib/root/libEG_rdict.pcm

TCling::LoadPCM       INFO In-memory ROOT PCM candidate /cvmfs/sw-nightlies.hsf.org/key4hep/releases/2025-12-21/x86_64-almalinux9-gcc14.2.0-opt/root/6.38.00-2jf5cm/lib/root/libEve_rdict.pcm

TCling::LoadPCM       INFO In-memory ROOT PCM candidate /cvmfs/sw-nightlies.hsf.org/key4hep/releases/2025-12-21/x86_64-almalinux9-gcc14.2.0-opt/root/6.38.00-2jf5cm/lib/root/libFFTW_rdict.pcm

TCling::LoadPCM       INFO In-memory ROOT PCM candidate /cvmfs/sw-nightlies.hsf.org/key4hep/releases/2025-12-21/x86_64-almalinux9-gcc14.2.0-opt/root/6.38.00-2jf5cm/lib/root/libFitPanel_rdict.pcm

TCling::LoadPCM       INFO In-memory ROOT PCM candidate /cvmfs/sw-nightlies.hsf.org/key4hep/releases/2025-12-21/x86_64-almalinux9-gcc14.2.0-opt/root/6.38.00-2jf5cm/lib/root/libFoam_rdict.pcm

TCling::LoadPCM       INFO In-memory ROOT PCM candidate /cvmfs/sw-nightlies.hsf.org/key4hep/releases/2025-12-21/x86_64-almalinux9-gcc14.2.0-opt/root/6.38.00-2jf5cm/lib/root/libFumili_rdict.pcm

TCling::LoadPCM       INFO In-memory ROOT PCM candidate /cvmfs/sw-nightlies.hsf.org/key4hep/releases/2025-12-21/x86_64-almalinux9-gcc14.2.0-opt/root/6.38.00-2jf5cm/lib/root/libGX11TTF_rdict.pcm

TCling::LoadPCM       INFO In-memory ROOT PCM candidate /cvmfs/sw-nightlies.hsf.org/key4hep/releases/2025-12-21/x86_64-almalinux9-gcc14.2.0-opt/root/6.38.00-2jf5cm/lib/root/libGX11_rdict.pcm

TCling::LoadPCM       INFO In-memory ROOT PCM candidate /cvmfs/sw-nightlies.hsf.org/key4hep/releases/2025-12-21/x86_64-almalinux9-gcc14.2.0-opt/root/6.38.00-2jf5cm/lib/root/libGdml_rdict.pcm

TCling::LoadPCM       INFO In-memory ROOT PCM candidate /cvmfs/sw-nightlies.hsf.org/key4hep/releases/2025-12-21/x86_64-almalinux9-gcc14.2.0-opt/root/6.38.00-2jf5cm/lib/root/libGed_rdict.pcm

TCling::LoadPCM       INFO In-memory ROOT PCM candidate /cvmfs/sw-nightlies.hsf.org/key4hep/releases/2025-12-21/x86_64-almalinux9-gcc14.2.0-opt/root/6.38.00-2jf5cm/lib/root/libGenVector_G__GenVector32_rdict.pcm

TCling::LoadPCM       INFO In-memory ROOT PCM candidate /cvmfs/sw-nightlies.hsf.org/key4hep/releases/2025-12-21/x86_64-almalinux9-gcc14.2.0-opt/root/6.38.00-2jf5cm/lib/root/libGenVector_rdict.pcm

TCling::LoadPCM       INFO In-memory ROOT PCM candidate /cvmfs/sw-nightlies.hsf.org/key4hep/releases/2025-12-21/x86_64-almalinux9-gcc14.2.0-opt/root/6.38.00-2jf5cm/lib/root/libGenetic_rdict.pcm

TCling::LoadPCM       INFO In-memory ROOT PCM candidate /cvmfs/sw-nightlies.hsf.org/key4hep/releases/2025-12-21/x86_64-almalinux9-gcc14.2.0-opt/root/6.38.00-2jf5cm/lib/root/libGeomChecker_rdict.pcm

TCling::LoadPCM       INFO In-memory ROOT PCM candidate /cvmfs/sw-nightlies.hsf.org/key4hep/releases/2025-12-21/x86_64-almalinux9-gcc14.2.0-opt/root/6.38.00-2jf5cm/lib/root/libGeomPainter_rdict.pcm

TCling::LoadPCM       INFO In-memory ROOT PCM candidate /cvmfs/sw-nightlies.hsf.org/key4hep/releases/2025-12-21/x86_64-almalinux9-gcc14.2.0-opt/root/6.38.00-2jf5cm/lib/root/libGeom_rdict.pcm

TCling::LoadPCM       INFO In-memory ROOT PCM candidate /cvmfs/sw-nightlies.hsf.org/key4hep/releases/2025-12-21/x86_64-almalinux9-gcc14.2.0-opt/root/6.38.00-2jf5cm/lib/root/libGpad_rdict.pcm

TCling::LoadPCM       INFO In-memory ROOT PCM candidate /cvmfs/sw-nightlies.hsf.org/key4hep/releases/2025-12-21/x86_64-almalinux9-gcc14.2.0-opt/root/6.38.00-2jf5cm/lib/root/libGraf3d_rdict.pcm

TCling::LoadPCM       INFO In-memory ROOT PCM candidate /cvmfs/sw-nightlies.hsf.org/key4hep/releases/2025-12-21/x86_64-almalinux9-gcc14.2.0-opt/root/6.38.00-2jf5cm/lib/root/libGraf_rdict.pcm

TCling::LoadPCM       INFO In-memory ROOT PCM candidate /cvmfs/sw-nightlies.hsf.org/key4hep/releases/2025-12-21/x86_64-almalinux9-gcc14.2.0-opt/root/6.38.00-2jf5cm/lib/root/libGuiBld_rdict.pcm

TCling::LoadPCM       INFO In-memory ROOT PCM candidate /cvmfs/sw-nightlies.hsf.org/key4hep/releases/2025-12-21/x86_64-almalinux9-gcc14.2.0-opt/root/6.38.00-2jf5cm/lib/root/libGuiHtml_rdict.pcm

TCling::LoadPCM       INFO In-memory ROOT PCM candidate /cvmfs/sw-nightlies.hsf.org/key4hep/releases/2025-12-21/x86_64-almalinux9-gcc14.2.0-opt/root/6.38.00-2jf5cm/lib/root/libGui_rdict.pcm

TCling::LoadPCM       INFO In-memory ROOT PCM candidate /cvmfs/sw-nightlies.hsf.org/key4hep/releases/2025-12-21/x86_64-almalinux9-gcc14.2.0-opt/root/6.38.00-2jf5cm/lib/root/libGviz3d_rdict.pcm

TCling::LoadPCM       INFO In-memory ROOT PCM candidate /cvmfs/sw-nightlies.hsf.org/key4hep/releases/2025-12-21/x86_64-almalinux9-gcc14.2.0-opt/root/6.38.00-2jf5cm/lib/root/libHistFactory_rdict.pcm

TCling::LoadPCM       INFO In-memory ROOT PCM candidate /cvmfs/sw-nightlies.hsf.org/key4hep/releases/2025-12-21/x86_64-almalinux9-gcc14.2.0-opt/root/6.38.00-2jf5cm/lib/root/libHistPainter_rdict.pcm

TCling::LoadPCM       INFO In-memory ROOT PCM candidate /cvmfs/sw-nightlies.hsf.org/key4hep/releases/2025-12-21/x86_64-almalinux9-gcc14.2.0-opt/root/6.38.00-2jf5cm/lib/root/libHist_rdict.pcm

TCling::LoadPCM       INFO In-memory ROOT PCM candidate /cvmfs/sw-nightlies.hsf.org/key4hep/releases/2025-12-21/x86_64-almalinux9-gcc14.2.0-opt/root/6.38.00-2jf5cm/lib/root/libMLP_rdict.pcm

TCling::LoadPCM       INFO In-memory ROOT PCM candidate /cvmfs/sw-nightlies.hsf.org/key4hep/releases/2025-12-21/x86_64-almalinux9-gcc14.2.0-opt/root/6.38.00-2jf5cm/lib/root/libMathCore_rdict.pcm

TCling::LoadPCM       INFO In-memory ROOT PCM candidate /cvmfs/sw-nightlies.hsf.org/key4hep/releases/2025-12-21/x86_64-almalinux9-gcc14.2.0-opt/root/6.38.00-2jf5cm/lib/root/libMathMore_rdict.pcm

TCling::LoadPCM       INFO In-memory ROOT PCM candidate /cvmfs/sw-nightlies.hsf.org/key4hep/releases/2025-12-21/x86_64-almalinux9-gcc14.2.0-opt/root/6.38.00-2jf5cm/lib/root/libMatrix_rdict.pcm

TCling::LoadPCM       INFO In-memory ROOT PCM candidate /cvmfs/sw-nightlies.hsf.org/key4hep/releases/2025-12-21/x86_64-almalinux9-gcc14.2.0-opt/root/6.38.00-2jf5cm/lib/root/libMinuit2_rdict.pcm

TCling::LoadPCM       INFO In-memory ROOT PCM candidate /cvmfs/sw-nightlies.hsf.org/key4hep/releases/2025-12-21/x86_64-almalinux9-gcc14.2.0-opt/root/6.38.00-2jf5cm/lib/root/libMinuit_rdict.pcm

TCling::LoadPCM       INFO In-memory ROOT PCM candidate /cvmfs/sw-nightlies.hsf.org/key4hep/releases/2025-12-21/x86_64-almalinux9-gcc14.2.0-opt/root/6.38.00-2jf5cm/lib/root/libNet_rdict.pcm

TCling::LoadPCM       INFO In-memory ROOT PCM candidate /cvmfs/sw-nightlies.hsf.org/key4hep/releases/2025-12-21/x86_64-almalinux9-gcc14.2.0-opt/root/6.38.00-2jf5cm/lib/root/libNetxNG_rdict.pcm

TCling::LoadPCM       INFO In-memory ROOT PCM candidate /cvmfs/sw-nightlies.hsf.org/key4hep/releases/2025-12-21/x86_64-almalinux9-gcc14.2.0-opt/root/6.38.00-2jf5cm/lib/root/libPhysics_rdict.pcm

TCling::LoadPCM       INFO In-memory ROOT PCM candidate /cvmfs/sw-nightlies.hsf.org/key4hep/releases/2025-12-21/x86_64-almalinux9-gcc14.2.0-opt/root/6.38.00-2jf5cm/lib/root/libPostscript_rdict.pcm

TCling::LoadPCM       INFO In-memory ROOT PCM candidate /cvmfs/sw-nightlies.hsf.org/key4hep/releases/2025-12-21/x86_64-almalinux9-gcc14.2.0-opt/root/6.38.00-2jf5cm/lib/root/libQuadp_rdict.pcm

TCling::LoadPCM       INFO In-memory ROOT PCM candidate /cvmfs/sw-nightlies.hsf.org/key4hep/releases/2025-12-21/x86_64-almalinux9-gcc14.2.0-opt/root/6.38.00-2jf5cm/lib/root/libRCsg_rdict.pcm

TCling::LoadPCM       INFO In-memory ROOT PCM candidate /cvmfs/sw-nightlies.hsf.org/key4hep/releases/2025-12-21/x86_64-almalinux9-gcc14.2.0-opt/root/6.38.00-2jf5cm/lib/root/libRDAVIX_rdict.pcm

TCling::LoadPCM       INFO In-memory ROOT PCM candidate /cvmfs/sw-nightlies.hsf.org/key4hep/releases/2025-12-21/x86_64-almalinux9-gcc14.2.0-opt/root/6.38.00-2jf5cm/lib/root/libRGL_rdict.pcm

TCling::LoadPCM       INFO In-memory ROOT PCM candidate /cvmfs/sw-nightlies.hsf.org/key4hep/releases/2025-12-21/x86_64-almalinux9-gcc14.2.0-opt/root/6.38.00-2jf5cm/lib/root/libRHTTPSniff_rdict.pcm

TCling::LoadPCM       INFO In-memory ROOT PCM candidate /cvmfs/sw-nightlies.hsf.org/key4hep/releases/2025-12-21/x86_64-almalinux9-gcc14.2.0-opt/root/6.38.00-2jf5cm/lib/root/libRHTTP_rdict.pcm

TCling::LoadPCM       INFO In-memory ROOT PCM candidate /cvmfs/sw-nightlies.hsf.org/key4hep/releases/2025-12-21/x86_64-almalinux9-gcc14.2.0-opt/root/6.38.00-2jf5cm/lib/root/libROOTBrowsable_rdict.pcm

TCling::LoadPCM       INFO In-memory ROOT PCM candidate /cvmfs/sw-nightlies.hsf.org/key4hep/releases/2025-12-21/x86_64-almalinux9-gcc14.2.0-opt/root/6.38.00-2jf5cm/lib/root/libROOTBrowserv7_rdict.pcm

TCling::LoadPCM       INFO In-memory ROOT PCM candidate /cvmfs/sw-nightlies.hsf.org/key4hep/releases/2025-12-21/x86_64-almalinux9-gcc14.2.0-opt/root/6.38.00-2jf5cm/lib/root/libROOTDataFrame_rdict.pcm

TCling::LoadPCM       INFO In-memory ROOT PCM candidate /cvmfs/sw-nightlies.hsf.org/key4hep/releases/2025-12-21/x86_64-almalinux9-gcc14.2.0-opt/root/6.38.00-2jf5cm/lib/root/libROOTEve_rdict.pcm

TCling::LoadPCM       INFO In-memory ROOT PCM candidate /cvmfs/sw-nightlies.hsf.org/key4hep/releases/2025-12-21/x86_64-almalinux9-gcc14.2.0-opt/root/6.38.00-2jf5cm/lib/root/libROOTFitPanelv7_rdict.pcm

TCling::LoadPCM       INFO In-memory ROOT PCM candidate /cvmfs/sw-nightlies.hsf.org/key4hep/releases/2025-12-21/x86_64-almalinux9-gcc14.2.0-opt/root/6.38.00-2jf5cm/lib/root/libROOTGeomViewer_rdict.pcm

TCling::LoadPCM       INFO In-memory ROOT PCM candidate /cvmfs/sw-nightlies.hsf.org/key4hep/releases/2025-12-21/x86_64-almalinux9-gcc14.2.0-opt/root/6.38.00-2jf5cm/lib/root/libROOTGpadv7_rdict.pcm

TCling::LoadPCM       INFO In-memory ROOT PCM candidate /cvmfs/sw-nightlies.hsf.org/key4hep/releases/2025-12-21/x86_64-almalinux9-gcc14.2.0-opt/root/6.38.00-2jf5cm/lib/root/libROOTGraphicsPrimitives_rdict.pcm

TCling::LoadPCM       INFO In-memory ROOT PCM candidate /cvmfs/sw-nightlies.hsf.org/key4hep/releases/2025-12-21/x86_64-almalinux9-gcc14.2.0-opt/root/6.38.00-2jf5cm/lib/root/libROOTHist_rdict.pcm

TCling::LoadPCM       INFO In-memory ROOT PCM candidate /cvmfs/sw-nightlies.hsf.org/key4hep/releases/2025-12-21/x86_64-almalinux9-gcc14.2.0-opt/root/6.38.00-2jf5cm/lib/root/libROOTNTupleBrowse_rdict.pcm

TCling::LoadPCM       INFO In-memory ROOT PCM candidate /cvmfs/sw-nightlies.hsf.org/key4hep/releases/2025-12-21/x86_64-almalinux9-gcc14.2.0-opt/root/6.38.00-2jf5cm/lib/root/libROOTNTupleUtil_rdict.pcm

TCling::LoadPCM       INFO In-memory ROOT PCM candidate /cvmfs/sw-nightlies.hsf.org/key4hep/releases/2025-12-21/x86_64-almalinux9-gcc14.2.0-opt/root/6.38.00-2jf5cm/lib/root/libROOTNTuple_rdict.pcm

TCling::LoadPCM       INFO In-memory ROOT PCM candidate /cvmfs/sw-nightlies.hsf.org/key4hep/releases/2025-12-21/x86_64-almalinux9-gcc14.2.0-opt/root/6.38.00-2jf5cm/lib/root/libROOTTMVASofie_rdict.pcm

TCling::LoadPCM       INFO In-memory ROOT PCM candidate /cvmfs/sw-nightlies.hsf.org/key4hep/releases/2025-12-21/x86_64-almalinux9-gcc14.2.0-opt/root/6.38.00-2jf5cm/lib/root/libROOTTPython_rdict.pcm

TCling::LoadPCM       INFO In-memory ROOT PCM candidate /cvmfs/sw-nightlies.hsf.org/key4hep/releases/2025-12-21/x86_64-almalinux9-gcc14.2.0-opt/root/6.38.00-2jf5cm/lib/root/libROOTTreeMap_rdict.pcm

TCling::LoadPCM       INFO In-memory ROOT PCM candidate /cvmfs/sw-nightlies.hsf.org/key4hep/releases/2025-12-21/x86_64-almalinux9-gcc14.2.0-opt/root/6.38.00-2jf5cm/lib/root/libROOTTreeViewer_rdict.pcm

TCling::LoadPCM       INFO In-memory ROOT PCM candidate /cvmfs/sw-nightlies.hsf.org/key4hep/releases/2025-12-21/x86_64-almalinux9-gcc14.2.0-opt/root/6.38.00-2jf5cm/lib/root/libROOTVecOps_rdict.pcm

TCling::LoadPCM       INFO In-memory ROOT PCM candidate /cvmfs/sw-nightlies.hsf.org/key4hep/releases/2025-12-21/x86_64-almalinux9-gcc14.2.0-opt/root/6.38.00-2jf5cm/lib/root/libROOTWebDisplay_rdict.pcm

TCling::LoadPCM       INFO In-memory ROOT PCM candidate /cvmfs/sw-nightlies.hsf.org/key4hep/releases/2025-12-21/x86_64-almalinux9-gcc14.2.0-opt/root/6.38.00-2jf5cm/lib/root/libRSQLite_rdict.pcm

TCling::LoadPCM       INFO In-memory ROOT PCM candidate /cvmfs/sw-nightlies.hsf.org/key4hep/releases/2025-12-21/x86_64-almalinux9-gcc14.2.0-opt/root/6.38.00-2jf5cm/lib/root/libRecorder_rdict.pcm

TCling::LoadPCM       INFO In-memory ROOT PCM candidate /cvmfs/sw-nightlies.hsf.org/key4hep/releases/2025-12-21/x86_64-almalinux9-gcc14.2.0-opt/root/6.38.00-2jf5cm/lib/root/libRooFitCodegen_rdict.pcm

TCling::LoadPCM       INFO In-memory ROOT PCM candidate /cvmfs/sw-nightlies.hsf.org/key4hep/releases/2025-12-21/x86_64-almalinux9-gcc14.2.0-opt/root/6.38.00-2jf5cm/lib/root/libRooFitCore_rdict.pcm

TCling::LoadPCM       INFO In-memory ROOT PCM candidate /cvmfs/sw-nightlies.hsf.org/key4hep/releases/2025-12-21/x86_64-almalinux9-gcc14.2.0-opt/root/6.38.00-2jf5cm/lib/root/libRooFitHS3_rdict.pcm

TCling::LoadPCM       INFO In-memory ROOT PCM candidate /cvmfs/sw-nightlies.hsf.org/key4hep/releases/2025-12-21/x86_64-almalinux9-gcc14.2.0-opt/root/6.38.00-2jf5cm/lib/root/libRooFitJSONInterface_rdict.pcm

TCling::LoadPCM       INFO In-memory ROOT PCM candidate /cvmfs/sw-nightlies.hsf.org/key4hep/releases/2025-12-21/x86_64-almalinux9-gcc14.2.0-opt/root/6.38.00-2jf5cm/lib/root/libRooFitMore_rdict.pcm

TCling::LoadPCM       INFO In-memory ROOT PCM candidate /cvmfs/sw-nightlies.hsf.org/key4hep/releases/2025-12-21/x86_64-almalinux9-gcc14.2.0-opt/root/6.38.00-2jf5cm/lib/root/libRooFitXRooFit_rdict.pcm

TCling::LoadPCM       INFO In-memory ROOT PCM candidate /cvmfs/sw-nightlies.hsf.org/key4hep/releases/2025-12-21/x86_64-almalinux9-gcc14.2.0-opt/root/6.38.00-2jf5cm/lib/root/libRooFit_rdict.pcm

TCling::LoadPCM       INFO In-memory ROOT PCM candidate /cvmfs/sw-nightlies.hsf.org/key4hep/releases/2025-12-21/x86_64-almalinux9-gcc14.2.0-opt/root/6.38.00-2jf5cm/lib/root/libRooStats_rdict.pcm

TCling::LoadPCM       INFO In-memory ROOT PCM candidate /cvmfs/sw-nightlies.hsf.org/key4hep/releases/2025-12-21/x86_64-almalinux9-gcc14.2.0-opt/root/6.38.00-2jf5cm/lib/root/libRootAuth_rdict.pcm

TCling::LoadPCM       INFO In-memory ROOT PCM candidate /cvmfs/sw-nightlies.hsf.org/key4hep/releases/2025-12-21/x86_64-almalinux9-gcc14.2.0-opt/root/6.38.00-2jf5cm/lib/root/libSPlot_rdict.pcm

TCling::LoadPCM       INFO In-memory ROOT PCM candidate /cvmfs/sw-nightlies.hsf.org/key4hep/releases/2025-12-21/x86_64-almalinux9-gcc14.2.0-opt/root/6.38.00-2jf5cm/lib/root/libSQLIO_rdict.pcm

TCling::LoadPCM       INFO In-memory ROOT PCM candidate /cvmfs/sw-nightlies.hsf.org/key4hep/releases/2025-12-21/x86_64-almalinux9-gcc14.2.0-opt/root/6.38.00-2jf5cm/lib/root/libSmatrix_G__Smatrix32_rdict.pcm

TCling::LoadPCM       INFO In-memory ROOT PCM candidate /cvmfs/sw-nightlies.hsf.org/key4hep/releases/2025-12-21/x86_64-almalinux9-gcc14.2.0-opt/root/6.38.00-2jf5cm/lib/root/libSmatrix_rdict.pcm

TCling::LoadPCM       INFO In-memory ROOT PCM candidate /cvmfs/sw-nightlies.hsf.org/key4hep/releases/2025-12-21/x86_64-almalinux9-gcc14.2.0-opt/root/6.38.00-2jf5cm/lib/root/libSpectrumPainter_rdict.pcm

TCling::LoadPCM       INFO In-memory ROOT PCM candidate /cvmfs/sw-nightlies.hsf.org/key4hep/releases/2025-12-21/x86_64-almalinux9-gcc14.2.0-opt/root/6.38.00-2jf5cm/lib/root/libSpectrum_rdict.pcm

TCling::LoadPCM       INFO In-memory ROOT PCM candidate /cvmfs/sw-nightlies.hsf.org/key4hep/releases/2025-12-21/x86_64-almalinux9-gcc14.2.0-opt/root/6.38.00-2jf5cm/lib/root/libTMVAGui_rdict.pcm

TCling::LoadPCM       INFO In-memory ROOT PCM candidate /cvmfs/sw-nightlies.hsf.org/key4hep/releases/2025-12-21/x86_64-almalinux9-gcc14.2.0-opt/root/6.38.00-2jf5cm/lib/root/libTMVAUtils_rdict.pcm

TCling::LoadPCM       INFO In-memory ROOT PCM candidate /cvmfs/sw-nightlies.hsf.org/key4hep/releases/2025-12-21/x86_64-almalinux9-gcc14.2.0-opt/root/6.38.00-2jf5cm/lib/root/libTMVA_rdict.pcm

TCling::LoadPCM       INFO In-memory ROOT PCM candidate /cvmfs/sw-nightlies.hsf.org/key4hep/releases/2025-12-21/x86_64-almalinux9-gcc14.2.0-opt/root/6.38.00-2jf5cm/lib/root/libTreePlayer_rdict.pcm

TCling::LoadPCM       INFO In-memory ROOT PCM candidate /cvmfs/sw-nightlies.hsf.org/key4hep/releases/2025-12-21/x86_64-almalinux9-gcc14.2.0-opt/root/6.38.00-2jf5cm/lib/root/libTreeViewer_rdict.pcm

TCling::LoadPCM       INFO In-memory ROOT PCM candidate /cvmfs/sw-nightlies.hsf.org/key4hep/releases/2025-12-21/x86_64-almalinux9-gcc14.2.0-opt/root/6.38.00-2jf5cm/lib/root/libTree_rdict.pcm

TCling::LoadPCM       INFO In-memory ROOT PCM candidate /cvmfs/sw-nightlies.hsf.org/key4hep/releases/2025-12-21/x86_64-almalinux9-gcc14.2.0-opt/root/6.38.00-2jf5cm/lib/root/libUnuran_rdict.pcm

TCling::LoadPCM       INFO In-memory ROOT PCM candidate /cvmfs/sw-nightlies.hsf.org/key4hep/releases/2025-12-21/x86_64-almalinux9-gcc14.2.0-opt/root/6.38.00-2jf5cm/lib/root/libWebGui6_rdict.pcm

TCling::LoadPCM       INFO In-memory ROOT PCM candidate /cvmfs/sw-nightlies.hsf.org/key4hep/releases/2025-12-21/x86_64-almalinux9-gcc14.2.0-opt/root/6.38.00-2jf5cm/lib/root/libX3d_rdict.pcm

TCling::LoadPCM       INFO In-memory ROOT PCM candidate /cvmfs/sw-nightlies.hsf.org/key4hep/releases/2025-12-21/x86_64-almalinux9-gcc14.2.0-opt/root/6.38.00-2jf5cm/lib/root/libXMLIO_rdict.pcm

TCling::LoadPCM       INFO In-memory ROOT PCM candidate /cvmfs/sw-nightlies.hsf.org/key4hep/releases/2025-12-21/x86_64-almalinux9-gcc14.2.0-opt/root/6.38.00-2jf5cm/lib/root/libXMLParser_rdict.pcm

TCling::LoadPCM      ERROR ROOT PCM /cvmfs/sw-nightlies.hsf.org/key4hep/releases/2025-12-21/x86_64-almalinux9-gcc14.2.0-opt/genfit/02-00-05-uvuy5c/lib64/libeventDisplayRootDict_rdict.pcm file does not exist
TCling::LoadPCM       INFO In-memory ROOT PCM candidate /cvmfs/sw-nightlies.hsf.org/key4hep/releases/2025-12-21/x86_64-almalinux9-gcc14.2.0-opt/root/6.38.00-2jf5cm/lib/root/libASImageGui_rdict.pcm

TCling::LoadPCM       INFO In-memory ROOT PCM candidate /cvmfs/sw-nightlies.hsf.org/key4hep/releases/2025-12-21/x86_64-almalinux9-gcc14.2.0-opt/root/6.38.00-2jf5cm/lib/root/libASImage_rdict.pcm

TCling::LoadPCM       INFO In-memory ROOT PCM candidate /cvmfs/sw-nightlies.hsf.org/key4hep/releases/2025-12-21/x86_64-almalinux9-gcc14.2.0-opt/root/6.38.00-2jf5cm/lib/root/libEG_rdict.pcm

TCling::LoadPCM       INFO In-memory ROOT PCM candidate /cvmfs/sw-nightlies.hsf.org/key4hep/releases/2025-12-21/x86_64-almalinux9-gcc14.2.0-opt/root/6.38.00-2jf5cm/lib/root/libEve_rdict.pcm

TCling::LoadPCM       INFO In-memory ROOT PCM candidate /cvmfs/sw-nightlies.hsf.org/key4hep/releases/2025-12-21/x86_64-almalinux9-gcc14.2.0-opt/root/6.38.00-2jf5cm/lib/root/libFFTW_rdict.pcm

TCling::LoadPCM       INFO In-memory ROOT PCM candidate /cvmfs/sw-nightlies.hsf.org/key4hep/releases/2025-12-21/x86_64-almalinux9-gcc14.2.0-opt/root/6.38.00-2jf5cm/lib/root/libFitPanel_rdict.pcm

TCling::LoadPCM       INFO In-memory ROOT PCM candidate /cvmfs/sw-nightlies.hsf.org/key4hep/releases/2025-12-21/x86_64-almalinux9-gcc14.2.0-opt/root/6.38.00-2jf5cm/lib/root/libFoam_rdict.pcm

TCling::LoadPCM       INFO In-memory ROOT PCM candidate /cvmfs/sw-nightlies.hsf.org/key4hep/releases/2025-12-21/x86_64-almalinux9-gcc14.2.0-opt/root/6.38.00-2jf5cm/lib/root/libFumili_rdict.pcm

TCling::LoadPCM       INFO In-memory ROOT PCM candidate /cvmfs/sw-nightlies.hsf.org/key4hep/releases/2025-12-21/x86_64-almalinux9-gcc14.2.0-opt/root/6.38.00-2jf5cm/lib/root/libGX11TTF_rdict.pcm

TCling::LoadPCM       INFO In-memory ROOT PCM candidate /cvmfs/sw-nightlies.hsf.org/key4hep/releases/2025-12-21/x86_64-almalinux9-gcc14.2.0-opt/root/6.38.00-2jf5cm/lib/root/libGX11_rdict.pcm

TCling::LoadPCM       INFO In-memory ROOT PCM candidate /cvmfs/sw-nightlies.hsf.org/key4hep/releases/2025-12-21/x86_64-almalinux9-gcc14.2.0-opt/root/6.38.00-2jf5cm/lib/root/libGdml_rdict.pcm

TCling::LoadPCM       INFO In-memory ROOT PCM candidate /cvmfs/sw-nightlies.hsf.org/key4hep/releases/2025-12-21/x86_64-almalinux9-gcc14.2.0-opt/root/6.38.00-2jf5cm/lib/root/libGed_rdict.pcm

TCling::LoadPCM       INFO In-memory ROOT PCM candidate /cvmfs/sw-nightlies.hsf.org/key4hep/releases/2025-12-21/x86_64-almalinux9-gcc14.2.0-opt/root/6.38.00-2jf5cm/lib/root/libGenVector_G__GenVector32_rdict.pcm

TCling::LoadPCM       INFO In-memory ROOT PCM candidate /cvmfs/sw-nightlies.hsf.org/key4hep/releases/2025-12-21/x86_64-almalinux9-gcc14.2.0-opt/root/6.38.00-2jf5cm/lib/root/libGenVector_rdict.pcm

TCling::LoadPCM       INFO In-memory ROOT PCM candidate /cvmfs/sw-nightlies.hsf.org/key4hep/releases/2025-12-21/x86_64-almalinux9-gcc14.2.0-opt/root/6.38.00-2jf5cm/lib/root/libGenetic_rdict.pcm

TCling::LoadPCM       INFO In-memory ROOT PCM candidate /cvmfs/sw-nightlies.hsf.org/key4hep/releases/2025-12-21/x86_64-almalinux9-gcc14.2.0-opt/root/6.38.00-2jf5cm/lib/root/libGeomChecker_rdict.pcm

TCling::LoadPCM       INFO In-memory ROOT PCM candidate /cvmfs/sw-nightlies.hsf.org/key4hep/releases/2025-12-21/x86_64-almalinux9-gcc14.2.0-opt/root/6.38.00-2jf5cm/lib/root/libGeomPainter_rdict.pcm

TCling::LoadPCM       INFO In-memory ROOT PCM candidate /cvmfs/sw-nightlies.hsf.org/key4hep/releases/2025-12-21/x86_64-almalinux9-gcc14.2.0-opt/root/6.38.00-2jf5cm/lib/root/libGeom_rdict.pcm

TCling::LoadPCM       INFO In-memory ROOT PCM candidate /cvmfs/sw-nightlies.hsf.org/key4hep/releases/2025-12-21/x86_64-almalinux9-gcc14.2.0-opt/root/6.38.00-2jf5cm/lib/root/libGpad_rdict.pcm

TCling::LoadPCM       INFO In-memory ROOT PCM candidate /cvmfs/sw-nightlies.hsf.org/key4hep/releases/2025-12-21/x86_64-almalinux9-gcc14.2.0-opt/root/6.38.00-2jf5cm/lib/root/libGraf3d_rdict.pcm

TCling::LoadPCM       INFO In-memory ROOT PCM candidate /cvmfs/sw-nightlies.hsf.org/key4hep/releases/2025-12-21/x86_64-almalinux9-gcc14.2.0-opt/root/6.38.00-2jf5cm/lib/root/libGraf_rdict.pcm

TCling::LoadPCM       INFO In-memory ROOT PCM candidate /cvmfs/sw-nightlies.hsf.org/key4hep/releases/2025-12-21/x86_64-almalinux9-gcc14.2.0-opt/root/6.38.00-2jf5cm/lib/root/libGuiBld_rdict.pcm

TCling::LoadPCM       INFO In-memory ROOT PCM candidate /cvmfs/sw-nightlies.hsf.org/key4hep/releases/2025-12-21/x86_64-almalinux9-gcc14.2.0-opt/root/6.38.00-2jf5cm/lib/root/libGuiHtml_rdict.pcm

TCling::LoadPCM       INFO In-memory ROOT PCM candidate /cvmfs/sw-nightlies.hsf.org/key4hep/releases/2025-12-21/x86_64-almalinux9-gcc14.2.0-opt/root/6.38.00-2jf5cm/lib/root/libGui_rdict.pcm

TCling::LoadPCM       INFO In-memory ROOT PCM candidate /cvmfs/sw-nightlies.hsf.org/key4hep/releases/2025-12-21/x86_64-almalinux9-gcc14.2.0-opt/root/6.38.00-2jf5cm/lib/root/libGviz3d_rdict.pcm

TCling::LoadPCM       INFO In-memory ROOT PCM candidate /cvmfs/sw-nightlies.hsf.org/key4hep/releases/2025-12-21/x86_64-almalinux9-gcc14.2.0-opt/root/6.38.00-2jf5cm/lib/root/libHistFactory_rdict.pcm

TCling::LoadPCM       INFO In-memory ROOT PCM candidate /cvmfs/sw-nightlies.hsf.org/key4hep/releases/2025-12-21/x86_64-almalinux9-gcc14.2.0-opt/root/6.38.00-2jf5cm/lib/root/libHistPainter_rdict.pcm

TCling::LoadPCM       INFO In-memory ROOT PCM candidate /cvmfs/sw-nightlies.hsf.org/key4hep/releases/2025-12-21/x86_64-almalinux9-gcc14.2.0-opt/root/6.38.00-2jf5cm/lib/root/libHist_rdict.pcm

TCling::LoadPCM       INFO In-memory ROOT PCM candidate /cvmfs/sw-nightlies.hsf.org/key4hep/releases/2025-12-21/x86_64-almalinux9-gcc14.2.0-opt/root/6.38.00-2jf5cm/lib/root/libMLP_rdict.pcm

TCling::LoadPCM       INFO In-memory ROOT PCM candidate /cvmfs/sw-nightlies.hsf.org/key4hep/releases/2025-12-21/x86_64-almalinux9-gcc14.2.0-opt/root/6.38.00-2jf5cm/lib/root/libMathCore_rdict.pcm

TCling::LoadPCM       INFO In-memory ROOT PCM candidate /cvmfs/sw-nightlies.hsf.org/key4hep/releases/2025-12-21/x86_64-almalinux9-gcc14.2.0-opt/root/6.38.00-2jf5cm/lib/root/libMathMore_rdict.pcm

TCling::LoadPCM       INFO In-memory ROOT PCM candidate /cvmfs/sw-nightlies.hsf.org/key4hep/releases/2025-12-21/x86_64-almalinux9-gcc14.2.0-opt/root/6.38.00-2jf5cm/lib/root/libMatrix_rdict.pcm

TCling::LoadPCM       INFO In-memory ROOT PCM candidate /cvmfs/sw-nightlies.hsf.org/key4hep/releases/2025-12-21/x86_64-almalinux9-gcc14.2.0-opt/root/6.38.00-2jf5cm/lib/root/libMinuit2_rdict.pcm

TCling::LoadPCM       INFO In-memory ROOT PCM candidate /cvmfs/sw-nightlies.hsf.org/key4hep/releases/2025-12-21/x86_64-almalinux9-gcc14.2.0-opt/root/6.38.00-2jf5cm/lib/root/libMinuit_rdict.pcm

TCling::LoadPCM       INFO In-memory ROOT PCM candidate /cvmfs/sw-nightlies.hsf.org/key4hep/releases/2025-12-21/x86_64-almalinux9-gcc14.2.0-opt/root/6.38.00-2jf5cm/lib/root/libNet_rdict.pcm

TCling::LoadPCM       INFO In-memory ROOT PCM candidate /cvmfs/sw-nightlies.hsf.org/key4hep/releases/2025-12-21/x86_64-almalinux9-gcc14.2.0-opt/root/6.38.00-2jf5cm/lib/root/libNetxNG_rdict.pcm

TCling::LoadPCM       INFO In-memory ROOT PCM candidate /cvmfs/sw-nightlies.hsf.org/key4hep/releases/2025-12-21/x86_64-almalinux9-gcc14.2.0-opt/root/6.38.00-2jf5cm/lib/root/libPhysics_rdict.pcm

TCling::LoadPCM       INFO In-memory ROOT PCM candidate /cvmfs/sw-nightlies.hsf.org/key4hep/releases/2025-12-21/x86_64-almalinux9-gcc14.2.0-opt/root/6.38.00-2jf5cm/lib/root/libPostscript_rdict.pcm

TCling::LoadPCM       INFO In-memory ROOT PCM candidate /cvmfs/sw-nightlies.hsf.org/key4hep/releases/2025-12-21/x86_64-almalinux9-gcc14.2.0-opt/root/6.38.00-2jf5cm/lib/root/libQuadp_rdict.pcm

TCling::LoadPCM       INFO In-memory ROOT PCM candidate /cvmfs/sw-nightlies.hsf.org/key4hep/releases/2025-12-21/x86_64-almalinux9-gcc14.2.0-opt/root/6.38.00-2jf5cm/lib/root/libRCsg_rdict.pcm

TCling::LoadPCM       INFO In-memory ROOT PCM candidate /cvmfs/sw-nightlies.hsf.org/key4hep/releases/2025-12-21/x86_64-almalinux9-gcc14.2.0-opt/root/6.38.00-2jf5cm/lib/root/libRDAVIX_rdict.pcm

TCling::LoadPCM       INFO In-memory ROOT PCM candidate /cvmfs/sw-nightlies.hsf.org/key4hep/releases/2025-12-21/x86_64-almalinux9-gcc14.2.0-opt/root/6.38.00-2jf5cm/lib/root/libRGL_rdict.pcm

TCling::LoadPCM       INFO In-memory ROOT PCM candidate /cvmfs/sw-nightlies.hsf.org/key4hep/releases/2025-12-21/x86_64-almalinux9-gcc14.2.0-opt/root/6.38.00-2jf5cm/lib/root/libRHTTPSniff_rdict.pcm

TCling::LoadPCM       INFO In-memory ROOT PCM candidate /cvmfs/sw-nightlies.hsf.org/key4hep/releases/2025-12-21/x86_64-almalinux9-gcc14.2.0-opt/root/6.38.00-2jf5cm/lib/root/libRHTTP_rdict.pcm

TCling::LoadPCM       INFO In-memory ROOT PCM candidate /cvmfs/sw-nightlies.hsf.org/key4hep/releases/2025-12-21/x86_64-almalinux9-gcc14.2.0-opt/root/6.38.00-2jf5cm/lib/root/libROOTBrowsable_rdict.pcm

TCling::LoadPCM       INFO In-memory ROOT PCM candidate /cvmfs/sw-nightlies.hsf.org/key4hep/releases/2025-12-21/x86_64-almalinux9-gcc14.2.0-opt/root/6.38.00-2jf5cm/lib/root/libROOTBrowserv7_rdict.pcm

TCling::LoadPCM       INFO In-memory ROOT PCM candidate /cvmfs/sw-nightlies.hsf.org/key4hep/releases/2025-12-21/x86_64-almalinux9-gcc14.2.0-opt/root/6.38.00-2jf5cm/lib/root/libROOTDataFrame_rdict.pcm

TCling::LoadPCM       INFO In-memory ROOT PCM candidate /cvmfs/sw-nightlies.hsf.org/key4hep/releases/2025-12-21/x86_64-almalinux9-gcc14.2.0-opt/root/6.38.00-2jf5cm/lib/root/libROOTEve_rdict.pcm

TCling::LoadPCM       INFO In-memory ROOT PCM candidate /cvmfs/sw-nightlies.hsf.org/key4hep/releases/2025-12-21/x86_64-almalinux9-gcc14.2.0-opt/root/6.38.00-2jf5cm/lib/root/libROOTFitPanelv7_rdict.pcm

TCling::LoadPCM       INFO In-memory ROOT PCM candidate /cvmfs/sw-nightlies.hsf.org/key4hep/releases/2025-12-21/x86_64-almalinux9-gcc14.2.0-opt/root/6.38.00-2jf5cm/lib/root/libROOTGeomViewer_rdict.pcm

TCling::LoadPCM       INFO In-memory ROOT PCM candidate /cvmfs/sw-nightlies.hsf.org/key4hep/releases/2025-12-21/x86_64-almalinux9-gcc14.2.0-opt/root/6.38.00-2jf5cm/lib/root/libROOTGpadv7_rdict.pcm

TCling::LoadPCM       INFO In-memory ROOT PCM candidate /cvmfs/sw-nightlies.hsf.org/key4hep/releases/2025-12-21/x86_64-almalinux9-gcc14.2.0-opt/root/6.38.00-2jf5cm/lib/root/libROOTGraphicsPrimitives_rdict.pcm

TCling::LoadPCM       INFO In-memory ROOT PCM candidate /cvmfs/sw-nightlies.hsf.org/key4hep/releases/2025-12-21/x86_64-almalinux9-gcc14.2.0-opt/root/6.38.00-2jf5cm/lib/root/libROOTHist_rdict.pcm

TCling::LoadPCM       INFO In-memory ROOT PCM candidate /cvmfs/sw-nightlies.hsf.org/key4hep/releases/2025-12-21/x86_64-almalinux9-gcc14.2.0-opt/root/6.38.00-2jf5cm/lib/root/libROOTNTupleBrowse_rdict.pcm

TCling::LoadPCM       INFO In-memory ROOT PCM candidate /cvmfs/sw-nightlies.hsf.org/key4hep/releases/2025-12-21/x86_64-almalinux9-gcc14.2.0-opt/root/6.38.00-2jf5cm/lib/root/libROOTNTupleUtil_rdict.pcm

TCling::LoadPCM       INFO In-memory ROOT PCM candidate /cvmfs/sw-nightlies.hsf.org/key4hep/releases/2025-12-21/x86_64-almalinux9-gcc14.2.0-opt/root/6.38.00-2jf5cm/lib/root/libROOTNTuple_rdict.pcm

TCling::LoadPCM       INFO In-memory ROOT PCM candidate /cvmfs/sw-nightlies.hsf.org/key4hep/releases/2025-12-21/x86_64-almalinux9-gcc14.2.0-opt/root/6.38.00-2jf5cm/lib/root/libROOTTMVASofie_rdict.pcm

TCling::LoadPCM       INFO In-memory ROOT PCM candidate /cvmfs/sw-nightlies.hsf.org/key4hep/releases/2025-12-21/x86_64-almalinux9-gcc14.2.0-opt/root/6.38.00-2jf5cm/lib/root/libROOTTPython_rdict.pcm

TCling::LoadPCM       INFO In-memory ROOT PCM candidate /cvmfs/sw-nightlies.hsf.org/key4hep/releases/2025-12-21/x86_64-almalinux9-gcc14.2.0-opt/root/6.38.00-2jf5cm/lib/root/libROOTTreeMap_rdict.pcm

TCling::LoadPCM       INFO In-memory ROOT PCM candidate /cvmfs/sw-nightlies.hsf.org/key4hep/releases/2025-12-21/x86_64-almalinux9-gcc14.2.0-opt/root/6.38.00-2jf5cm/lib/root/libROOTTreeViewer_rdict.pcm

TCling::LoadPCM       INFO In-memory ROOT PCM candidate /cvmfs/sw-nightlies.hsf.org/key4hep/releases/2025-12-21/x86_64-almalinux9-gcc14.2.0-opt/root/6.38.00-2jf5cm/lib/root/libROOTVecOps_rdict.pcm

TCling::LoadPCM       INFO In-memory ROOT PCM candidate /cvmfs/sw-nightlies.hsf.org/key4hep/releases/2025-12-21/x86_64-almalinux9-gcc14.2.0-opt/root/6.38.00-2jf5cm/lib/root/libROOTWebDisplay_rdict.pcm

TCling::LoadPCM       INFO In-memory ROOT PCM candidate /cvmfs/sw-nightlies.hsf.org/key4hep/releases/2025-12-21/x86_64-almalinux9-gcc14.2.0-opt/root/6.38.00-2jf5cm/lib/root/libRSQLite_rdict.pcm

TCling::LoadPCM       INFO In-memory ROOT PCM candidate /cvmfs/sw-nightlies.hsf.org/key4hep/releases/2025-12-21/x86_64-almalinux9-gcc14.2.0-opt/root/6.38.00-2jf5cm/lib/root/libRecorder_rdict.pcm

TCling::LoadPCM       INFO In-memory ROOT PCM candidate /cvmfs/sw-nightlies.hsf.org/key4hep/releases/2025-12-21/x86_64-almalinux9-gcc14.2.0-opt/root/6.38.00-2jf5cm/lib/root/libRooFitCodegen_rdict.pcm

TCling::LoadPCM       INFO In-memory ROOT PCM candidate /cvmfs/sw-nightlies.hsf.org/key4hep/releases/2025-12-21/x86_64-almalinux9-gcc14.2.0-opt/root/6.38.00-2jf5cm/lib/root/libRooFitCore_rdict.pcm

TCling::LoadPCM       INFO In-memory ROOT PCM candidate /cvmfs/sw-nightlies.hsf.org/key4hep/releases/2025-12-21/x86_64-almalinux9-gcc14.2.0-opt/root/6.38.00-2jf5cm/lib/root/libRooFitHS3_rdict.pcm

TCling::LoadPCM       INFO In-memory ROOT PCM candidate /cvmfs/sw-nightlies.hsf.org/key4hep/releases/2025-12-21/x86_64-almalinux9-gcc14.2.0-opt/root/6.38.00-2jf5cm/lib/root/libRooFitJSONInterface_rdict.pcm

TCling::LoadPCM       INFO In-memory ROOT PCM candidate /cvmfs/sw-nightlies.hsf.org/key4hep/releases/2025-12-21/x86_64-almalinux9-gcc14.2.0-opt/root/6.38.00-2jf5cm/lib/root/libRooFitMore_rdict.pcm

TCling::LoadPCM       INFO In-memory ROOT PCM candidate /cvmfs/sw-nightlies.hsf.org/key4hep/releases/2025-12-21/x86_64-almalinux9-gcc14.2.0-opt/root/6.38.00-2jf5cm/lib/root/libRooFitXRooFit_rdict.pcm

TCling::LoadPCM       INFO In-memory ROOT PCM candidate /cvmfs/sw-nightlies.hsf.org/key4hep/releases/2025-12-21/x86_64-almalinux9-gcc14.2.0-opt/root/6.38.00-2jf5cm/lib/root/libRooFit_rdict.pcm

TCling::LoadPCM       INFO In-memory ROOT PCM candidate /cvmfs/sw-nightlies.hsf.org/key4hep/releases/2025-12-21/x86_64-almalinux9-gcc14.2.0-opt/root/6.38.00-2jf5cm/lib/root/libRooStats_rdict.pcm

TCling::LoadPCM       INFO In-memory ROOT PCM candidate /cvmfs/sw-nightlies.hsf.org/key4hep/releases/2025-12-21/x86_64-almalinux9-gcc14.2.0-opt/root/6.38.00-2jf5cm/lib/root/libRootAuth_rdict.pcm

TCling::LoadPCM       INFO In-memory ROOT PCM candidate /cvmfs/sw-nightlies.hsf.org/key4hep/releases/2025-12-21/x86_64-almalinux9-gcc14.2.0-opt/root/6.38.00-2jf5cm/lib/root/libSPlot_rdict.pcm

TCling::LoadPCM       INFO In-memory ROOT PCM candidate /cvmfs/sw-nightlies.hsf.org/key4hep/releases/2025-12-21/x86_64-almalinux9-gcc14.2.0-opt/root/6.38.00-2jf5cm/lib/root/libSQLIO_rdict.pcm

TCling::LoadPCM       INFO In-memory ROOT PCM candidate /cvmfs/sw-nightlies.hsf.org/key4hep/releases/2025-12-21/x86_64-almalinux9-gcc14.2.0-opt/root/6.38.00-2jf5cm/lib/root/libSmatrix_G__Smatrix32_rdict.pcm

TCling::LoadPCM       INFO In-memory ROOT PCM candidate /cvmfs/sw-nightlies.hsf.org/key4hep/releases/2025-12-21/x86_64-almalinux9-gcc14.2.0-opt/root/6.38.00-2jf5cm/lib/root/libSmatrix_rdict.pcm

TCling::LoadPCM       INFO In-memory ROOT PCM candidate /cvmfs/sw-nightlies.hsf.org/key4hep/releases/2025-12-21/x86_64-almalinux9-gcc14.2.0-opt/root/6.38.00-2jf5cm/lib/root/libSpectrumPainter_rdict.pcm

TCling::LoadPCM       INFO In-memory ROOT PCM candidate /cvmfs/sw-nightlies.hsf.org/key4hep/releases/2025-12-21/x86_64-almalinux9-gcc14.2.0-opt/root/6.38.00-2jf5cm/lib/root/libSpectrum_rdict.pcm

TCling::LoadPCM       INFO In-memory ROOT PCM candidate /cvmfs/sw-nightlies.hsf.org/key4hep/releases/2025-12-21/x86_64-almalinux9-gcc14.2.0-opt/root/6.38.00-2jf5cm/lib/root/libTMVAGui_rdict.pcm

TCling::LoadPCM       INFO In-memory ROOT PCM candidate /cvmfs/sw-nightlies.hsf.org/key4hep/releases/2025-12-21/x86_64-almalinux9-gcc14.2.0-opt/root/6.38.00-2jf5cm/lib/root/libTMVAUtils_rdict.pcm

TCling::LoadPCM       INFO In-memory ROOT PCM candidate /cvmfs/sw-nightlies.hsf.org/key4hep/releases/2025-12-21/x86_64-almalinux9-gcc14.2.0-opt/root/6.38.00-2jf5cm/lib/root/libTMVA_rdict.pcm

TCling::LoadPCM       INFO In-memory ROOT PCM candidate /cvmfs/sw-nightlies.hsf.org/key4hep/releases/2025-12-21/x86_64-almalinux9-gcc14.2.0-opt/root/6.38.00-2jf5cm/lib/root/libTreePlayer_rdict.pcm

TCling::LoadPCM       INFO In-memory ROOT PCM candidate /cvmfs/sw-nightlies.hsf.org/key4hep/releases/2025-12-21/x86_64-almalinux9-gcc14.2.0-opt/root/6.38.00-2jf5cm/lib/root/libTreeViewer_rdict.pcm

TCling::LoadPCM       INFO In-memory ROOT PCM candidate /cvmfs/sw-nightlies.hsf.org/key4hep/releases/2025-12-21/x86_64-almalinux9-gcc14.2.0-opt/root/6.38.00-2jf5cm/lib/root/libTree_rdict.pcm

TCling::LoadPCM       INFO In-memory ROOT PCM candidate /cvmfs/sw-nightlies.hsf.org/key4hep/releases/2025-12-21/x86_64-almalinux9-gcc14.2.0-opt/root/6.38.00-2jf5cm/lib/root/libUnuran_rdict.pcm

TCling::LoadPCM       INFO In-memory ROOT PCM candidate /cvmfs/sw-nightlies.hsf.org/key4hep/releases/2025-12-21/x86_64-almalinux9-gcc14.2.0-opt/root/6.38.00-2jf5cm/lib/root/libWebGui6_rdict.pcm

TCling::LoadPCM       INFO In-memory ROOT PCM candidate /cvmfs/sw-nightlies.hsf.org/key4hep/releases/2025-12-21/x86_64-almalinux9-gcc14.2.0-opt/root/6.38.00-2jf5cm/lib/root/libX3d_rdict.pcm

TCling::LoadPCM       INFO In-memory ROOT PCM candidate /cvmfs/sw-nightlies.hsf.org/key4hep/releases/2025-12-21/x86_64-almalinux9-gcc14.2.0-opt/root/6.38.00-2jf5cm/lib/root/libXMLIO_rdict.pcm

TCling::LoadPCM       INFO In-memory ROOT PCM candidate /cvmfs/sw-nightlies.hsf.org/key4hep/releases/2025-12-21/x86_64-almalinux9-gcc14.2.0-opt/root/6.38.00-2jf5cm/lib/root/libXMLParser_rdict.pcm

TCling::LoadPCM      ERROR ROOT PCM /cvmfs/sw-nightlies.hsf.org/key4hep/releases/2025-12-21/x86_64-almalinux9-gcc14.2.0-opt/genfit/02-00-05-uvuy5c/lib64/libcoreRootDict_rdict.pcm file does not exist
TCling::LoadPCM       INFO In-memory ROOT PCM candidate /cvmfs/sw-nightlies.hsf.org/key4hep/releases/2025-12-21/x86_64-almalinux9-gcc14.2.0-opt/root/6.38.00-2jf5cm/lib/root/libASImageGui_rdict.pcm

TCling::LoadPCM       INFO In-memory ROOT PCM candidate /cvmfs/sw-nightlies.hsf.org/key4hep/releases/2025-12-21/x86_64-almalinux9-gcc14.2.0-opt/root/6.38.00-2jf5cm/lib/root/libASImage_rdict.pcm

TCling::LoadPCM       INFO In-memory ROOT PCM candidate /cvmfs/sw-nightlies.hsf.org/key4hep/releases/2025-12-21/x86_64-almalinux9-gcc14.2.0-opt/root/6.38.00-2jf5cm/lib/root/libEG_rdict.pcm

TCling::LoadPCM       INFO In-memory ROOT PCM candidate /cvmfs/sw-nightlies.hsf.org/key4hep/releases/2025-12-21/x86_64-almalinux9-gcc14.2.0-opt/root/6.38.00-2jf5cm/lib/root/libEve_rdict.pcm

TCling::LoadPCM       INFO In-memory ROOT PCM candidate /cvmfs/sw-nightlies.hsf.org/key4hep/releases/2025-12-21/x86_64-almalinux9-gcc14.2.0-opt/root/6.38.00-2jf5cm/lib/root/libFFTW_rdict.pcm

TCling::LoadPCM       INFO In-memory ROOT PCM candidate /cvmfs/sw-nightlies.hsf.org/key4hep/releases/2025-12-21/x86_64-almalinux9-gcc14.2.0-opt/root/6.38.00-2jf5cm/lib/root/libFitPanel_rdict.pcm

TCling::LoadPCM       INFO In-memory ROOT PCM candidate /cvmfs/sw-nightlies.hsf.org/key4hep/releases/2025-12-21/x86_64-almalinux9-gcc14.2.0-opt/root/6.38.00-2jf5cm/lib/root/libFoam_rdict.pcm

TCling::LoadPCM       INFO In-memory ROOT PCM candidate /cvmfs/sw-nightlies.hsf.org/key4hep/releases/2025-12-21/x86_64-almalinux9-gcc14.2.0-opt/root/6.38.00-2jf5cm/lib/root/libFumili_rdict.pcm

TCling::LoadPCM       INFO In-memory ROOT PCM candidate /cvmfs/sw-nightlies.hsf.org/key4hep/releases/2025-12-21/x86_64-almalinux9-gcc14.2.0-opt/root/6.38.00-2jf5cm/lib/root/libGX11TTF_rdict.pcm

TCling::LoadPCM       INFO In-memory ROOT PCM candidate /cvmfs/sw-nightlies.hsf.org/key4hep/releases/2025-12-21/x86_64-almalinux9-gcc14.2.0-opt/root/6.38.00-2jf5cm/lib/root/libGX11_rdict.pcm

TCling::LoadPCM       INFO In-memory ROOT PCM candidate /cvmfs/sw-nightlies.hsf.org/key4hep/releases/2025-12-21/x86_64-almalinux9-gcc14.2.0-opt/root/6.38.00-2jf5cm/lib/root/libGdml_rdict.pcm

TCling::LoadPCM       INFO In-memory ROOT PCM candidate /cvmfs/sw-nightlies.hsf.org/key4hep/releases/2025-12-21/x86_64-almalinux9-gcc14.2.0-opt/root/6.38.00-2jf5cm/lib/root/libGed_rdict.pcm

TCling::LoadPCM       INFO In-memory ROOT PCM candidate /cvmfs/sw-nightlies.hsf.org/key4hep/releases/2025-12-21/x86_64-almalinux9-gcc14.2.0-opt/root/6.38.00-2jf5cm/lib/root/libGenVector_G__GenVector32_rdict.pcm

TCling::LoadPCM       INFO In-memory ROOT PCM candidate /cvmfs/sw-nightlies.hsf.org/key4hep/releases/2025-12-21/x86_64-almalinux9-gcc14.2.0-opt/root/6.38.00-2jf5cm/lib/root/libGenVector_rdict.pcm

TCling::LoadPCM       INFO In-memory ROOT PCM candidate /cvmfs/sw-nightlies.hsf.org/key4hep/releases/2025-12-21/x86_64-almalinux9-gcc14.2.0-opt/root/6.38.00-2jf5cm/lib/root/libGenetic_rdict.pcm

TCling::LoadPCM       INFO In-memory ROOT PCM candidate /cvmfs/sw-nightlies.hsf.org/key4hep/releases/2025-12-21/x86_64-almalinux9-gcc14.2.0-opt/root/6.38.00-2jf5cm/lib/root/libGeomChecker_rdict.pcm

TCling::LoadPCM       INFO In-memory ROOT PCM candidate /cvmfs/sw-nightlies.hsf.org/key4hep/releases/2025-12-21/x86_64-almalinux9-gcc14.2.0-opt/root/6.38.00-2jf5cm/lib/root/libGeomPainter_rdict.pcm

TCling::LoadPCM       INFO In-memory ROOT PCM candidate /cvmfs/sw-nightlies.hsf.org/key4hep/releases/2025-12-21/x86_64-almalinux9-gcc14.2.0-opt/root/6.38.00-2jf5cm/lib/root/libGeom_rdict.pcm

TCling::LoadPCM       INFO In-memory ROOT PCM candidate /cvmfs/sw-nightlies.hsf.org/key4hep/releases/2025-12-21/x86_64-almalinux9-gcc14.2.0-opt/root/6.38.00-2jf5cm/lib/root/libGpad_rdict.pcm

TCling::LoadPCM       INFO In-memory ROOT PCM candidate /cvmfs/sw-nightlies.hsf.org/key4hep/releases/2025-12-21/x86_64-almalinux9-gcc14.2.0-opt/root/6.38.00-2jf5cm/lib/root/libGraf3d_rdict.pcm

TCling::LoadPCM       INFO In-memory ROOT PCM candidate /cvmfs/sw-nightlies.hsf.org/key4hep/releases/2025-12-21/x86_64-almalinux9-gcc14.2.0-opt/root/6.38.00-2jf5cm/lib/root/libGraf_rdict.pcm

TCling::LoadPCM       INFO In-memory ROOT PCM candidate /cvmfs/sw-nightlies.hsf.org/key4hep/releases/2025-12-21/x86_64-almalinux9-gcc14.2.0-opt/root/6.38.00-2jf5cm/lib/root/libGuiBld_rdict.pcm

TCling::LoadPCM       INFO In-memory ROOT PCM candidate /cvmfs/sw-nightlies.hsf.org/key4hep/releases/2025-12-21/x86_64-almalinux9-gcc14.2.0-opt/root/6.38.00-2jf5cm/lib/root/libGuiHtml_rdict.pcm

TCling::LoadPCM       INFO In-memory ROOT PCM candidate /cvmfs/sw-nightlies.hsf.org/key4hep/releases/2025-12-21/x86_64-almalinux9-gcc14.2.0-opt/root/6.38.00-2jf5cm/lib/root/libGui_rdict.pcm

TCling::LoadPCM       INFO In-memory ROOT PCM candidate /cvmfs/sw-nightlies.hsf.org/key4hep/releases/2025-12-21/x86_64-almalinux9-gcc14.2.0-opt/root/6.38.00-2jf5cm/lib/root/libGviz3d_rdict.pcm

TCling::LoadPCM       INFO In-memory ROOT PCM candidate /cvmfs/sw-nightlies.hsf.org/key4hep/releases/2025-12-21/x86_64-almalinux9-gcc14.2.0-opt/root/6.38.00-2jf5cm/lib/root/libHistFactory_rdict.pcm

TCling::LoadPCM       INFO In-memory ROOT PCM candidate /cvmfs/sw-nightlies.hsf.org/key4hep/releases/2025-12-21/x86_64-almalinux9-gcc14.2.0-opt/root/6.38.00-2jf5cm/lib/root/libHistPainter_rdict.pcm

TCling::LoadPCM       INFO In-memory ROOT PCM candidate /cvmfs/sw-nightlies.hsf.org/key4hep/releases/2025-12-21/x86_64-almalinux9-gcc14.2.0-opt/root/6.38.00-2jf5cm/lib/root/libHist_rdict.pcm

TCling::LoadPCM       INFO In-memory ROOT PCM candidate /cvmfs/sw-nightlies.hsf.org/key4hep/releases/2025-12-21/x86_64-almalinux9-gcc14.2.0-opt/root/6.38.00-2jf5cm/lib/root/libMLP_rdict.pcm

TCling::LoadPCM       INFO In-memory ROOT PCM candidate /cvmfs/sw-nightlies.hsf.org/key4hep/releases/2025-12-21/x86_64-almalinux9-gcc14.2.0-opt/root/6.38.00-2jf5cm/lib/root/libMathCore_rdict.pcm

TCling::LoadPCM       INFO In-memory ROOT PCM candidate /cvmfs/sw-nightlies.hsf.org/key4hep/releases/2025-12-21/x86_64-almalinux9-gcc14.2.0-opt/root/6.38.00-2jf5cm/lib/root/libMathMore_rdict.pcm

TCling::LoadPCM       INFO In-memory ROOT PCM candidate /cvmfs/sw-nightlies.hsf.org/key4hep/releases/2025-12-21/x86_64-almalinux9-gcc14.2.0-opt/root/6.38.00-2jf5cm/lib/root/libMatrix_rdict.pcm

TCling::LoadPCM       INFO In-memory ROOT PCM candidate /cvmfs/sw-nightlies.hsf.org/key4hep/releases/2025-12-21/x86_64-almalinux9-gcc14.2.0-opt/root/6.38.00-2jf5cm/lib/root/libMinuit2_rdict.pcm

TCling::LoadPCM       INFO In-memory ROOT PCM candidate /cvmfs/sw-nightlies.hsf.org/key4hep/releases/2025-12-21/x86_64-almalinux9-gcc14.2.0-opt/root/6.38.00-2jf5cm/lib/root/libMinuit_rdict.pcm

TCling::LoadPCM       INFO In-memory ROOT PCM candidate /cvmfs/sw-nightlies.hsf.org/key4hep/releases/2025-12-21/x86_64-almalinux9-gcc14.2.0-opt/root/6.38.00-2jf5cm/lib/root/libNet_rdict.pcm

TCling::LoadPCM       INFO In-memory ROOT PCM candidate /cvmfs/sw-nightlies.hsf.org/key4hep/releases/2025-12-21/x86_64-almalinux9-gcc14.2.0-opt/root/6.38.00-2jf5cm/lib/root/libNetxNG_rdict.pcm

TCling::LoadPCM       INFO In-memory ROOT PCM candidate /cvmfs/sw-nightlies.hsf.org/key4hep/releases/2025-12-21/x86_64-almalinux9-gcc14.2.0-opt/root/6.38.00-2jf5cm/lib/root/libPhysics_rdict.pcm

TCling::LoadPCM       INFO In-memory ROOT PCM candidate /cvmfs/sw-nightlies.hsf.org/key4hep/releases/2025-12-21/x86_64-almalinux9-gcc14.2.0-opt/root/6.38.00-2jf5cm/lib/root/libPostscript_rdict.pcm

TCling::LoadPCM       INFO In-memory ROOT PCM candidate /cvmfs/sw-nightlies.hsf.org/key4hep/releases/2025-12-21/x86_64-almalinux9-gcc14.2.0-opt/root/6.38.00-2jf5cm/lib/root/libQuadp_rdict.pcm

TCling::LoadPCM       INFO In-memory ROOT PCM candidate /cvmfs/sw-nightlies.hsf.org/key4hep/releases/2025-12-21/x86_64-almalinux9-gcc14.2.0-opt/root/6.38.00-2jf5cm/lib/root/libRCsg_rdict.pcm

TCling::LoadPCM       INFO In-memory ROOT PCM candidate /cvmfs/sw-nightlies.hsf.org/key4hep/releases/2025-12-21/x86_64-almalinux9-gcc14.2.0-opt/root/6.38.00-2jf5cm/lib/root/libRDAVIX_rdict.pcm

TCling::LoadPCM       INFO In-memory ROOT PCM candidate /cvmfs/sw-nightlies.hsf.org/key4hep/releases/2025-12-21/x86_64-almalinux9-gcc14.2.0-opt/root/6.38.00-2jf5cm/lib/root/libRGL_rdict.pcm

TCling::LoadPCM       INFO In-memory ROOT PCM candidate /cvmfs/sw-nightlies.hsf.org/key4hep/releases/2025-12-21/x86_64-almalinux9-gcc14.2.0-opt/root/6.38.00-2jf5cm/lib/root/libRHTTPSniff_rdict.pcm

TCling::LoadPCM       INFO In-memory ROOT PCM candidate /cvmfs/sw-nightlies.hsf.org/key4hep/releases/2025-12-21/x86_64-almalinux9-gcc14.2.0-opt/root/6.38.00-2jf5cm/lib/root/libRHTTP_rdict.pcm

TCling::LoadPCM       INFO In-memory ROOT PCM candidate /cvmfs/sw-nightlies.hsf.org/key4hep/releases/2025-12-21/x86_64-almalinux9-gcc14.2.0-opt/root/6.38.00-2jf5cm/lib/root/libROOTBrowsable_rdict.pcm

TCling::LoadPCM       INFO In-memory ROOT PCM candidate /cvmfs/sw-nightlies.hsf.org/key4hep/releases/2025-12-21/x86_64-almalinux9-gcc14.2.0-opt/root/6.38.00-2jf5cm/lib/root/libROOTBrowserv7_rdict.pcm

TCling::LoadPCM       INFO In-memory ROOT PCM candidate /cvmfs/sw-nightlies.hsf.org/key4hep/releases/2025-12-21/x86_64-almalinux9-gcc14.2.0-opt/root/6.38.00-2jf5cm/lib/root/libROOTDataFrame_rdict.pcm

TCling::LoadPCM       INFO In-memory ROOT PCM candidate /cvmfs/sw-nightlies.hsf.org/key4hep/releases/2025-12-21/x86_64-almalinux9-gcc14.2.0-opt/root/6.38.00-2jf5cm/lib/root/libROOTEve_rdict.pcm

TCling::LoadPCM       INFO In-memory ROOT PCM candidate /cvmfs/sw-nightlies.hsf.org/key4hep/releases/2025-12-21/x86_64-almalinux9-gcc14.2.0-opt/root/6.38.00-2jf5cm/lib/root/libROOTFitPanelv7_rdict.pcm

TCling::LoadPCM       INFO In-memory ROOT PCM candidate /cvmfs/sw-nightlies.hsf.org/key4hep/releases/2025-12-21/x86_64-almalinux9-gcc14.2.0-opt/root/6.38.00-2jf5cm/lib/root/libROOTGeomViewer_rdict.pcm

TCling::LoadPCM       INFO In-memory ROOT PCM candidate /cvmfs/sw-nightlies.hsf.org/key4hep/releases/2025-12-21/x86_64-almalinux9-gcc14.2.0-opt/root/6.38.00-2jf5cm/lib/root/libROOTGpadv7_rdict.pcm

TCling::LoadPCM       INFO In-memory ROOT PCM candidate /cvmfs/sw-nightlies.hsf.org/key4hep/releases/2025-12-21/x86_64-almalinux9-gcc14.2.0-opt/root/6.38.00-2jf5cm/lib/root/libROOTGraphicsPrimitives_rdict.pcm

TCling::LoadPCM       INFO In-memory ROOT PCM candidate /cvmfs/sw-nightlies.hsf.org/key4hep/releases/2025-12-21/x86_64-almalinux9-gcc14.2.0-opt/root/6.38.00-2jf5cm/lib/root/libROOTHist_rdict.pcm

TCling::LoadPCM       INFO In-memory ROOT PCM candidate /cvmfs/sw-nightlies.hsf.org/key4hep/releases/2025-12-21/x86_64-almalinux9-gcc14.2.0-opt/root/6.38.00-2jf5cm/lib/root/libROOTNTupleBrowse_rdict.pcm

TCling::LoadPCM       INFO In-memory ROOT PCM candidate /cvmfs/sw-nightlies.hsf.org/key4hep/releases/2025-12-21/x86_64-almalinux9-gcc14.2.0-opt/root/6.38.00-2jf5cm/lib/root/libROOTNTupleUtil_rdict.pcm

TCling::LoadPCM       INFO In-memory ROOT PCM candidate /cvmfs/sw-nightlies.hsf.org/key4hep/releases/2025-12-21/x86_64-almalinux9-gcc14.2.0-opt/root/6.38.00-2jf5cm/lib/root/libROOTNTuple_rdict.pcm

TCling::LoadPCM       INFO In-memory ROOT PCM candidate /cvmfs/sw-nightlies.hsf.org/key4hep/releases/2025-12-21/x86_64-almalinux9-gcc14.2.0-opt/root/6.38.00-2jf5cm/lib/root/libROOTTMVASofie_rdict.pcm

TCling::LoadPCM       INFO In-memory ROOT PCM candidate /cvmfs/sw-nightlies.hsf.org/key4hep/releases/2025-12-21/x86_64-almalinux9-gcc14.2.0-opt/root/6.38.00-2jf5cm/lib/root/libROOTTPython_rdict.pcm

TCling::LoadPCM       INFO In-memory ROOT PCM candidate /cvmfs/sw-nightlies.hsf.org/key4hep/releases/2025-12-21/x86_64-almalinux9-gcc14.2.0-opt/root/6.38.00-2jf5cm/lib/root/libROOTTreeMap_rdict.pcm

TCling::LoadPCM       INFO In-memory ROOT PCM candidate /cvmfs/sw-nightlies.hsf.org/key4hep/releases/2025-12-21/x86_64-almalinux9-gcc14.2.0-opt/root/6.38.00-2jf5cm/lib/root/libROOTTreeViewer_rdict.pcm

TCling::LoadPCM       INFO In-memory ROOT PCM candidate /cvmfs/sw-nightlies.hsf.org/key4hep/releases/2025-12-21/x86_64-almalinux9-gcc14.2.0-opt/root/6.38.00-2jf5cm/lib/root/libROOTVecOps_rdict.pcm

TCling::LoadPCM       INFO In-memory ROOT PCM candidate /cvmfs/sw-nightlies.hsf.org/key4hep/releases/2025-12-21/x86_64-almalinux9-gcc14.2.0-opt/root/6.38.00-2jf5cm/lib/root/libROOTWebDisplay_rdict.pcm

TCling::LoadPCM       INFO In-memory ROOT PCM candidate /cvmfs/sw-nightlies.hsf.org/key4hep/releases/2025-12-21/x86_64-almalinux9-gcc14.2.0-opt/root/6.38.00-2jf5cm/lib/root/libRSQLite_rdict.pcm

TCling::LoadPCM       INFO In-memory ROOT PCM candidate /cvmfs/sw-nightlies.hsf.org/key4hep/releases/2025-12-21/x86_64-almalinux9-gcc14.2.0-opt/root/6.38.00-2jf5cm/lib/root/libRecorder_rdict.pcm

TCling::LoadPCM       INFO In-memory ROOT PCM candidate /cvmfs/sw-nightlies.hsf.org/key4hep/releases/2025-12-21/x86_64-almalinux9-gcc14.2.0-opt/root/6.38.00-2jf5cm/lib/root/libRooFitCodegen_rdict.pcm

TCling::LoadPCM       INFO In-memory ROOT PCM candidate /cvmfs/sw-nightlies.hsf.org/key4hep/releases/2025-12-21/x86_64-almalinux9-gcc14.2.0-opt/root/6.38.00-2jf5cm/lib/root/libRooFitCore_rdict.pcm

TCling::LoadPCM       INFO In-memory ROOT PCM candidate /cvmfs/sw-nightlies.hsf.org/key4hep/releases/2025-12-21/x86_64-almalinux9-gcc14.2.0-opt/root/6.38.00-2jf5cm/lib/root/libRooFitHS3_rdict.pcm

TCling::LoadPCM       INFO In-memory ROOT PCM candidate /cvmfs/sw-nightlies.hsf.org/key4hep/releases/2025-12-21/x86_64-almalinux9-gcc14.2.0-opt/root/6.38.00-2jf5cm/lib/root/libRooFitJSONInterface_rdict.pcm

TCling::LoadPCM       INFO In-memory ROOT PCM candidate /cvmfs/sw-nightlies.hsf.org/key4hep/releases/2025-12-21/x86_64-almalinux9-gcc14.2.0-opt/root/6.38.00-2jf5cm/lib/root/libRooFitMore_rdict.pcm

TCling::LoadPCM       INFO In-memory ROOT PCM candidate /cvmfs/sw-nightlies.hsf.org/key4hep/releases/2025-12-21/x86_64-almalinux9-gcc14.2.0-opt/root/6.38.00-2jf5cm/lib/root/libRooFitXRooFit_rdict.pcm

TCling::LoadPCM       INFO In-memory ROOT PCM candidate /cvmfs/sw-nightlies.hsf.org/key4hep/releases/2025-12-21/x86_64-almalinux9-gcc14.2.0-opt/root/6.38.00-2jf5cm/lib/root/libRooFit_rdict.pcm

TCling::LoadPCM       INFO In-memory ROOT PCM candidate /cvmfs/sw-nightlies.hsf.org/key4hep/releases/2025-12-21/x86_64-almalinux9-gcc14.2.0-opt/root/6.38.00-2jf5cm/lib/root/libRooStats_rdict.pcm

TCling::LoadPCM       INFO In-memory ROOT PCM candidate /cvmfs/sw-nightlies.hsf.org/key4hep/releases/2025-12-21/x86_64-almalinux9-gcc14.2.0-opt/root/6.38.00-2jf5cm/lib/root/libRootAuth_rdict.pcm

TCling::LoadPCM       INFO In-memory ROOT PCM candidate /cvmfs/sw-nightlies.hsf.org/key4hep/releases/2025-12-21/x86_64-almalinux9-gcc14.2.0-opt/root/6.38.00-2jf5cm/lib/root/libSPlot_rdict.pcm

TCling::LoadPCM       INFO In-memory ROOT PCM candidate /cvmfs/sw-nightlies.hsf.org/key4hep/releases/2025-12-21/x86_64-almalinux9-gcc14.2.0-opt/root/6.38.00-2jf5cm/lib/root/libSQLIO_rdict.pcm

TCling::LoadPCM       INFO In-memory ROOT PCM candidate /cvmfs/sw-nightlies.hsf.org/key4hep/releases/2025-12-21/x86_64-almalinux9-gcc14.2.0-opt/root/6.38.00-2jf5cm/lib/root/libSmatrix_G__Smatrix32_rdict.pcm

TCling::LoadPCM       INFO In-memory ROOT PCM candidate /cvmfs/sw-nightlies.hsf.org/key4hep/releases/2025-12-21/x86_64-almalinux9-gcc14.2.0-opt/root/6.38.00-2jf5cm/lib/root/libSmatrix_rdict.pcm

TCling::LoadPCM       INFO In-memory ROOT PCM candidate /cvmfs/sw-nightlies.hsf.org/key4hep/releases/2025-12-21/x86_64-almalinux9-gcc14.2.0-opt/root/6.38.00-2jf5cm/lib/root/libSpectrumPainter_rdict.pcm

TCling::LoadPCM       INFO In-memory ROOT PCM candidate /cvmfs/sw-nightlies.hsf.org/key4hep/releases/2025-12-21/x86_64-almalinux9-gcc14.2.0-opt/root/6.38.00-2jf5cm/lib/root/libSpectrum_rdict.pcm

TCling::LoadPCM       INFO In-memory ROOT PCM candidate /cvmfs/sw-nightlies.hsf.org/key4hep/releases/2025-12-21/x86_64-almalinux9-gcc14.2.0-opt/root/6.38.00-2jf5cm/lib/root/libTMVAGui_rdict.pcm

TCling::LoadPCM       INFO In-memory ROOT PCM candidate /cvmfs/sw-nightlies.hsf.org/key4hep/releases/2025-12-21/x86_64-almalinux9-gcc14.2.0-opt/root/6.38.00-2jf5cm/lib/root/libTMVAUtils_rdict.pcm

TCling::LoadPCM       INFO In-memory ROOT PCM candidate /cvmfs/sw-nightlies.hsf.org/key4hep/releases/2025-12-21/x86_64-almalinux9-gcc14.2.0-opt/root/6.38.00-2jf5cm/lib/root/libTMVA_rdict.pcm

TCling::LoadPCM       INFO In-memory ROOT PCM candidate /cvmfs/sw-nightlies.hsf.org/key4hep/releases/2025-12-21/x86_64-almalinux9-gcc14.2.0-opt/root/6.38.00-2jf5cm/lib/root/libTreePlayer_rdict.pcm

TCling::LoadPCM       INFO In-memory ROOT PCM candidate /cvmfs/sw-nightlies.hsf.org/key4hep/releases/2025-12-21/x86_64-almalinux9-gcc14.2.0-opt/root/6.38.00-2jf5cm/lib/root/libTreeViewer_rdict.pcm

TCling::LoadPCM       INFO In-memory ROOT PCM candidate /cvmfs/sw-nightlies.hsf.org/key4hep/releases/2025-12-21/x86_64-almalinux9-gcc14.2.0-opt/root/6.38.00-2jf5cm/lib/root/libTree_rdict.pcm

TCling::LoadPCM       INFO In-memory ROOT PCM candidate /cvmfs/sw-nightlies.hsf.org/key4hep/releases/2025-12-21/x86_64-almalinux9-gcc14.2.0-opt/root/6.38.00-2jf5cm/lib/root/libUnuran_rdict.pcm

TCling::LoadPCM       INFO In-memory ROOT PCM candidate /cvmfs/sw-nightlies.hsf.org/key4hep/releases/2025-12-21/x86_64-almalinux9-gcc14.2.0-opt/root/6.38.00-2jf5cm/lib/root/libWebGui6_rdict.pcm

TCling::LoadPCM       INFO In-memory ROOT PCM candidate /cvmfs/sw-nightlies.hsf.org/key4hep/releases/2025-12-21/x86_64-almalinux9-gcc14.2.0-opt/root/6.38.00-2jf5cm/lib/root/libX3d_rdict.pcm

TCling::LoadPCM       INFO In-memory ROOT PCM candidate /cvmfs/sw-nightlies.hsf.org/key4hep/releases/2025-12-21/x86_64-almalinux9-gcc14.2.0-opt/root/6.38.00-2jf5cm/lib/root/libXMLIO_rdict.pcm

TCling::LoadPCM       INFO In-memory ROOT PCM candidate /cvmfs/sw-nightlies.hsf.org/key4hep/releases/2025-12-21/x86_64-almalinux9-gcc14.2.0-opt/root/6.38.00-2jf5cm/lib/root/libXMLParser_rdict.pcm

IOSvc                 INFO Setting metadata frame
GenfitTrackFitter    DEBUG Property update for OutputLevel : new value = 2
GenfitTrackFitter    DEBUG input handles: 1
GenfitTrackFitter    DEBUG output handles: 5
GenfitTrackFitter    DEBUG data dependencies:
  + INPUT  'CDCHTracks'
  + OUTPUT 'Fitted_tracks_electron'
  + OUTPUT 'Fitted_tracks_kaon'
  + OUTPUT 'Fitted_tracks_muon'
  + OUTPUT 'Fitted_tracks_pion'
  + OUTPUT 'Fitted_tracks_proton'
ApplicationMgr        INFO Application Manager Initialized successfully
ApplicationMgr        INFO Application Manager Started successfully
GenfitTrackFitter     INFO Event number: 0
GenfitTrackFitter    DEBUG Number of hits in the track: 60
GENFIT PDG: 11
GenfitTrackFitter    DEBUG GENFIT Omega: -6.49853e-06
GenfitTrackFitter    DEBUG GENFIT Phi: 2.99667
GenfitTrackFitter    DEBUG GENFIT tanLambda: 0.577393
GenfitTrackFitter    DEBUG GENFIT Momentum: [ -91.2976 13.3242 53.273 ] -> 106.54
GenfitTrackFitter    DEBUG GENFIT pt: 92.2647
GenfitTrackFitter    DEBUG GENFIT cosTheta: 0.500028
GenfitTrackFitter    DEBUG GENFIT Chi2: 102.993, GENFIT NDF: 109, GENFIT Chi2/NDF: 0.944893
GenfitTrackFitter    DEBUG Number of hits in GENFIT track: 60
GenfitTrackFitter    DEBUG 
GenfitTrackFitter    DEBUG Number of hits in the track: 60
GENFIT PDG: 13
GenfitTrackFitter    DEBUG GENFIT Omega: -6.49847e-06
GenfitTrackFitter    DEBUG GENFIT Phi: 2.99667
GenfitTrackFitter    DEBUG GENFIT tanLambda: 0.577393
GenfitTrackFitter    DEBUG GENFIT Momentum: [ -91.2984 13.3243 53.2735 ] -> 106.541
GenfitTrackFitter    DEBUG GENFIT pt: 92.2655
GenfitTrackFitter    DEBUG GENFIT cosTheta: 0.500028
GenfitTrackFitter    DEBUG GENFIT Chi2: 102.993, GENFIT NDF: 109, GENFIT Chi2/NDF: 0.94489
GenfitTrackFitter    DEBUG Number of hits in GENFIT track: 60
GenfitTrackFitter    DEBUG 
GenfitTrackFitter    DEBUG Number of hits in the track: 60
GENFIT PDG: 211
GenfitTrackFitter    DEBUG GENFIT Omega: 6.49847e-06
GenfitTrackFitter    DEBUG GENFIT Phi: 2.99667
GenfitTrackFitter    DEBUG GENFIT tanLambda: 0.577393
GenfitTrackFitter    DEBUG GENFIT Momentum: [ -91.2984 13.3244 53.2735 ] -> 106.541
GenfitTrackFitter    DEBUG GENFIT pt: 92.2656
GenfitTrackFitter    DEBUG GENFIT cosTheta: 0.500028
GenfitTrackFitter    DEBUG GENFIT Chi2: 102.994, GENFIT NDF: 109, GENFIT Chi2/NDF: 0.944899
GenfitTrackFitter    DEBUG Number of hits in GENFIT track: 60
GenfitTrackFitter    DEBUG 
GenfitTrackFitter    DEBUG Number of hits in the track: 60
GENFIT PDG: 321
GenfitTrackFitter    DEBUG GENFIT Omega: 6.49845e-06
GenfitTrackFitter    DEBUG GENFIT Phi: 2.99667
GenfitTrackFitter    DEBUG GENFIT tanLambda: 0.577393
GenfitTrackFitter    DEBUG GENFIT Momentum: [ -91.2987 13.3244 53.2737 ] -> 106.541
GenfitTrackFitter    DEBUG GENFIT pt: 92.2659
GenfitTrackFitter    DEBUG GENFIT cosTheta: 0.500028
GenfitTrackFitter    DEBUG GENFIT Chi2: 102.993, GENFIT NDF: 109, GENFIT Chi2/NDF: 0.944889
GenfitTrackFitter    DEBUG Number of hits in GENFIT track: 60
GenfitTrackFitter    DEBUG 
GenfitTrackFitter    DEBUG Number of hits in the track: 60
GENFIT PDG: 2212
GenfitTrackFitter    DEBUG GENFIT Omega: 6.49844e-06
GenfitTrackFitter    DEBUG GENFIT Phi: 2.99667
GenfitTrackFitter    DEBUG GENFIT tanLambda: 0.577393
GenfitTrackFitter    DEBUG GENFIT Momentum: [ -91.2989 13.3244 53.2738 ] -> 106.542
GenfitTrackFitter    DEBUG GENFIT pt: 92.266
GenfitTrackFitter    DEBUG GENFIT cosTheta: 0.500028
GenfitTrackFitter    DEBUG GENFIT Chi2: 102.993, GENFIT NDF: 109, GENFIT Chi2/NDF: 0.944894
GenfitTrackFitter    DEBUG Number of hits in GENFIT track: 60
GenfitTrackFitter    DEBUG 
GenfitTrackFitter    DEBUG ----------------

GenfitTrackFitter    DEBUG Number of hits in the track: 5
GENFIT PDG: 11
GenfitTrackFitter    DEBUG GENFIT Chi2: -1, GENFIT NDF: -1, GENFIT Chi2/NDF: -1
GenfitTrackFitter    DEBUG Number of hits in the track: 5
GENFIT PDG: 13
GenfitTrackFitter    DEBUG GENFIT Chi2: -1, GENFIT NDF: -1, GENFIT Chi2/NDF: -1
GenfitTrackFitter    DEBUG Number of hits in the track: 5
GENFIT PDG: 211
GenfitTrackFitter    DEBUG GENFIT Chi2: -1, GENFIT NDF: -1, GENFIT Chi2/NDF: -1
GenfitTrackFitter    DEBUG Number of hits in the track: 5
GENFIT PDG: 321
GenfitTrackFitter    DEBUG GENFIT Chi2: -1, GENFIT NDF: -1, GENFIT Chi2/NDF: -1
GenfitTrackFitter    DEBUG Number of hits in the track: 5
GENFIT PDG: 2212
GenfitTrackFitter    DEBUG GENFIT Chi2: -1, GENFIT NDF: -1, GENFIT Chi2/NDF: -1
GenfitTrackFitter    DEBUG ----------------

GenfitTrackFitter     INFO Event number: 1
GenfitTrackFitter    DEBUG Number of hits in the track: 76
GENFIT PDG: 11
GenfitTrackFitter    DEBUG GENFIT Omega: -1.32348e-05
GenfitTrackFitter    DEBUG GENFIT Phi: -0.0984921
GenfitTrackFitter    DEBUG GENFIT tanLambda: 0.577281
GenfitTrackFitter    DEBUG GENFIT Momentum: [ 45.0841 -4.45484 26.153 ] -> 52.3106
GenfitTrackFitter    DEBUG GENFIT pt: 45.3037
GenfitTrackFitter    DEBUG GENFIT cosTheta: 0.499955
GenfitTrackFitter    DEBUG GENFIT Chi2: 155.4, GENFIT NDF: 138, GENFIT Chi2/NDF: 1.12609
GenfitTrackFitter    DEBUG Number of hits in GENFIT track: 76
GenfitTrackFitter    DEBUG 
GenfitTrackFitter    DEBUG Number of hits in the track: 76
GENFIT PDG: 13
GenfitTrackFitter    DEBUG GENFIT Omega: -1.32346e-05
GenfitTrackFitter    DEBUG GENFIT Phi: -0.0984921
GenfitTrackFitter    DEBUG GENFIT tanLambda: 0.577281
GenfitTrackFitter    DEBUG GENFIT Momentum: [ 45.0849 -4.45492 26.1534 ] -> 52.3115
GenfitTrackFitter    DEBUG GENFIT pt: 45.3045
GenfitTrackFitter    DEBUG GENFIT cosTheta: 0.499955
GenfitTrackFitter    DEBUG GENFIT Chi2: 155.402, GENFIT NDF: 138, GENFIT Chi2/NDF: 1.1261
GenfitTrackFitter    DEBUG Number of hits in GENFIT track: 76
GenfitTrackFitter    DEBUG 
GenfitTrackFitter    DEBUG Number of hits in the track: 76
GENFIT PDG: 211
GenfitTrackFitter    DEBUG GENFIT Omega: 1.32345e-05
GenfitTrackFitter    DEBUG GENFIT Phi: -0.0984921
GenfitTrackFitter    DEBUG GENFIT tanLambda: 0.577281
GenfitTrackFitter    DEBUG GENFIT Momentum: [ 45.085 -4.45493 26.1535 ] -> 52.3116
GenfitTrackFitter    DEBUG GENFIT pt: 45.3045
GenfitTrackFitter    DEBUG GENFIT cosTheta: 0.499955
GenfitTrackFitter    DEBUG GENFIT Chi2: 155.401, GENFIT NDF: 138, GENFIT Chi2/NDF: 1.12609
GenfitTrackFitter    DEBUG Number of hits in GENFIT track: 76
GenfitTrackFitter    DEBUG 
GenfitTrackFitter    DEBUG Number of hits in the track: 76
GENFIT PDG: 321
GenfitTrackFitter    DEBUG GENFIT Omega: 1.32345e-05
GenfitTrackFitter    DEBUG GENFIT Phi: -0.0984921
GenfitTrackFitter    DEBUG GENFIT tanLambda: 0.577281
GenfitTrackFitter    DEBUG GENFIT Momentum: [ 45.0853 -4.45496 26.1536 ] -> 52.3119
GenfitTrackFitter    DEBUG GENFIT pt: 45.3048
GenfitTrackFitter    DEBUG GENFIT cosTheta: 0.499955
GenfitTrackFitter    DEBUG GENFIT Chi2: 155.4, GENFIT NDF: 138, GENFIT Chi2/NDF: 1.12609
GenfitTrackFitter    DEBUG Number of hits in GENFIT track: 76
GenfitTrackFitter    DEBUG 
GenfitTrackFitter    DEBUG Number of hits in the track: 76
GENFIT PDG: 2212
GenfitTrackFitter    DEBUG GENFIT Omega: 1.32344e-05
GenfitTrackFitter    DEBUG GENFIT Phi: -0.0984921
GenfitTrackFitter    DEBUG GENFIT tanLambda: 0.577281
GenfitTrackFitter    DEBUG GENFIT Momentum: [ 45.0854 -4.45497 26.1537 ] -> 52.3121
GenfitTrackFitter    DEBUG GENFIT pt: 45.305
GenfitTrackFitter    DEBUG GENFIT cosTheta: 0.499955
GenfitTrackFitter    DEBUG GENFIT Chi2: 155.404, GENFIT NDF: 138, GENFIT Chi2/NDF: 1.12611
GenfitTrackFitter    DEBUG Number of hits in GENFIT track: 76
GenfitTrackFitter    DEBUG 
GenfitTrackFitter    DEBUG ----------------

GenfitTrackFitter     INFO Event number: 2
GenfitTrackFitter    DEBUG Number of hits in the track: 74
GENFIT PDG: 11
GenfitTrackFitter    DEBUG GENFIT Omega: -1.71839e-05
GenfitTrackFitter    DEBUG GENFIT Phi: 1.09064
GenfitTrackFitter    DEBUG GENFIT tanLambda: 0.57849
GenfitTrackFitter    DEBUG GENFIT Momentum: [ 16.1173 30.9467 20.1848 ] -> 40.3099
GenfitTrackFitter    DEBUG GENFIT pt: 34.8922
GenfitTrackFitter    DEBUG GENFIT cosTheta: 0.50074
GenfitTrackFitter    DEBUG GENFIT Chi2: 34.6889, GENFIT NDF: 18, GENFIT Chi2/NDF: 1.92716
GenfitTrackFitter    DEBUG Number of hits in GENFIT track: 74
GenfitTrackFitter    DEBUG 
GenfitTrackFitter    DEBUG Number of hits in the track: 74
GENFIT PDG: 13
GenfitTrackFitter    DEBUG GENFIT Omega: -2.58334e-05
GenfitTrackFitter    DEBUG GENFIT Phi: 1.08168
GenfitTrackFitter    DEBUG GENFIT tanLambda: 0.57638
GenfitTrackFitter    DEBUG GENFIT Momentum: [ 10.9049 20.4883 13.3776 ] -> 26.7889
GenfitTrackFitter    DEBUG GENFIT pt: 23.2096
GenfitTrackFitter    DEBUG GENFIT cosTheta: 0.499369
GenfitTrackFitter    DEBUG GENFIT Chi2: 29.7242, GENFIT NDF: 16, GENFIT Chi2/NDF: 1.85776
GenfitTrackFitter    DEBUG Number of hits in GENFIT track: 74
GenfitTrackFitter    DEBUG 
GenfitTrackFitter    DEBUG Number of hits in the track: 74
GENFIT PDG: 211
GenfitTrackFitter    DEBUG GENFIT Omega: 6.97414e-06
GenfitTrackFitter    DEBUG GENFIT Phi: 1.10054
GenfitTrackFitter    DEBUG GENFIT tanLambda: 0.573838
GenfitTrackFitter    DEBUG GENFIT Momentum: [ 38.9553 76.6406 49.3343 ] -> 99.122
GenfitTrackFitter    DEBUG GENFIT pt: 85.9726
GenfitTrackFitter    DEBUG GENFIT cosTheta: 0.497713
GenfitTrackFitter    DEBUG GENFIT Chi2: 18.7524, GENFIT NDF: 11, GENFIT Chi2/NDF: 1.70477
GenfitTrackFitter    DEBUG Number of hits in GENFIT track: 74
GenfitTrackFitter    DEBUG 
GenfitTrackFitter    DEBUG Number of hits in the track: 74
GENFIT PDG: 321
GenfitTrackFitter    DEBUG GENFIT Omega: 1.27682e-05
GenfitTrackFitter    DEBUG GENFIT Phi: 1.09503
GenfitTrackFitter    DEBUG GENFIT tanLambda: 0.57392
GenfitTrackFitter    DEBUG GENFIT Momentum: [ 21.5083 41.7441 26.9509 ] -> 54.1435
GenfitTrackFitter    DEBUG GENFIT pt: 46.9593
GenfitTrackFitter    DEBUG GENFIT cosTheta: 0.497767
GenfitTrackFitter    DEBUG GENFIT Chi2: 60.3157, GENFIT NDF: 22, GENFIT Chi2/NDF: 2.74162
GenfitTrackFitter    DEBUG Number of hits in GENFIT track: 74
GenfitTrackFitter    DEBUG 
GenfitTrackFitter    DEBUG Number of hits in the track: 74
GENFIT PDG: 2212
GenfitTrackFitter    DEBUG GENFIT Omega: 1.14482e-05
GenfitTrackFitter    DEBUG GENFIT Phi: 1.09536
GenfitTrackFitter    DEBUG GENFIT tanLambda: 0.577401
GenfitTrackFitter    DEBUG GENFIT Momentum: [ 23.9728 46.5651 30.2406 ] -> 60.4773
GenfitTrackFitter    DEBUG GENFIT pt: 52.3737
GenfitTrackFitter    DEBUG GENFIT cosTheta: 0.500033
GenfitTrackFitter    DEBUG GENFIT Chi2: 81.651, GENFIT NDF: 74, GENFIT Chi2/NDF: 1.10339
GenfitTrackFitter    DEBUG Number of hits in GENFIT track: 74
GenfitTrackFitter    DEBUG 
GenfitTrackFitter    DEBUG ----------------

EventLoopMgr       SUCCESS Terminating event processing loop due to scheduled stop
ApplicationMgr        INFO Application Manager Stopped successfully
GenfitTrackFitter     INFO Run report:
GenfitTrackFitter     INFO Number of successes: -1/4
GenfitTrackFitter     INFO ----------------

*****Chrono*****      INFO ****************************************************************************************************
*****Chrono*****      INFO  The Final CPU consumption ( Chrono ) Table (ordered)
*****Chrono*****      INFO ****************************************************************************************************
ChronoStatSvc         INFO Time User   : Tot= 4.89  [s]  #=  1
*****Chrono*****      INFO ****************************************************************************************************
ChronoStatSvc.f...    INFO  Service finalized successfully 
ApplicationMgr        INFO Application Manager Finalized successfully
ApplicationMgr        INFO Application Manager Terminated successfully with a user requested ScheduledStop
